[INFO]2024-07-08 00:03:38,405 - Closing JPA EntityManagerFactory for persistence unit 'default'
[INFO]2024-07-08 00:03:38,413 - HikariPool-1 - Shutdown initiated...
[INFO]2024-07-08 00:03:38,417 - HikariPool-1 - Shutdown completed.
[INFO]2024-07-08 09:07:35,240 - Starting SpringbootApplication using Java 20.0.1 on LAPTOP-L2BN52PD with PID 39180 (E:\shixi\springboot\target\classes started by jiaoy in E:\shixi\springboot)
[INFO]2024-07-08 09:07:35,241 - No active profile set, falling back to 1 default profile: "default"
[INFO]2024-07-08 09:07:35,302 - Devtools property defaults active! Set 'spring.devtools.add-properties' to 'false' to disable
[INFO]2024-07-08 09:07:35,302 - For additional web related logging consider setting the 'logging.level.web' property to 'DEBUG'
[INFO]2024-07-08 09:07:36,697 - Multiple Spring Data modules found, entering strict repository configuration mode
[INFO]2024-07-08 09:07:36,697 - Bootstrapping Spring Data JPA repositories in DEFAULT mode.
[INFO]2024-07-08 09:07:36,715 - Finished Spring Data repository scanning in 8 ms. Found 0 JPA repository interfaces.
[INFO]2024-07-08 09:07:36,731 - Multiple Spring Data modules found, entering strict repository configuration mode
[INFO]2024-07-08 09:07:36,732 - Bootstrapping Spring Data Redis repositories in DEFAULT mode.
[INFO]2024-07-08 09:07:36,751 - Finished Spring Data repository scanning in 8 ms. Found 0 Redis repository interfaces.
[INFO]2024-07-08 09:07:37,440 - Tomcat initialized with port(s): 8080 (http)
[INFO]2024-07-08 09:07:37,441 - Loaded Apache Tomcat Native library [1.3.0] using APR version [1.7.4].
[INFO]2024-07-08 09:07:37,441 - APR capabilities: IPv6 [true], sendfile [true], accept filters [false], random [true], UDS [true].
[INFO]2024-07-08 09:07:37,442 - APR/OpenSSL configuration: useAprConnector [false], useOpenSSL [true]
[INFO]2024-07-08 09:07:37,464 - OpenSSL successfully initialized [OpenSSL 3.0.13 30 Jan 2024]
[INFO]2024-07-08 09:07:37,473 - Initializing ProtocolHandler ["http-nio-8080"]
[INFO]2024-07-08 09:07:37,475 - Starting service [Tomcat]
[INFO]2024-07-08 09:07:37,475 - Starting Servlet engine: [Apache Tomcat/9.0.76]
[INFO]2024-07-08 09:07:37,548 - Initializing Spring embedded WebApplicationContext
[INFO]2024-07-08 09:07:37,548 - Root WebApplicationContext: initialization completed in 2245 ms
[INFO]2024-07-08 09:07:37,695 - HikariPool-1 - Starting...
[WARN]2024-07-08 09:07:37,697 - Registered driver with driverClassName=com.mysql.jdbc.Driver was not found, trying direct instantiation.
[INFO]2024-07-08 09:07:37,829 - HikariPool-1 - Start completed.
[INFO]2024-07-08 09:07:37,913 - HHH000412: Hibernate ORM core version 5.6.15.Final
[INFO]2024-07-08 09:07:38,047 - HCANN000001: Hibernate Commons Annotations {5.1.2.Final}
[INFO]2024-07-08 09:07:38,143 - HHH000400: Using dialect: org.hibernate.dialect.MySQL55Dialect
[INFO]2024-07-08 09:07:38,278 - HHH000490: Using JtaPlatform implementation: [org.hibernate.engine.transaction.jta.platform.internal.NoJtaPlatform]
[INFO]2024-07-08 09:07:38,288 - Initialized JPA EntityManagerFactory for persistence unit 'default'
[INFO]2024-07-08 09:07:39,076 - 自定义Redis配置--
[WARN]2024-07-08 09:07:39,140 - spring.jpa.open-in-view is enabled by default. Therefore, database queries may be performed during view rendering. Explicitly configure spring.jpa.open-in-view to disable this warning
[INFO]2024-07-08 09:07:39,307 - Adding welcome page template: index
[INFO]2024-07-08 09:07:39,625 - LiveReload server is running on port 35729
[INFO]2024-07-08 09:07:39,655 - Starting ProtocolHandler ["http-nio-8080"]
[INFO]2024-07-08 09:07:39,677 - Tomcat started on port(s): 8080 (http) with context path ''
[INFO]2024-07-08 09:07:39,701 - Started SpringbootApplication in 4.906 seconds (JVM running for 9.844)
[INFO]2024-07-08 09:07:45,029 - Initializing Spring DispatcherServlet 'dispatcherServlet'
[INFO]2024-07-08 09:07:45,029 - Initializing Servlet 'dispatcherServlet'
[INFO]2024-07-08 09:07:45,031 - Completed initialization in 2 ms
[WARN]2024-07-08 09:27:39,331 - Resolved [org.springframework.web.HttpMediaTypeNotSupportedException: Content type 'application/x-www-form-urlencoded;charset=UTF-8' not supported]
[WARN]2024-07-08 09:27:39,331 - Resolved [org.springframework.web.HttpMediaTypeNotSupportedException: Content type 'application/x-www-form-urlencoded;charset=UTF-8' not supported]
[WARN]2024-07-08 09:27:39,332 - Resolved [org.springframework.web.HttpMediaTypeNotSupportedException: Content type 'application/x-www-form-urlencoded;charset=UTF-8' not supported]
[WARN]2024-07-08 09:28:21,642 - Resolved [org.springframework.web.HttpMediaTypeNotSupportedException: Content type 'application/x-www-form-urlencoded;charset=UTF-8' not supported]
[WARN]2024-07-08 09:28:21,648 - Resolved [org.springframework.web.HttpMediaTypeNotSupportedException: Content type 'application/x-www-form-urlencoded;charset=UTF-8' not supported]
[WARN]2024-07-08 09:28:21,648 - Resolved [org.springframework.web.HttpMediaTypeNotSupportedException: Content type 'application/x-www-form-urlencoded;charset=UTF-8' not supported]
[WARN]2024-07-08 09:28:50,566 - Failed to perform cleanup of multipart items
java.io.UncheckedIOException: Cannot delete C:\Users\jiaoy\AppData\Local\Temp\tomcat.8080.9548071827472215405\work\Tomcat\localhost\ROOT\upload_9958a209_6bf1_4943_b5c6_c69fdbcd00bd_00000001.tmp
	at org.apache.tomcat.util.http.fileupload.disk.DiskFileItem.delete(DiskFileItem.java:431)
	at org.apache.catalina.core.ApplicationPart.delete(ApplicationPart.java:53)
	at org.springframework.web.multipart.support.StandardServletMultipartResolver.cleanupMultipart(StandardServletMultipartResolver.java:134)
	at org.springframework.web.servlet.DispatcherServlet.cleanupMultipart(DispatcherServlet.java:1251)
	at org.springframework.web.servlet.DispatcherServlet.doDispatch(DispatcherServlet.java:1108)
	at org.springframework.web.servlet.DispatcherServlet.doService(DispatcherServlet.java:965)
	at org.springframework.web.servlet.FrameworkServlet.processRequest(FrameworkServlet.java:1006)
	at org.springframework.web.servlet.FrameworkServlet.doPost(FrameworkServlet.java:909)
	at javax.servlet.http.HttpServlet.service(HttpServlet.java:555)
	at org.springframework.web.servlet.FrameworkServlet.service(FrameworkServlet.java:883)
	at javax.servlet.http.HttpServlet.service(HttpServlet.java:623)
	at org.apache.catalina.core.ApplicationFilterChain.internalDoFilter(ApplicationFilterChain.java:209)
	at org.apache.catalina.core.ApplicationFilterChain.doFilter(ApplicationFilterChain.java:153)
	at org.apache.tomcat.websocket.server.WsFilter.doFilter(WsFilter.java:51)
	at org.apache.catalina.core.ApplicationFilterChain.internalDoFilter(ApplicationFilterChain.java:178)
	at org.apache.catalina.core.ApplicationFilterChain.doFilter(ApplicationFilterChain.java:153)
	at org.springframework.web.filter.RequestContextFilter.doFilterInternal(RequestContextFilter.java:100)
	at org.springframework.web.filter.OncePerRequestFilter.doFilter(OncePerRequestFilter.java:117)
	at org.apache.catalina.core.ApplicationFilterChain.internalDoFilter(ApplicationFilterChain.java:178)
	at org.apache.catalina.core.ApplicationFilterChain.doFilter(ApplicationFilterChain.java:153)
	at org.springframework.web.filter.FormContentFilter.doFilterInternal(FormContentFilter.java:93)
	at org.springframework.web.filter.OncePerRequestFilter.doFilter(OncePerRequestFilter.java:117)
	at org.apache.catalina.core.ApplicationFilterChain.internalDoFilter(ApplicationFilterChain.java:178)
	at org.apache.catalina.core.ApplicationFilterChain.doFilter(ApplicationFilterChain.java:153)
	at javax.servlet.http.HttpFilter.doFilter(HttpFilter.java:85)
	at com.hwadee.springboot.config.CorsFilter.doFilter(CorsFilter.java:57)
	at javax.servlet.http.HttpFilter.doFilter(HttpFilter.java:53)
	at org.apache.catalina.core.ApplicationFilterChain.internalDoFilter(ApplicationFilterChain.java:178)
	at org.apache.catalina.core.ApplicationFilterChain.doFilter(ApplicationFilterChain.java:153)
	at org.springframework.web.filter.CharacterEncodingFilter.doFilterInternal(CharacterEncodingFilter.java:201)
	at org.springframework.web.filter.OncePerRequestFilter.doFilter(OncePerRequestFilter.java:117)
	at org.apache.catalina.core.ApplicationFilterChain.internalDoFilter(ApplicationFilterChain.java:178)
	at org.apache.catalina.core.ApplicationFilterChain.doFilter(ApplicationFilterChain.java:153)
	at org.apache.catalina.core.StandardWrapperValve.invoke(StandardWrapperValve.java:167)
	at org.apache.catalina.core.StandardContextValve.invoke(StandardContextValve.java:90)
	at org.apache.catalina.authenticator.AuthenticatorBase.invoke(AuthenticatorBase.java:481)
	at org.apache.catalina.core.StandardHostValve.invoke(StandardHostValve.java:130)
	at org.apache.catalina.valves.ErrorReportValve.invoke(ErrorReportValve.java:93)
	at org.apache.catalina.core.StandardEngineValve.invoke(StandardEngineValve.java:74)
	at org.apache.catalina.connector.CoyoteAdapter.service(CoyoteAdapter.java:343)
	at org.apache.coyote.http11.Http11Processor.service(Http11Processor.java:390)
	at org.apache.coyote.AbstractProcessorLight.process(AbstractProcessorLight.java:63)
	at org.apache.coyote.AbstractProtocol$ConnectionHandler.process(AbstractProtocol.java:926)
	at org.apache.tomcat.util.net.NioEndpoint$SocketProcessor.doRun(NioEndpoint.java:1791)
	at org.apache.tomcat.util.net.SocketProcessorBase.run(SocketProcessorBase.java:52)
	at org.apache.tomcat.util.threads.ThreadPoolExecutor.runWorker(ThreadPoolExecutor.java:1191)
	at org.apache.tomcat.util.threads.ThreadPoolExecutor$Worker.run(ThreadPoolExecutor.java:659)
	at org.apache.tomcat.util.threads.TaskThread$WrappingRunnable.run(TaskThread.java:61)
	at java.base/java.lang.Thread.run(Thread.java:1623)
Caused by: java.io.IOException: Cannot delete C:\Users\jiaoy\AppData\Local\Temp\tomcat.8080.9548071827472215405\work\Tomcat\localhost\ROOT\upload_9958a209_6bf1_4943_b5c6_c69fdbcd00bd_00000001.tmp
	... 49 common frames omitted
[ERROR]2024-07-08 09:28:50,568 - Error processing request
java.io.UncheckedIOException: Cannot delete C:\Users\jiaoy\AppData\Local\Temp\tomcat.8080.9548071827472215405\work\Tomcat\localhost\ROOT\upload_9958a209_6bf1_4943_b5c6_c69fdbcd00bd_00000001.tmp
	at org.apache.tomcat.util.http.fileupload.disk.DiskFileItem.delete(DiskFileItem.java:431)
	at org.apache.catalina.core.ApplicationPart.delete(ApplicationPart.java:53)
	at org.apache.catalina.connector.Request.recycle(Request.java:474)
	at org.apache.catalina.connector.CoyoteAdapter.service(CoyoteAdapter.java:421)
	at org.apache.coyote.http11.Http11Processor.service(Http11Processor.java:390)
	at org.apache.coyote.AbstractProcessorLight.process(AbstractProcessorLight.java:63)
	at org.apache.coyote.AbstractProtocol$ConnectionHandler.process(AbstractProtocol.java:926)
	at org.apache.tomcat.util.net.NioEndpoint$SocketProcessor.doRun(NioEndpoint.java:1791)
	at org.apache.tomcat.util.net.SocketProcessorBase.run(SocketProcessorBase.java:52)
	at org.apache.tomcat.util.threads.ThreadPoolExecutor.runWorker(ThreadPoolExecutor.java:1191)
	at org.apache.tomcat.util.threads.ThreadPoolExecutor$Worker.run(ThreadPoolExecutor.java:659)
	at org.apache.tomcat.util.threads.TaskThread$WrappingRunnable.run(TaskThread.java:61)
	at java.base/java.lang.Thread.run(Thread.java:1623)
Caused by: java.io.IOException: Cannot delete C:\Users\jiaoy\AppData\Local\Temp\tomcat.8080.9548071827472215405\work\Tomcat\localhost\ROOT\upload_9958a209_6bf1_4943_b5c6_c69fdbcd00bd_00000001.tmp
	... 13 common frames omitted
[ERROR]2024-07-08 09:28:50,570 - Error reading request, ignored
java.io.UncheckedIOException: Cannot delete C:\Users\jiaoy\AppData\Local\Temp\tomcat.8080.9548071827472215405\work\Tomcat\localhost\ROOT\upload_9958a209_6bf1_4943_b5c6_c69fdbcd00bd_00000001.tmp
	at org.apache.tomcat.util.http.fileupload.disk.DiskFileItem.delete(DiskFileItem.java:431)
	at org.apache.catalina.core.ApplicationPart.delete(ApplicationPart.java:53)
	at org.apache.catalina.connector.Request.recycle(Request.java:474)
	at org.apache.catalina.connector.CoyoteAdapter.log(CoyoteAdapter.java:494)
	at org.apache.coyote.http11.Http11Processor.service(Http11Processor.java:420)
	at org.apache.coyote.AbstractProcessorLight.process(AbstractProcessorLight.java:63)
	at org.apache.coyote.AbstractProtocol$ConnectionHandler.process(AbstractProtocol.java:926)
	at org.apache.tomcat.util.net.NioEndpoint$SocketProcessor.doRun(NioEndpoint.java:1791)
	at org.apache.tomcat.util.net.SocketProcessorBase.run(SocketProcessorBase.java:52)
	at org.apache.tomcat.util.threads.ThreadPoolExecutor.runWorker(ThreadPoolExecutor.java:1191)
	at org.apache.tomcat.util.threads.ThreadPoolExecutor$Worker.run(ThreadPoolExecutor.java:659)
	at org.apache.tomcat.util.threads.TaskThread$WrappingRunnable.run(TaskThread.java:61)
	at java.base/java.lang.Thread.run(Thread.java:1623)
Caused by: java.io.IOException: Cannot delete C:\Users\jiaoy\AppData\Local\Temp\tomcat.8080.9548071827472215405\work\Tomcat\localhost\ROOT\upload_9958a209_6bf1_4943_b5c6_c69fdbcd00bd_00000001.tmp
	... 13 common frames omitted
[ERROR]2024-07-08 09:28:50,570 - Error running socket processor
java.io.UncheckedIOException: Cannot delete C:\Users\jiaoy\AppData\Local\Temp\tomcat.8080.9548071827472215405\work\Tomcat\localhost\ROOT\upload_9958a209_6bf1_4943_b5c6_c69fdbcd00bd_00000001.tmp
	at org.apache.tomcat.util.http.fileupload.disk.DiskFileItem.delete(DiskFileItem.java:431)
	at org.apache.catalina.core.ApplicationPart.delete(ApplicationPart.java:53)
	at org.apache.catalina.connector.Request.recycle(Request.java:474)
	at org.apache.catalina.connector.CoyoteAdapter.log(CoyoteAdapter.java:494)
	at org.apache.catalina.connector.CoyoteAdapter.checkRecycled(CoyoteAdapter.java:517)
	at org.apache.coyote.http11.Http11Processor.recycle(Http11Processor.java:1417)
	at org.apache.coyote.AbstractProtocol$ConnectionHandler.release(AbstractProtocol.java:1129)
	at org.apache.coyote.AbstractProtocol$ConnectionHandler.process(AbstractProtocol.java:1090)
	at org.apache.tomcat.util.net.NioEndpoint$SocketProcessor.doRun(NioEndpoint.java:1791)
	at org.apache.tomcat.util.net.SocketProcessorBase.run(SocketProcessorBase.java:52)
	at org.apache.tomcat.util.threads.ThreadPoolExecutor.runWorker(ThreadPoolExecutor.java:1191)
	at org.apache.tomcat.util.threads.ThreadPoolExecutor$Worker.run(ThreadPoolExecutor.java:659)
	at org.apache.tomcat.util.threads.TaskThread$WrappingRunnable.run(TaskThread.java:61)
	at java.base/java.lang.Thread.run(Thread.java:1623)
Caused by: java.io.IOException: Cannot delete C:\Users\jiaoy\AppData\Local\Temp\tomcat.8080.9548071827472215405\work\Tomcat\localhost\ROOT\upload_9958a209_6bf1_4943_b5c6_c69fdbcd00bd_00000001.tmp
	... 14 common frames omitted
[WARN]2024-07-08 09:30:06,137 - Failed to perform cleanup of multipart items
java.io.UncheckedIOException: Cannot delete C:\Users\jiaoy\AppData\Local\Temp\tomcat.8080.9548071827472215405\work\Tomcat\localhost\ROOT\upload_9958a209_6bf1_4943_b5c6_c69fdbcd00bd_00000003.tmp
	at org.apache.tomcat.util.http.fileupload.disk.DiskFileItem.delete(DiskFileItem.java:431)
	at org.apache.catalina.core.ApplicationPart.delete(ApplicationPart.java:53)
	at org.springframework.web.multipart.support.StandardServletMultipartResolver.cleanupMultipart(StandardServletMultipartResolver.java:134)
	at org.springframework.web.servlet.DispatcherServlet.cleanupMultipart(DispatcherServlet.java:1251)
	at org.springframework.web.servlet.DispatcherServlet.doDispatch(DispatcherServlet.java:1108)
	at org.springframework.web.servlet.DispatcherServlet.doService(DispatcherServlet.java:965)
	at org.springframework.web.servlet.FrameworkServlet.processRequest(FrameworkServlet.java:1006)
	at org.springframework.web.servlet.FrameworkServlet.doPost(FrameworkServlet.java:909)
	at javax.servlet.http.HttpServlet.service(HttpServlet.java:555)
	at org.springframework.web.servlet.FrameworkServlet.service(FrameworkServlet.java:883)
	at javax.servlet.http.HttpServlet.service(HttpServlet.java:623)
	at org.apache.catalina.core.ApplicationFilterChain.internalDoFilter(ApplicationFilterChain.java:209)
	at org.apache.catalina.core.ApplicationFilterChain.doFilter(ApplicationFilterChain.java:153)
	at org.apache.tomcat.websocket.server.WsFilter.doFilter(WsFilter.java:51)
	at org.apache.catalina.core.ApplicationFilterChain.internalDoFilter(ApplicationFilterChain.java:178)
	at org.apache.catalina.core.ApplicationFilterChain.doFilter(ApplicationFilterChain.java:153)
	at org.springframework.web.filter.RequestContextFilter.doFilterInternal(RequestContextFilter.java:100)
	at org.springframework.web.filter.OncePerRequestFilter.doFilter(OncePerRequestFilter.java:117)
	at org.apache.catalina.core.ApplicationFilterChain.internalDoFilter(ApplicationFilterChain.java:178)
	at org.apache.catalina.core.ApplicationFilterChain.doFilter(ApplicationFilterChain.java:153)
	at org.springframework.web.filter.FormContentFilter.doFilterInternal(FormContentFilter.java:93)
	at org.springframework.web.filter.OncePerRequestFilter.doFilter(OncePerRequestFilter.java:117)
	at org.apache.catalina.core.ApplicationFilterChain.internalDoFilter(ApplicationFilterChain.java:178)
	at org.apache.catalina.core.ApplicationFilterChain.doFilter(ApplicationFilterChain.java:153)
	at javax.servlet.http.HttpFilter.doFilter(HttpFilter.java:85)
	at com.hwadee.springboot.config.CorsFilter.doFilter(CorsFilter.java:57)
	at javax.servlet.http.HttpFilter.doFilter(HttpFilter.java:53)
	at org.apache.catalina.core.ApplicationFilterChain.internalDoFilter(ApplicationFilterChain.java:178)
	at org.apache.catalina.core.ApplicationFilterChain.doFilter(ApplicationFilterChain.java:153)
	at org.springframework.web.filter.CharacterEncodingFilter.doFilterInternal(CharacterEncodingFilter.java:201)
	at org.springframework.web.filter.OncePerRequestFilter.doFilter(OncePerRequestFilter.java:117)
	at org.apache.catalina.core.ApplicationFilterChain.internalDoFilter(ApplicationFilterChain.java:178)
	at org.apache.catalina.core.ApplicationFilterChain.doFilter(ApplicationFilterChain.java:153)
	at org.apache.catalina.core.StandardWrapperValve.invoke(StandardWrapperValve.java:167)
	at org.apache.catalina.core.StandardContextValve.invoke(StandardContextValve.java:90)
	at org.apache.catalina.authenticator.AuthenticatorBase.invoke(AuthenticatorBase.java:481)
	at org.apache.catalina.core.StandardHostValve.invoke(StandardHostValve.java:130)
	at org.apache.catalina.valves.ErrorReportValve.invoke(ErrorReportValve.java:93)
	at org.apache.catalina.core.StandardEngineValve.invoke(StandardEngineValve.java:74)
	at org.apache.catalina.connector.CoyoteAdapter.service(CoyoteAdapter.java:343)
	at org.apache.coyote.http11.Http11Processor.service(Http11Processor.java:390)
	at org.apache.coyote.AbstractProcessorLight.process(AbstractProcessorLight.java:63)
	at org.apache.coyote.AbstractProtocol$ConnectionHandler.process(AbstractProtocol.java:926)
	at org.apache.tomcat.util.net.NioEndpoint$SocketProcessor.doRun(NioEndpoint.java:1791)
	at org.apache.tomcat.util.net.SocketProcessorBase.run(SocketProcessorBase.java:52)
	at org.apache.tomcat.util.threads.ThreadPoolExecutor.runWorker(ThreadPoolExecutor.java:1191)
	at org.apache.tomcat.util.threads.ThreadPoolExecutor$Worker.run(ThreadPoolExecutor.java:659)
	at org.apache.tomcat.util.threads.TaskThread$WrappingRunnable.run(TaskThread.java:61)
	at java.base/java.lang.Thread.run(Thread.java:1623)
Caused by: java.io.IOException: Cannot delete C:\Users\jiaoy\AppData\Local\Temp\tomcat.8080.9548071827472215405\work\Tomcat\localhost\ROOT\upload_9958a209_6bf1_4943_b5c6_c69fdbcd00bd_00000003.tmp
	... 49 common frames omitted
[ERROR]2024-07-08 09:30:06,139 - Error processing request
java.io.UncheckedIOException: Cannot delete C:\Users\jiaoy\AppData\Local\Temp\tomcat.8080.9548071827472215405\work\Tomcat\localhost\ROOT\upload_9958a209_6bf1_4943_b5c6_c69fdbcd00bd_00000003.tmp
	at org.apache.tomcat.util.http.fileupload.disk.DiskFileItem.delete(DiskFileItem.java:431)
	at org.apache.catalina.core.ApplicationPart.delete(ApplicationPart.java:53)
	at org.apache.catalina.connector.Request.recycle(Request.java:474)
	at org.apache.catalina.connector.CoyoteAdapter.service(CoyoteAdapter.java:421)
	at org.apache.coyote.http11.Http11Processor.service(Http11Processor.java:390)
	at org.apache.coyote.AbstractProcessorLight.process(AbstractProcessorLight.java:63)
	at org.apache.coyote.AbstractProtocol$ConnectionHandler.process(AbstractProtocol.java:926)
	at org.apache.tomcat.util.net.NioEndpoint$SocketProcessor.doRun(NioEndpoint.java:1791)
	at org.apache.tomcat.util.net.SocketProcessorBase.run(SocketProcessorBase.java:52)
	at org.apache.tomcat.util.threads.ThreadPoolExecutor.runWorker(ThreadPoolExecutor.java:1191)
	at org.apache.tomcat.util.threads.ThreadPoolExecutor$Worker.run(ThreadPoolExecutor.java:659)
	at org.apache.tomcat.util.threads.TaskThread$WrappingRunnable.run(TaskThread.java:61)
	at java.base/java.lang.Thread.run(Thread.java:1623)
Caused by: java.io.IOException: Cannot delete C:\Users\jiaoy\AppData\Local\Temp\tomcat.8080.9548071827472215405\work\Tomcat\localhost\ROOT\upload_9958a209_6bf1_4943_b5c6_c69fdbcd00bd_00000003.tmp
	... 13 common frames omitted
[ERROR]2024-07-08 09:30:06,139 - Error reading request, ignored
java.io.UncheckedIOException: Cannot delete C:\Users\jiaoy\AppData\Local\Temp\tomcat.8080.9548071827472215405\work\Tomcat\localhost\ROOT\upload_9958a209_6bf1_4943_b5c6_c69fdbcd00bd_00000003.tmp
	at org.apache.tomcat.util.http.fileupload.disk.DiskFileItem.delete(DiskFileItem.java:431)
	at org.apache.catalina.core.ApplicationPart.delete(ApplicationPart.java:53)
	at org.apache.catalina.connector.Request.recycle(Request.java:474)
	at org.apache.catalina.connector.CoyoteAdapter.log(CoyoteAdapter.java:494)
	at org.apache.coyote.http11.Http11Processor.service(Http11Processor.java:420)
	at org.apache.coyote.AbstractProcessorLight.process(AbstractProcessorLight.java:63)
	at org.apache.coyote.AbstractProtocol$ConnectionHandler.process(AbstractProtocol.java:926)
	at org.apache.tomcat.util.net.NioEndpoint$SocketProcessor.doRun(NioEndpoint.java:1791)
	at org.apache.tomcat.util.net.SocketProcessorBase.run(SocketProcessorBase.java:52)
	at org.apache.tomcat.util.threads.ThreadPoolExecutor.runWorker(ThreadPoolExecutor.java:1191)
	at org.apache.tomcat.util.threads.ThreadPoolExecutor$Worker.run(ThreadPoolExecutor.java:659)
	at org.apache.tomcat.util.threads.TaskThread$WrappingRunnable.run(TaskThread.java:61)
	at java.base/java.lang.Thread.run(Thread.java:1623)
Caused by: java.io.IOException: Cannot delete C:\Users\jiaoy\AppData\Local\Temp\tomcat.8080.9548071827472215405\work\Tomcat\localhost\ROOT\upload_9958a209_6bf1_4943_b5c6_c69fdbcd00bd_00000003.tmp
	... 13 common frames omitted
[ERROR]2024-07-08 09:30:06,139 - Error running socket processor
java.io.UncheckedIOException: Cannot delete C:\Users\jiaoy\AppData\Local\Temp\tomcat.8080.9548071827472215405\work\Tomcat\localhost\ROOT\upload_9958a209_6bf1_4943_b5c6_c69fdbcd00bd_00000003.tmp
	at org.apache.tomcat.util.http.fileupload.disk.DiskFileItem.delete(DiskFileItem.java:431)
	at org.apache.catalina.core.ApplicationPart.delete(ApplicationPart.java:53)
	at org.apache.catalina.connector.Request.recycle(Request.java:474)
	at org.apache.catalina.connector.CoyoteAdapter.log(CoyoteAdapter.java:494)
	at org.apache.catalina.connector.CoyoteAdapter.checkRecycled(CoyoteAdapter.java:517)
	at org.apache.coyote.http11.Http11Processor.recycle(Http11Processor.java:1417)
	at org.apache.coyote.AbstractProtocol$ConnectionHandler.release(AbstractProtocol.java:1129)
	at org.apache.coyote.AbstractProtocol$ConnectionHandler.process(AbstractProtocol.java:1090)
	at org.apache.tomcat.util.net.NioEndpoint$SocketProcessor.doRun(NioEndpoint.java:1791)
	at org.apache.tomcat.util.net.SocketProcessorBase.run(SocketProcessorBase.java:52)
	at org.apache.tomcat.util.threads.ThreadPoolExecutor.runWorker(ThreadPoolExecutor.java:1191)
	at org.apache.tomcat.util.threads.ThreadPoolExecutor$Worker.run(ThreadPoolExecutor.java:659)
	at org.apache.tomcat.util.threads.TaskThread$WrappingRunnable.run(TaskThread.java:61)
	at java.base/java.lang.Thread.run(Thread.java:1623)
Caused by: java.io.IOException: Cannot delete C:\Users\jiaoy\AppData\Local\Temp\tomcat.8080.9548071827472215405\work\Tomcat\localhost\ROOT\upload_9958a209_6bf1_4943_b5c6_c69fdbcd00bd_00000003.tmp
	... 14 common frames omitted
[WARN]2024-07-08 09:31:32,218 - Resolved [org.springframework.web.HttpMediaTypeNotSupportedException: Content type 'application/x-www-form-urlencoded;charset=UTF-8' not supported]
[WARN]2024-07-08 09:31:32,218 - Resolved [org.springframework.web.HttpMediaTypeNotSupportedException: Content type 'application/x-www-form-urlencoded;charset=UTF-8' not supported]
[WARN]2024-07-08 09:31:32,219 - Resolved [org.springframework.web.HttpMediaTypeNotSupportedException: Content type 'application/x-www-form-urlencoded;charset=UTF-8' not supported]
[WARN]2024-07-08 09:31:39,248 - Resolved [org.springframework.web.HttpMediaTypeNotSupportedException: Content type 'application/x-www-form-urlencoded;charset=UTF-8' not supported]
[WARN]2024-07-08 09:31:39,248 - Resolved [org.springframework.web.HttpMediaTypeNotSupportedException: Content type 'application/x-www-form-urlencoded;charset=UTF-8' not supported]
[WARN]2024-07-08 09:31:39,250 - Resolved [org.springframework.web.HttpMediaTypeNotSupportedException: Content type 'application/x-www-form-urlencoded;charset=UTF-8' not supported]
[WARN]2024-07-08 09:32:01,478 - Failed to perform cleanup of multipart items
java.io.UncheckedIOException: Cannot delete C:\Users\jiaoy\AppData\Local\Temp\tomcat.8080.9548071827472215405\work\Tomcat\localhost\ROOT\upload_9958a209_6bf1_4943_b5c6_c69fdbcd00bd_00000005.tmp
	at org.apache.tomcat.util.http.fileupload.disk.DiskFileItem.delete(DiskFileItem.java:431)
	at org.apache.catalina.core.ApplicationPart.delete(ApplicationPart.java:53)
	at org.springframework.web.multipart.support.StandardServletMultipartResolver.cleanupMultipart(StandardServletMultipartResolver.java:134)
	at org.springframework.web.servlet.DispatcherServlet.cleanupMultipart(DispatcherServlet.java:1251)
	at org.springframework.web.servlet.DispatcherServlet.doDispatch(DispatcherServlet.java:1108)
	at org.springframework.web.servlet.DispatcherServlet.doService(DispatcherServlet.java:965)
	at org.springframework.web.servlet.FrameworkServlet.processRequest(FrameworkServlet.java:1006)
	at org.springframework.web.servlet.FrameworkServlet.doPost(FrameworkServlet.java:909)
	at javax.servlet.http.HttpServlet.service(HttpServlet.java:555)
	at org.springframework.web.servlet.FrameworkServlet.service(FrameworkServlet.java:883)
	at javax.servlet.http.HttpServlet.service(HttpServlet.java:623)
	at org.apache.catalina.core.ApplicationFilterChain.internalDoFilter(ApplicationFilterChain.java:209)
	at org.apache.catalina.core.ApplicationFilterChain.doFilter(ApplicationFilterChain.java:153)
	at org.apache.tomcat.websocket.server.WsFilter.doFilter(WsFilter.java:51)
	at org.apache.catalina.core.ApplicationFilterChain.internalDoFilter(ApplicationFilterChain.java:178)
	at org.apache.catalina.core.ApplicationFilterChain.doFilter(ApplicationFilterChain.java:153)
	at org.springframework.web.filter.RequestContextFilter.doFilterInternal(RequestContextFilter.java:100)
	at org.springframework.web.filter.OncePerRequestFilter.doFilter(OncePerRequestFilter.java:117)
	at org.apache.catalina.core.ApplicationFilterChain.internalDoFilter(ApplicationFilterChain.java:178)
	at org.apache.catalina.core.ApplicationFilterChain.doFilter(ApplicationFilterChain.java:153)
	at org.springframework.web.filter.FormContentFilter.doFilterInternal(FormContentFilter.java:93)
	at org.springframework.web.filter.OncePerRequestFilter.doFilter(OncePerRequestFilter.java:117)
	at org.apache.catalina.core.ApplicationFilterChain.internalDoFilter(ApplicationFilterChain.java:178)
	at org.apache.catalina.core.ApplicationFilterChain.doFilter(ApplicationFilterChain.java:153)
	at javax.servlet.http.HttpFilter.doFilter(HttpFilter.java:85)
	at com.hwadee.springboot.config.CorsFilter.doFilter(CorsFilter.java:57)
	at javax.servlet.http.HttpFilter.doFilter(HttpFilter.java:53)
	at org.apache.catalina.core.ApplicationFilterChain.internalDoFilter(ApplicationFilterChain.java:178)
	at org.apache.catalina.core.ApplicationFilterChain.doFilter(ApplicationFilterChain.java:153)
	at org.springframework.web.filter.CharacterEncodingFilter.doFilterInternal(CharacterEncodingFilter.java:201)
	at org.springframework.web.filter.OncePerRequestFilter.doFilter(OncePerRequestFilter.java:117)
	at org.apache.catalina.core.ApplicationFilterChain.internalDoFilter(ApplicationFilterChain.java:178)
	at org.apache.catalina.core.ApplicationFilterChain.doFilter(ApplicationFilterChain.java:153)
	at org.apache.catalina.core.StandardWrapperValve.invoke(StandardWrapperValve.java:167)
	at org.apache.catalina.core.StandardContextValve.invoke(StandardContextValve.java:90)
	at org.apache.catalina.authenticator.AuthenticatorBase.invoke(AuthenticatorBase.java:481)
	at org.apache.catalina.core.StandardHostValve.invoke(StandardHostValve.java:130)
	at org.apache.catalina.valves.ErrorReportValve.invoke(ErrorReportValve.java:93)
	at org.apache.catalina.core.StandardEngineValve.invoke(StandardEngineValve.java:74)
	at org.apache.catalina.connector.CoyoteAdapter.service(CoyoteAdapter.java:343)
	at org.apache.coyote.http11.Http11Processor.service(Http11Processor.java:390)
	at org.apache.coyote.AbstractProcessorLight.process(AbstractProcessorLight.java:63)
	at org.apache.coyote.AbstractProtocol$ConnectionHandler.process(AbstractProtocol.java:926)
	at org.apache.tomcat.util.net.NioEndpoint$SocketProcessor.doRun(NioEndpoint.java:1791)
	at org.apache.tomcat.util.net.SocketProcessorBase.run(SocketProcessorBase.java:52)
	at org.apache.tomcat.util.threads.ThreadPoolExecutor.runWorker(ThreadPoolExecutor.java:1191)
	at org.apache.tomcat.util.threads.ThreadPoolExecutor$Worker.run(ThreadPoolExecutor.java:659)
	at org.apache.tomcat.util.threads.TaskThread$WrappingRunnable.run(TaskThread.java:61)
	at java.base/java.lang.Thread.run(Thread.java:1623)
Caused by: java.io.IOException: Cannot delete C:\Users\jiaoy\AppData\Local\Temp\tomcat.8080.9548071827472215405\work\Tomcat\localhost\ROOT\upload_9958a209_6bf1_4943_b5c6_c69fdbcd00bd_00000005.tmp
	... 49 common frames omitted
[ERROR]2024-07-08 09:32:01,480 - Error processing request
java.io.UncheckedIOException: Cannot delete C:\Users\jiaoy\AppData\Local\Temp\tomcat.8080.9548071827472215405\work\Tomcat\localhost\ROOT\upload_9958a209_6bf1_4943_b5c6_c69fdbcd00bd_00000005.tmp
	at org.apache.tomcat.util.http.fileupload.disk.DiskFileItem.delete(DiskFileItem.java:431)
	at org.apache.catalina.core.ApplicationPart.delete(ApplicationPart.java:53)
	at org.apache.catalina.connector.Request.recycle(Request.java:474)
	at org.apache.catalina.connector.CoyoteAdapter.service(CoyoteAdapter.java:421)
	at org.apache.coyote.http11.Http11Processor.service(Http11Processor.java:390)
	at org.apache.coyote.AbstractProcessorLight.process(AbstractProcessorLight.java:63)
	at org.apache.coyote.AbstractProtocol$ConnectionHandler.process(AbstractProtocol.java:926)
	at org.apache.tomcat.util.net.NioEndpoint$SocketProcessor.doRun(NioEndpoint.java:1791)
	at org.apache.tomcat.util.net.SocketProcessorBase.run(SocketProcessorBase.java:52)
	at org.apache.tomcat.util.threads.ThreadPoolExecutor.runWorker(ThreadPoolExecutor.java:1191)
	at org.apache.tomcat.util.threads.ThreadPoolExecutor$Worker.run(ThreadPoolExecutor.java:659)
	at org.apache.tomcat.util.threads.TaskThread$WrappingRunnable.run(TaskThread.java:61)
	at java.base/java.lang.Thread.run(Thread.java:1623)
Caused by: java.io.IOException: Cannot delete C:\Users\jiaoy\AppData\Local\Temp\tomcat.8080.9548071827472215405\work\Tomcat\localhost\ROOT\upload_9958a209_6bf1_4943_b5c6_c69fdbcd00bd_00000005.tmp
	... 13 common frames omitted
[ERROR]2024-07-08 09:32:01,480 - Error reading request, ignored
java.io.UncheckedIOException: Cannot delete C:\Users\jiaoy\AppData\Local\Temp\tomcat.8080.9548071827472215405\work\Tomcat\localhost\ROOT\upload_9958a209_6bf1_4943_b5c6_c69fdbcd00bd_00000005.tmp
	at org.apache.tomcat.util.http.fileupload.disk.DiskFileItem.delete(DiskFileItem.java:431)
	at org.apache.catalina.core.ApplicationPart.delete(ApplicationPart.java:53)
	at org.apache.catalina.connector.Request.recycle(Request.java:474)
	at org.apache.catalina.connector.CoyoteAdapter.log(CoyoteAdapter.java:494)
	at org.apache.coyote.http11.Http11Processor.service(Http11Processor.java:420)
	at org.apache.coyote.AbstractProcessorLight.process(AbstractProcessorLight.java:63)
	at org.apache.coyote.AbstractProtocol$ConnectionHandler.process(AbstractProtocol.java:926)
	at org.apache.tomcat.util.net.NioEndpoint$SocketProcessor.doRun(NioEndpoint.java:1791)
	at org.apache.tomcat.util.net.SocketProcessorBase.run(SocketProcessorBase.java:52)
	at org.apache.tomcat.util.threads.ThreadPoolExecutor.runWorker(ThreadPoolExecutor.java:1191)
	at org.apache.tomcat.util.threads.ThreadPoolExecutor$Worker.run(ThreadPoolExecutor.java:659)
	at org.apache.tomcat.util.threads.TaskThread$WrappingRunnable.run(TaskThread.java:61)
	at java.base/java.lang.Thread.run(Thread.java:1623)
Caused by: java.io.IOException: Cannot delete C:\Users\jiaoy\AppData\Local\Temp\tomcat.8080.9548071827472215405\work\Tomcat\localhost\ROOT\upload_9958a209_6bf1_4943_b5c6_c69fdbcd00bd_00000005.tmp
	... 13 common frames omitted
[ERROR]2024-07-08 09:32:01,480 - Error running socket processor
java.io.UncheckedIOException: Cannot delete C:\Users\jiaoy\AppData\Local\Temp\tomcat.8080.9548071827472215405\work\Tomcat\localhost\ROOT\upload_9958a209_6bf1_4943_b5c6_c69fdbcd00bd_00000005.tmp
	at org.apache.tomcat.util.http.fileupload.disk.DiskFileItem.delete(DiskFileItem.java:431)
	at org.apache.catalina.core.ApplicationPart.delete(ApplicationPart.java:53)
	at org.apache.catalina.connector.Request.recycle(Request.java:474)
	at org.apache.catalina.connector.CoyoteAdapter.log(CoyoteAdapter.java:494)
	at org.apache.catalina.connector.CoyoteAdapter.checkRecycled(CoyoteAdapter.java:517)
	at org.apache.coyote.http11.Http11Processor.recycle(Http11Processor.java:1417)
	at org.apache.coyote.AbstractProtocol$ConnectionHandler.release(AbstractProtocol.java:1129)
	at org.apache.coyote.AbstractProtocol$ConnectionHandler.process(AbstractProtocol.java:1090)
	at org.apache.tomcat.util.net.NioEndpoint$SocketProcessor.doRun(NioEndpoint.java:1791)
	at org.apache.tomcat.util.net.SocketProcessorBase.run(SocketProcessorBase.java:52)
	at org.apache.tomcat.util.threads.ThreadPoolExecutor.runWorker(ThreadPoolExecutor.java:1191)
	at org.apache.tomcat.util.threads.ThreadPoolExecutor$Worker.run(ThreadPoolExecutor.java:659)
	at org.apache.tomcat.util.threads.TaskThread$WrappingRunnable.run(TaskThread.java:61)
	at java.base/java.lang.Thread.run(Thread.java:1623)
Caused by: java.io.IOException: Cannot delete C:\Users\jiaoy\AppData\Local\Temp\tomcat.8080.9548071827472215405\work\Tomcat\localhost\ROOT\upload_9958a209_6bf1_4943_b5c6_c69fdbcd00bd_00000005.tmp
	... 14 common frames omitted
[WARN]2024-07-08 09:35:11,145 - Resolved [org.springframework.web.HttpMediaTypeNotSupportedException: Content type 'application/x-www-form-urlencoded;charset=UTF-8' not supported]
[WARN]2024-07-08 09:35:15,322 - Resolved [org.springframework.web.HttpMediaTypeNotSupportedException: Content type 'application/x-www-form-urlencoded;charset=UTF-8' not supported]
[WARN]2024-07-08 09:35:45,406 - Resolved [org.springframework.web.HttpMediaTypeNotSupportedException: Content type 'application/x-www-form-urlencoded;charset=UTF-8' not supported]
[WARN]2024-07-08 09:35:52,810 - Resolved [org.springframework.web.HttpMediaTypeNotSupportedException: Content type 'application/x-www-form-urlencoded;charset=UTF-8' not supported]
[INFO]2024-07-08 09:51:30,219 - Closing JPA EntityManagerFactory for persistence unit 'default'
[INFO]2024-07-08 09:51:30,223 - HikariPool-1 - Shutdown initiated...
[INFO]2024-07-08 09:51:30,266 - HikariPool-1 - Shutdown completed.
[INFO]2024-07-08 09:51:38,448 - Starting SpringbootApplication using Java 20.0.1 on LAPTOP-L2BN52PD with PID 41940 (E:\shixi\springboot\target\classes started by jiaoy in E:\shixi\springboot)
[INFO]2024-07-08 09:51:38,450 - No active profile set, falling back to 1 default profile: "default"
[INFO]2024-07-08 09:51:38,518 - Devtools property defaults active! Set 'spring.devtools.add-properties' to 'false' to disable
[INFO]2024-07-08 09:51:38,518 - For additional web related logging consider setting the 'logging.level.web' property to 'DEBUG'
[INFO]2024-07-08 09:51:39,247 - Multiple Spring Data modules found, entering strict repository configuration mode
[INFO]2024-07-08 09:51:39,248 - Bootstrapping Spring Data JPA repositories in DEFAULT mode.
[INFO]2024-07-08 09:51:39,264 - Finished Spring Data repository scanning in 8 ms. Found 0 JPA repository interfaces.
[INFO]2024-07-08 09:51:39,276 - Multiple Spring Data modules found, entering strict repository configuration mode
[INFO]2024-07-08 09:51:39,277 - Bootstrapping Spring Data Redis repositories in DEFAULT mode.
[INFO]2024-07-08 09:51:39,286 - Finished Spring Data repository scanning in 4 ms. Found 0 Redis repository interfaces.
[INFO]2024-07-08 09:51:39,904 - Tomcat initialized with port(s): 8080 (http)
[INFO]2024-07-08 09:51:39,905 - Loaded Apache Tomcat Native library [1.3.0] using APR version [1.7.4].
[INFO]2024-07-08 09:51:39,906 - APR capabilities: IPv6 [true], sendfile [true], accept filters [false], random [true], UDS [true].
[INFO]2024-07-08 09:51:39,906 - APR/OpenSSL configuration: useAprConnector [false], useOpenSSL [true]
[INFO]2024-07-08 09:51:39,914 - OpenSSL successfully initialized [OpenSSL 3.0.13 30 Jan 2024]
[INFO]2024-07-08 09:51:39,925 - Initializing ProtocolHandler ["http-nio-8080"]
[INFO]2024-07-08 09:51:39,926 - Starting service [Tomcat]
[INFO]2024-07-08 09:51:39,927 - Starting Servlet engine: [Apache Tomcat/9.0.76]
[INFO]2024-07-08 09:51:40,013 - Initializing Spring embedded WebApplicationContext
[INFO]2024-07-08 09:51:40,014 - Root WebApplicationContext: initialization completed in 1495 ms
[INFO]2024-07-08 09:51:40,142 - HikariPool-1 - Starting...
[WARN]2024-07-08 09:51:40,147 - Registered driver with driverClassName=com.mysql.jdbc.Driver was not found, trying direct instantiation.
[INFO]2024-07-08 09:51:40,259 - HikariPool-1 - Start completed.
[INFO]2024-07-08 09:51:40,349 - HHH000412: Hibernate ORM core version 5.6.15.Final
[INFO]2024-07-08 09:51:40,494 - HCANN000001: Hibernate Commons Annotations {5.1.2.Final}
[INFO]2024-07-08 09:51:40,624 - HHH000400: Using dialect: org.hibernate.dialect.MySQL55Dialect
[INFO]2024-07-08 09:51:40,759 - HHH000490: Using JtaPlatform implementation: [org.hibernate.engine.transaction.jta.platform.internal.NoJtaPlatform]
[INFO]2024-07-08 09:51:40,770 - Initialized JPA EntityManagerFactory for persistence unit 'default'
[INFO]2024-07-08 09:51:41,311 - 自定义Redis配置--
[WARN]2024-07-08 09:51:41,359 - spring.jpa.open-in-view is enabled by default. Therefore, database queries may be performed during view rendering. Explicitly configure spring.jpa.open-in-view to disable this warning
[INFO]2024-07-08 09:51:41,480 - Adding welcome page template: index
[INFO]2024-07-08 09:51:41,723 - LiveReload server is running on port 35729
[INFO]2024-07-08 09:51:41,744 - Starting ProtocolHandler ["http-nio-8080"]
[INFO]2024-07-08 09:51:41,761 - Tomcat started on port(s): 8080 (http) with context path ''
[INFO]2024-07-08 09:51:41,777 - Started SpringbootApplication in 3.793 seconds (JVM running for 4.565)
[INFO]2024-07-08 09:51:43,375 - Initializing Spring DispatcherServlet 'dispatcherServlet'
[INFO]2024-07-08 09:51:43,375 - Initializing Servlet 'dispatcherServlet'
[INFO]2024-07-08 09:51:43,376 - Completed initialization in 1 ms
[INFO]2024-07-08 09:54:22,242 - Closing JPA EntityManagerFactory for persistence unit 'default'
[INFO]2024-07-08 09:54:22,247 - HikariPool-1 - Shutdown initiated...
[INFO]2024-07-08 09:54:22,253 - HikariPool-1 - Shutdown completed.
[INFO]2024-07-08 09:54:26,089 - Starting SpringbootApplication using Java 20.0.1 on LAPTOP-L2BN52PD with PID 13072 (E:\shixi\springboot\target\classes started by jiaoy in E:\shixi\springboot)
[INFO]2024-07-08 09:54:26,091 - No active profile set, falling back to 1 default profile: "default"
[INFO]2024-07-08 09:54:26,144 - Devtools property defaults active! Set 'spring.devtools.add-properties' to 'false' to disable
[INFO]2024-07-08 09:54:26,144 - For additional web related logging consider setting the 'logging.level.web' property to 'DEBUG'
[INFO]2024-07-08 09:54:26,817 - Multiple Spring Data modules found, entering strict repository configuration mode
[INFO]2024-07-08 09:54:26,818 - Bootstrapping Spring Data JPA repositories in DEFAULT mode.
[INFO]2024-07-08 09:54:26,835 - Finished Spring Data repository scanning in 10 ms. Found 0 JPA repository interfaces.
[INFO]2024-07-08 09:54:26,846 - Multiple Spring Data modules found, entering strict repository configuration mode
[INFO]2024-07-08 09:54:26,847 - Bootstrapping Spring Data Redis repositories in DEFAULT mode.
[INFO]2024-07-08 09:54:26,856 - Finished Spring Data repository scanning in 4 ms. Found 0 Redis repository interfaces.
[INFO]2024-07-08 09:54:27,333 - Tomcat initialized with port(s): 8080 (http)
[INFO]2024-07-08 09:54:27,334 - Loaded Apache Tomcat Native library [1.3.0] using APR version [1.7.4].
[INFO]2024-07-08 09:54:27,334 - APR capabilities: IPv6 [true], sendfile [true], accept filters [false], random [true], UDS [true].
[INFO]2024-07-08 09:54:27,334 - APR/OpenSSL configuration: useAprConnector [false], useOpenSSL [true]
[INFO]2024-07-08 09:54:27,340 - OpenSSL successfully initialized [OpenSSL 3.0.13 30 Jan 2024]
[INFO]2024-07-08 09:54:27,346 - Initializing ProtocolHandler ["http-nio-8080"]
[INFO]2024-07-08 09:54:27,347 - Starting service [Tomcat]
[INFO]2024-07-08 09:54:27,347 - Starting Servlet engine: [Apache Tomcat/9.0.76]
[INFO]2024-07-08 09:54:27,409 - Initializing Spring embedded WebApplicationContext
[INFO]2024-07-08 09:54:27,409 - Root WebApplicationContext: initialization completed in 1265 ms
[INFO]2024-07-08 09:54:27,535 - HikariPool-1 - Starting...
[WARN]2024-07-08 09:54:27,537 - Registered driver with driverClassName=com.mysql.jdbc.Driver was not found, trying direct instantiation.
[INFO]2024-07-08 09:54:27,637 - HikariPool-1 - Start completed.
[INFO]2024-07-08 09:54:27,709 - HHH000412: Hibernate ORM core version 5.6.15.Final
[INFO]2024-07-08 09:54:27,809 - HCANN000001: Hibernate Commons Annotations {5.1.2.Final}
[INFO]2024-07-08 09:54:27,893 - HHH000400: Using dialect: org.hibernate.dialect.MySQL55Dialect
[INFO]2024-07-08 09:54:27,988 - HHH000490: Using JtaPlatform implementation: [org.hibernate.engine.transaction.jta.platform.internal.NoJtaPlatform]
[INFO]2024-07-08 09:54:27,997 - Initialized JPA EntityManagerFactory for persistence unit 'default'
[INFO]2024-07-08 09:54:28,490 - 自定义Redis配置--
[WARN]2024-07-08 09:54:28,548 - spring.jpa.open-in-view is enabled by default. Therefore, database queries may be performed during view rendering. Explicitly configure spring.jpa.open-in-view to disable this warning
[INFO]2024-07-08 09:54:28,681 - Adding welcome page template: index
[INFO]2024-07-08 09:54:28,935 - LiveReload server is running on port 35729
[INFO]2024-07-08 09:54:28,958 - Starting ProtocolHandler ["http-nio-8080"]
[INFO]2024-07-08 09:54:28,974 - Tomcat started on port(s): 8080 (http) with context path ''
[INFO]2024-07-08 09:54:28,991 - Started SpringbootApplication in 3.225 seconds (JVM running for 3.986)
[INFO]2024-07-08 09:54:30,631 - Initializing Spring DispatcherServlet 'dispatcherServlet'
[INFO]2024-07-08 09:54:30,631 - Initializing Servlet 'dispatcherServlet'
[INFO]2024-07-08 09:54:30,632 - Completed initialization in 1 ms
[WARN]2024-07-08 09:55:01,627 - Failed to perform cleanup of multipart items
java.io.UncheckedIOException: Cannot delete C:\Users\jiaoy\AppData\Local\Temp\tomcat.8080.9915756297905831053\work\Tomcat\localhost\ROOT\upload_7c3e74de_95ce_4877_acc5_316f6b961c65_00000001.tmp
	at org.apache.tomcat.util.http.fileupload.disk.DiskFileItem.delete(DiskFileItem.java:431)
	at org.apache.catalina.core.ApplicationPart.delete(ApplicationPart.java:53)
	at org.springframework.web.multipart.support.StandardServletMultipartResolver.cleanupMultipart(StandardServletMultipartResolver.java:134)
	at org.springframework.web.servlet.DispatcherServlet.cleanupMultipart(DispatcherServlet.java:1251)
	at org.springframework.web.servlet.DispatcherServlet.doDispatch(DispatcherServlet.java:1108)
	at org.springframework.web.servlet.DispatcherServlet.doService(DispatcherServlet.java:965)
	at org.springframework.web.servlet.FrameworkServlet.processRequest(FrameworkServlet.java:1006)
	at org.springframework.web.servlet.FrameworkServlet.doPost(FrameworkServlet.java:909)
	at javax.servlet.http.HttpServlet.service(HttpServlet.java:555)
	at org.springframework.web.servlet.FrameworkServlet.service(FrameworkServlet.java:883)
	at javax.servlet.http.HttpServlet.service(HttpServlet.java:623)
	at org.apache.catalina.core.ApplicationFilterChain.internalDoFilter(ApplicationFilterChain.java:209)
	at org.apache.catalina.core.ApplicationFilterChain.doFilter(ApplicationFilterChain.java:153)
	at org.apache.tomcat.websocket.server.WsFilter.doFilter(WsFilter.java:51)
	at org.apache.catalina.core.ApplicationFilterChain.internalDoFilter(ApplicationFilterChain.java:178)
	at org.apache.catalina.core.ApplicationFilterChain.doFilter(ApplicationFilterChain.java:153)
	at org.springframework.web.filter.RequestContextFilter.doFilterInternal(RequestContextFilter.java:100)
	at org.springframework.web.filter.OncePerRequestFilter.doFilter(OncePerRequestFilter.java:117)
	at org.apache.catalina.core.ApplicationFilterChain.internalDoFilter(ApplicationFilterChain.java:178)
	at org.apache.catalina.core.ApplicationFilterChain.doFilter(ApplicationFilterChain.java:153)
	at org.springframework.web.filter.FormContentFilter.doFilterInternal(FormContentFilter.java:93)
	at org.springframework.web.filter.OncePerRequestFilter.doFilter(OncePerRequestFilter.java:117)
	at org.apache.catalina.core.ApplicationFilterChain.internalDoFilter(ApplicationFilterChain.java:178)
	at org.apache.catalina.core.ApplicationFilterChain.doFilter(ApplicationFilterChain.java:153)
	at javax.servlet.http.HttpFilter.doFilter(HttpFilter.java:85)
	at com.hwadee.springboot.config.CorsFilter.doFilter(CorsFilter.java:57)
	at javax.servlet.http.HttpFilter.doFilter(HttpFilter.java:53)
	at org.apache.catalina.core.ApplicationFilterChain.internalDoFilter(ApplicationFilterChain.java:178)
	at org.apache.catalina.core.ApplicationFilterChain.doFilter(ApplicationFilterChain.java:153)
	at org.springframework.web.filter.CharacterEncodingFilter.doFilterInternal(CharacterEncodingFilter.java:201)
	at org.springframework.web.filter.OncePerRequestFilter.doFilter(OncePerRequestFilter.java:117)
	at org.apache.catalina.core.ApplicationFilterChain.internalDoFilter(ApplicationFilterChain.java:178)
	at org.apache.catalina.core.ApplicationFilterChain.doFilter(ApplicationFilterChain.java:153)
	at org.apache.catalina.core.StandardWrapperValve.invoke(StandardWrapperValve.java:167)
	at org.apache.catalina.core.StandardContextValve.invoke(StandardContextValve.java:90)
	at org.apache.catalina.authenticator.AuthenticatorBase.invoke(AuthenticatorBase.java:481)
	at org.apache.catalina.core.StandardHostValve.invoke(StandardHostValve.java:130)
	at org.apache.catalina.valves.ErrorReportValve.invoke(ErrorReportValve.java:93)
	at org.apache.catalina.core.StandardEngineValve.invoke(StandardEngineValve.java:74)
	at org.apache.catalina.connector.CoyoteAdapter.service(CoyoteAdapter.java:343)
	at org.apache.coyote.http11.Http11Processor.service(Http11Processor.java:390)
	at org.apache.coyote.AbstractProcessorLight.process(AbstractProcessorLight.java:63)
	at org.apache.coyote.AbstractProtocol$ConnectionHandler.process(AbstractProtocol.java:926)
	at org.apache.tomcat.util.net.NioEndpoint$SocketProcessor.doRun(NioEndpoint.java:1791)
	at org.apache.tomcat.util.net.SocketProcessorBase.run(SocketProcessorBase.java:52)
	at org.apache.tomcat.util.threads.ThreadPoolExecutor.runWorker(ThreadPoolExecutor.java:1191)
	at org.apache.tomcat.util.threads.ThreadPoolExecutor$Worker.run(ThreadPoolExecutor.java:659)
	at org.apache.tomcat.util.threads.TaskThread$WrappingRunnable.run(TaskThread.java:61)
	at java.base/java.lang.Thread.run(Thread.java:1623)
Caused by: java.io.IOException: Cannot delete C:\Users\jiaoy\AppData\Local\Temp\tomcat.8080.9915756297905831053\work\Tomcat\localhost\ROOT\upload_7c3e74de_95ce_4877_acc5_316f6b961c65_00000001.tmp
	... 49 common frames omitted
[ERROR]2024-07-08 09:55:01,631 - Error processing request
java.io.UncheckedIOException: Cannot delete C:\Users\jiaoy\AppData\Local\Temp\tomcat.8080.9915756297905831053\work\Tomcat\localhost\ROOT\upload_7c3e74de_95ce_4877_acc5_316f6b961c65_00000001.tmp
	at org.apache.tomcat.util.http.fileupload.disk.DiskFileItem.delete(DiskFileItem.java:431)
	at org.apache.catalina.core.ApplicationPart.delete(ApplicationPart.java:53)
	at org.apache.catalina.connector.Request.recycle(Request.java:474)
	at org.apache.catalina.connector.CoyoteAdapter.service(CoyoteAdapter.java:421)
	at org.apache.coyote.http11.Http11Processor.service(Http11Processor.java:390)
	at org.apache.coyote.AbstractProcessorLight.process(AbstractProcessorLight.java:63)
	at org.apache.coyote.AbstractProtocol$ConnectionHandler.process(AbstractProtocol.java:926)
	at org.apache.tomcat.util.net.NioEndpoint$SocketProcessor.doRun(NioEndpoint.java:1791)
	at org.apache.tomcat.util.net.SocketProcessorBase.run(SocketProcessorBase.java:52)
	at org.apache.tomcat.util.threads.ThreadPoolExecutor.runWorker(ThreadPoolExecutor.java:1191)
	at org.apache.tomcat.util.threads.ThreadPoolExecutor$Worker.run(ThreadPoolExecutor.java:659)
	at org.apache.tomcat.util.threads.TaskThread$WrappingRunnable.run(TaskThread.java:61)
	at java.base/java.lang.Thread.run(Thread.java:1623)
Caused by: java.io.IOException: Cannot delete C:\Users\jiaoy\AppData\Local\Temp\tomcat.8080.9915756297905831053\work\Tomcat\localhost\ROOT\upload_7c3e74de_95ce_4877_acc5_316f6b961c65_00000001.tmp
	... 13 common frames omitted
[ERROR]2024-07-08 09:55:01,632 - Error reading request, ignored
java.io.UncheckedIOException: Cannot delete C:\Users\jiaoy\AppData\Local\Temp\tomcat.8080.9915756297905831053\work\Tomcat\localhost\ROOT\upload_7c3e74de_95ce_4877_acc5_316f6b961c65_00000001.tmp
	at org.apache.tomcat.util.http.fileupload.disk.DiskFileItem.delete(DiskFileItem.java:431)
	at org.apache.catalina.core.ApplicationPart.delete(ApplicationPart.java:53)
	at org.apache.catalina.connector.Request.recycle(Request.java:474)
	at org.apache.catalina.connector.CoyoteAdapter.log(CoyoteAdapter.java:494)
	at org.apache.coyote.http11.Http11Processor.service(Http11Processor.java:420)
	at org.apache.coyote.AbstractProcessorLight.process(AbstractProcessorLight.java:63)
	at org.apache.coyote.AbstractProtocol$ConnectionHandler.process(AbstractProtocol.java:926)
	at org.apache.tomcat.util.net.NioEndpoint$SocketProcessor.doRun(NioEndpoint.java:1791)
	at org.apache.tomcat.util.net.SocketProcessorBase.run(SocketProcessorBase.java:52)
	at org.apache.tomcat.util.threads.ThreadPoolExecutor.runWorker(ThreadPoolExecutor.java:1191)
	at org.apache.tomcat.util.threads.ThreadPoolExecutor$Worker.run(ThreadPoolExecutor.java:659)
	at org.apache.tomcat.util.threads.TaskThread$WrappingRunnable.run(TaskThread.java:61)
	at java.base/java.lang.Thread.run(Thread.java:1623)
Caused by: java.io.IOException: Cannot delete C:\Users\jiaoy\AppData\Local\Temp\tomcat.8080.9915756297905831053\work\Tomcat\localhost\ROOT\upload_7c3e74de_95ce_4877_acc5_316f6b961c65_00000001.tmp
	... 13 common frames omitted
[ERROR]2024-07-08 09:55:01,632 - Error running socket processor
java.io.UncheckedIOException: Cannot delete C:\Users\jiaoy\AppData\Local\Temp\tomcat.8080.9915756297905831053\work\Tomcat\localhost\ROOT\upload_7c3e74de_95ce_4877_acc5_316f6b961c65_00000001.tmp
	at org.apache.tomcat.util.http.fileupload.disk.DiskFileItem.delete(DiskFileItem.java:431)
	at org.apache.catalina.core.ApplicationPart.delete(ApplicationPart.java:53)
	at org.apache.catalina.connector.Request.recycle(Request.java:474)
	at org.apache.catalina.connector.CoyoteAdapter.log(CoyoteAdapter.java:494)
	at org.apache.catalina.connector.CoyoteAdapter.checkRecycled(CoyoteAdapter.java:517)
	at org.apache.coyote.http11.Http11Processor.recycle(Http11Processor.java:1417)
	at org.apache.coyote.AbstractProtocol$ConnectionHandler.release(AbstractProtocol.java:1129)
	at org.apache.coyote.AbstractProtocol$ConnectionHandler.process(AbstractProtocol.java:1090)
	at org.apache.tomcat.util.net.NioEndpoint$SocketProcessor.doRun(NioEndpoint.java:1791)
	at org.apache.tomcat.util.net.SocketProcessorBase.run(SocketProcessorBase.java:52)
	at org.apache.tomcat.util.threads.ThreadPoolExecutor.runWorker(ThreadPoolExecutor.java:1191)
	at org.apache.tomcat.util.threads.ThreadPoolExecutor$Worker.run(ThreadPoolExecutor.java:659)
	at org.apache.tomcat.util.threads.TaskThread$WrappingRunnable.run(TaskThread.java:61)
	at java.base/java.lang.Thread.run(Thread.java:1623)
Caused by: java.io.IOException: Cannot delete C:\Users\jiaoy\AppData\Local\Temp\tomcat.8080.9915756297905831053\work\Tomcat\localhost\ROOT\upload_7c3e74de_95ce_4877_acc5_316f6b961c65_00000001.tmp
	... 14 common frames omitted
[WARN]2024-07-08 09:59:42,788 - Failure in @ExceptionHandler com.hwadee.springboot.exception.GlobalExceptionHandler#exceptionHandler(Exception)
org.apache.catalina.connector.ClientAbortException: java.io.IOException: 你的主机中的软件中止了一个已建立的连接。
	at org.apache.catalina.connector.OutputBuffer.realWriteBytes(OutputBuffer.java:351)
	at org.apache.catalina.connector.OutputBuffer.flushByteBuffer(OutputBuffer.java:784)
	at org.apache.catalina.connector.OutputBuffer.doFlush(OutputBuffer.java:298)
	at org.apache.catalina.connector.OutputBuffer.flush(OutputBuffer.java:271)
	at org.apache.catalina.connector.CoyoteOutputStream.flush(CoyoteOutputStream.java:120)
	at java.base/java.io.FilterOutputStream.flush(FilterOutputStream.java:154)
	at com.fasterxml.jackson.core.json.UTF8JsonGenerator.flush(UTF8JsonGenerator.java:1187)
	at com.fasterxml.jackson.databind.ObjectWriter.writeValue(ObjectWriter.java:1009)
	at org.springframework.http.converter.json.AbstractJackson2HttpMessageConverter.writeInternal(AbstractJackson2HttpMessageConverter.java:456)
	at org.springframework.http.converter.AbstractGenericHttpMessageConverter.write(AbstractGenericHttpMessageConverter.java:104)
	at org.springframework.web.servlet.mvc.method.annotation.AbstractMessageConverterMethodProcessor.writeWithMessageConverters(AbstractMessageConverterMethodProcessor.java:290)
	at org.springframework.web.servlet.mvc.method.annotation.RequestResponseBodyMethodProcessor.handleReturnValue(RequestResponseBodyMethodProcessor.java:183)
	at org.springframework.web.method.support.HandlerMethodReturnValueHandlerComposite.handleReturnValue(HandlerMethodReturnValueHandlerComposite.java:78)
	at org.springframework.web.servlet.mvc.method.annotation.ServletInvocableHandlerMethod.invokeAndHandle(ServletInvocableHandlerMethod.java:135)
	at org.springframework.web.servlet.mvc.method.annotation.ExceptionHandlerExceptionResolver.doResolveHandlerMethodException(ExceptionHandlerExceptionResolver.java:428)
	at org.springframework.web.servlet.handler.AbstractHandlerMethodExceptionResolver.doResolveException(AbstractHandlerMethodExceptionResolver.java:75)
	at org.springframework.web.servlet.handler.AbstractHandlerExceptionResolver.resolveException(AbstractHandlerExceptionResolver.java:142)
	at org.springframework.web.servlet.handler.HandlerExceptionResolverComposite.resolveException(HandlerExceptionResolverComposite.java:80)
	at org.springframework.web.servlet.DispatcherServlet.processHandlerException(DispatcherServlet.java:1332)
	at org.springframework.web.servlet.DispatcherServlet.processDispatchResult(DispatcherServlet.java:1143)
	at org.springframework.web.servlet.DispatcherServlet.doDispatch(DispatcherServlet.java:1089)
	at org.springframework.web.servlet.DispatcherServlet.doService(DispatcherServlet.java:965)
	at org.springframework.web.servlet.FrameworkServlet.processRequest(FrameworkServlet.java:1006)
	at org.springframework.web.servlet.FrameworkServlet.doPost(FrameworkServlet.java:909)
	at javax.servlet.http.HttpServlet.service(HttpServlet.java:555)
	at org.springframework.web.servlet.FrameworkServlet.service(FrameworkServlet.java:883)
	at javax.servlet.http.HttpServlet.service(HttpServlet.java:623)
	at org.apache.catalina.core.ApplicationFilterChain.internalDoFilter(ApplicationFilterChain.java:209)
	at org.apache.catalina.core.ApplicationFilterChain.doFilter(ApplicationFilterChain.java:153)
	at org.apache.tomcat.websocket.server.WsFilter.doFilter(WsFilter.java:51)
	at org.apache.catalina.core.ApplicationFilterChain.internalDoFilter(ApplicationFilterChain.java:178)
	at org.apache.catalina.core.ApplicationFilterChain.doFilter(ApplicationFilterChain.java:153)
	at org.springframework.web.filter.RequestContextFilter.doFilterInternal(RequestContextFilter.java:100)
	at org.springframework.web.filter.OncePerRequestFilter.doFilter(OncePerRequestFilter.java:117)
	at org.apache.catalina.core.ApplicationFilterChain.internalDoFilter(ApplicationFilterChain.java:178)
	at org.apache.catalina.core.ApplicationFilterChain.doFilter(ApplicationFilterChain.java:153)
	at org.springframework.web.filter.FormContentFilter.doFilterInternal(FormContentFilter.java:93)
	at org.springframework.web.filter.OncePerRequestFilter.doFilter(OncePerRequestFilter.java:117)
	at org.apache.catalina.core.ApplicationFilterChain.internalDoFilter(ApplicationFilterChain.java:178)
	at org.apache.catalina.core.ApplicationFilterChain.doFilter(ApplicationFilterChain.java:153)
	at javax.servlet.http.HttpFilter.doFilter(HttpFilter.java:85)
	at com.hwadee.springboot.config.CorsFilter.doFilter(CorsFilter.java:57)
	at javax.servlet.http.HttpFilter.doFilter(HttpFilter.java:53)
	at org.apache.catalina.core.ApplicationFilterChain.internalDoFilter(ApplicationFilterChain.java:178)
	at org.apache.catalina.core.ApplicationFilterChain.doFilter(ApplicationFilterChain.java:153)
	at org.springframework.web.filter.CharacterEncodingFilter.doFilterInternal(CharacterEncodingFilter.java:201)
	at org.springframework.web.filter.OncePerRequestFilter.doFilter(OncePerRequestFilter.java:117)
	at org.apache.catalina.core.ApplicationFilterChain.internalDoFilter(ApplicationFilterChain.java:178)
	at org.apache.catalina.core.ApplicationFilterChain.doFilter(ApplicationFilterChain.java:153)
	at org.apache.catalina.core.StandardWrapperValve.invoke(StandardWrapperValve.java:167)
	at org.apache.catalina.core.StandardContextValve.invoke(StandardContextValve.java:90)
	at org.apache.catalina.authenticator.AuthenticatorBase.invoke(AuthenticatorBase.java:481)
	at org.apache.catalina.core.StandardHostValve.invoke(StandardHostValve.java:130)
	at org.apache.catalina.valves.ErrorReportValve.invoke(ErrorReportValve.java:93)
	at org.apache.catalina.core.StandardEngineValve.invoke(StandardEngineValve.java:74)
	at org.apache.catalina.connector.CoyoteAdapter.service(CoyoteAdapter.java:343)
	at org.apache.coyote.http11.Http11Processor.service(Http11Processor.java:390)
	at org.apache.coyote.AbstractProcessorLight.process(AbstractProcessorLight.java:63)
	at org.apache.coyote.AbstractProtocol$ConnectionHandler.process(AbstractProtocol.java:926)
	at org.apache.tomcat.util.net.NioEndpoint$SocketProcessor.doRun(NioEndpoint.java:1791)
	at org.apache.tomcat.util.net.SocketProcessorBase.run(SocketProcessorBase.java:52)
	at org.apache.tomcat.util.threads.ThreadPoolExecutor.runWorker(ThreadPoolExecutor.java:1191)
	at org.apache.tomcat.util.threads.ThreadPoolExecutor$Worker.run(ThreadPoolExecutor.java:659)
	at org.apache.tomcat.util.threads.TaskThread$WrappingRunnable.run(TaskThread.java:61)
	at java.base/java.lang.Thread.run(Thread.java:1623)
Caused by: java.io.IOException: 你的主机中的软件中止了一个已建立的连接。
	at java.base/sun.nio.ch.SocketDispatcher.write0(Native Method)
	at java.base/sun.nio.ch.SocketDispatcher.write(SocketDispatcher.java:54)
	at java.base/sun.nio.ch.IOUtil.writeFromNativeBuffer(IOUtil.java:137)
	at java.base/sun.nio.ch.IOUtil.write(IOUtil.java:102)
	at java.base/sun.nio.ch.IOUtil.write(IOUtil.java:58)
	at java.base/sun.nio.ch.SocketChannelImpl.write(SocketChannelImpl.java:542)
	at org.apache.tomcat.util.net.NioChannel.write(NioChannel.java:136)
	at org.apache.tomcat.util.net.NioEndpoint$NioSocketWrapper.doWrite(NioEndpoint.java:1431)
	at org.apache.tomcat.util.net.SocketWrapperBase.doWrite(SocketWrapperBase.java:775)
	at org.apache.tomcat.util.net.SocketWrapperBase.writeBlocking(SocketWrapperBase.java:600)
	at org.apache.tomcat.util.net.SocketWrapperBase.write(SocketWrapperBase.java:544)
	at org.apache.coyote.http11.Http11OutputBuffer$SocketOutputBuffer.doWrite(Http11OutputBuffer.java:540)
	at org.apache.coyote.http11.filters.IdentityOutputFilter.doWrite(IdentityOutputFilter.java:73)
	at org.apache.coyote.http11.Http11OutputBuffer.doWrite(Http11OutputBuffer.java:193)
	at org.apache.coyote.Response.doWrite(Response.java:603)
	at org.apache.catalina.connector.OutputBuffer.realWriteBytes(OutputBuffer.java:338)
	... 64 common frames omitted
[WARN]2024-07-08 10:00:07,536 - Resolved [org.springframework.http.converter.HttpMessageNotReadableException: Required request body is missing: public com.hwadee.springboot.entity.Result com.hwadee.springboot.controller.VolunteerServiceRecordController.deleteApplyForActivity(java.util.Map<java.lang.String, java.lang.Object>)]
[WARN]2024-07-08 10:00:42,310 - Failure in @ExceptionHandler com.hwadee.springboot.exception.GlobalExceptionHandler#exceptionHandler(Exception)
org.apache.catalina.connector.ClientAbortException: java.io.IOException: 你的主机中的软件中止了一个已建立的连接。
	at org.apache.catalina.connector.OutputBuffer.realWriteBytes(OutputBuffer.java:351)
	at org.apache.catalina.connector.OutputBuffer.flushByteBuffer(OutputBuffer.java:784)
	at org.apache.catalina.connector.OutputBuffer.doFlush(OutputBuffer.java:298)
	at org.apache.catalina.connector.OutputBuffer.flush(OutputBuffer.java:271)
	at org.apache.catalina.connector.CoyoteOutputStream.flush(CoyoteOutputStream.java:120)
	at java.base/java.io.FilterOutputStream.flush(FilterOutputStream.java:154)
	at com.fasterxml.jackson.core.json.UTF8JsonGenerator.flush(UTF8JsonGenerator.java:1187)
	at com.fasterxml.jackson.databind.ObjectWriter.writeValue(ObjectWriter.java:1009)
	at org.springframework.http.converter.json.AbstractJackson2HttpMessageConverter.writeInternal(AbstractJackson2HttpMessageConverter.java:456)
	at org.springframework.http.converter.AbstractGenericHttpMessageConverter.write(AbstractGenericHttpMessageConverter.java:104)
	at org.springframework.web.servlet.mvc.method.annotation.AbstractMessageConverterMethodProcessor.writeWithMessageConverters(AbstractMessageConverterMethodProcessor.java:290)
	at org.springframework.web.servlet.mvc.method.annotation.RequestResponseBodyMethodProcessor.handleReturnValue(RequestResponseBodyMethodProcessor.java:183)
	at org.springframework.web.method.support.HandlerMethodReturnValueHandlerComposite.handleReturnValue(HandlerMethodReturnValueHandlerComposite.java:78)
	at org.springframework.web.servlet.mvc.method.annotation.ServletInvocableHandlerMethod.invokeAndHandle(ServletInvocableHandlerMethod.java:135)
	at org.springframework.web.servlet.mvc.method.annotation.ExceptionHandlerExceptionResolver.doResolveHandlerMethodException(ExceptionHandlerExceptionResolver.java:428)
	at org.springframework.web.servlet.handler.AbstractHandlerMethodExceptionResolver.doResolveException(AbstractHandlerMethodExceptionResolver.java:75)
	at org.springframework.web.servlet.handler.AbstractHandlerExceptionResolver.resolveException(AbstractHandlerExceptionResolver.java:142)
	at org.springframework.web.servlet.handler.HandlerExceptionResolverComposite.resolveException(HandlerExceptionResolverComposite.java:80)
	at org.springframework.web.servlet.DispatcherServlet.processHandlerException(DispatcherServlet.java:1332)
	at org.springframework.web.servlet.DispatcherServlet.processDispatchResult(DispatcherServlet.java:1143)
	at org.springframework.web.servlet.DispatcherServlet.doDispatch(DispatcherServlet.java:1089)
	at org.springframework.web.servlet.DispatcherServlet.doService(DispatcherServlet.java:965)
	at org.springframework.web.servlet.FrameworkServlet.processRequest(FrameworkServlet.java:1006)
	at org.springframework.web.servlet.FrameworkServlet.doPost(FrameworkServlet.java:909)
	at javax.servlet.http.HttpServlet.service(HttpServlet.java:555)
	at org.springframework.web.servlet.FrameworkServlet.service(FrameworkServlet.java:883)
	at javax.servlet.http.HttpServlet.service(HttpServlet.java:623)
	at org.apache.catalina.core.ApplicationFilterChain.internalDoFilter(ApplicationFilterChain.java:209)
	at org.apache.catalina.core.ApplicationFilterChain.doFilter(ApplicationFilterChain.java:153)
	at org.apache.tomcat.websocket.server.WsFilter.doFilter(WsFilter.java:51)
	at org.apache.catalina.core.ApplicationFilterChain.internalDoFilter(ApplicationFilterChain.java:178)
	at org.apache.catalina.core.ApplicationFilterChain.doFilter(ApplicationFilterChain.java:153)
	at org.springframework.web.filter.RequestContextFilter.doFilterInternal(RequestContextFilter.java:100)
	at org.springframework.web.filter.OncePerRequestFilter.doFilter(OncePerRequestFilter.java:117)
	at org.apache.catalina.core.ApplicationFilterChain.internalDoFilter(ApplicationFilterChain.java:178)
	at org.apache.catalina.core.ApplicationFilterChain.doFilter(ApplicationFilterChain.java:153)
	at org.springframework.web.filter.FormContentFilter.doFilterInternal(FormContentFilter.java:93)
	at org.springframework.web.filter.OncePerRequestFilter.doFilter(OncePerRequestFilter.java:117)
	at org.apache.catalina.core.ApplicationFilterChain.internalDoFilter(ApplicationFilterChain.java:178)
	at org.apache.catalina.core.ApplicationFilterChain.doFilter(ApplicationFilterChain.java:153)
	at javax.servlet.http.HttpFilter.doFilter(HttpFilter.java:85)
	at com.hwadee.springboot.config.CorsFilter.doFilter(CorsFilter.java:57)
	at javax.servlet.http.HttpFilter.doFilter(HttpFilter.java:53)
	at org.apache.catalina.core.ApplicationFilterChain.internalDoFilter(ApplicationFilterChain.java:178)
	at org.apache.catalina.core.ApplicationFilterChain.doFilter(ApplicationFilterChain.java:153)
	at org.springframework.web.filter.CharacterEncodingFilter.doFilterInternal(CharacterEncodingFilter.java:201)
	at org.springframework.web.filter.OncePerRequestFilter.doFilter(OncePerRequestFilter.java:117)
	at org.apache.catalina.core.ApplicationFilterChain.internalDoFilter(ApplicationFilterChain.java:178)
	at org.apache.catalina.core.ApplicationFilterChain.doFilter(ApplicationFilterChain.java:153)
	at org.apache.catalina.core.StandardWrapperValve.invoke(StandardWrapperValve.java:167)
	at org.apache.catalina.core.StandardContextValve.invoke(StandardContextValve.java:90)
	at org.apache.catalina.authenticator.AuthenticatorBase.invoke(AuthenticatorBase.java:481)
	at org.apache.catalina.core.StandardHostValve.invoke(StandardHostValve.java:130)
	at org.apache.catalina.valves.ErrorReportValve.invoke(ErrorReportValve.java:93)
	at org.apache.catalina.core.StandardEngineValve.invoke(StandardEngineValve.java:74)
	at org.apache.catalina.connector.CoyoteAdapter.service(CoyoteAdapter.java:343)
	at org.apache.coyote.http11.Http11Processor.service(Http11Processor.java:390)
	at org.apache.coyote.AbstractProcessorLight.process(AbstractProcessorLight.java:63)
	at org.apache.coyote.AbstractProtocol$ConnectionHandler.process(AbstractProtocol.java:926)
	at org.apache.tomcat.util.net.NioEndpoint$SocketProcessor.doRun(NioEndpoint.java:1791)
	at org.apache.tomcat.util.net.SocketProcessorBase.run(SocketProcessorBase.java:52)
	at org.apache.tomcat.util.threads.ThreadPoolExecutor.runWorker(ThreadPoolExecutor.java:1191)
	at org.apache.tomcat.util.threads.ThreadPoolExecutor$Worker.run(ThreadPoolExecutor.java:659)
	at org.apache.tomcat.util.threads.TaskThread$WrappingRunnable.run(TaskThread.java:61)
	at java.base/java.lang.Thread.run(Thread.java:1623)
Caused by: java.io.IOException: 你的主机中的软件中止了一个已建立的连接。
	at java.base/sun.nio.ch.SocketDispatcher.write0(Native Method)
	at java.base/sun.nio.ch.SocketDispatcher.write(SocketDispatcher.java:54)
	at java.base/sun.nio.ch.IOUtil.writeFromNativeBuffer(IOUtil.java:137)
	at java.base/sun.nio.ch.IOUtil.write(IOUtil.java:102)
	at java.base/sun.nio.ch.IOUtil.write(IOUtil.java:58)
	at java.base/sun.nio.ch.SocketChannelImpl.write(SocketChannelImpl.java:542)
	at org.apache.tomcat.util.net.NioChannel.write(NioChannel.java:136)
	at org.apache.tomcat.util.net.NioEndpoint$NioSocketWrapper.doWrite(NioEndpoint.java:1431)
	at org.apache.tomcat.util.net.SocketWrapperBase.doWrite(SocketWrapperBase.java:775)
	at org.apache.tomcat.util.net.SocketWrapperBase.writeBlocking(SocketWrapperBase.java:600)
	at org.apache.tomcat.util.net.SocketWrapperBase.write(SocketWrapperBase.java:544)
	at org.apache.coyote.http11.Http11OutputBuffer$SocketOutputBuffer.doWrite(Http11OutputBuffer.java:540)
	at org.apache.coyote.http11.filters.IdentityOutputFilter.doWrite(IdentityOutputFilter.java:73)
	at org.apache.coyote.http11.Http11OutputBuffer.doWrite(Http11OutputBuffer.java:193)
	at org.apache.coyote.Response.doWrite(Response.java:603)
	at org.apache.catalina.connector.OutputBuffer.realWriteBytes(OutputBuffer.java:338)
	... 64 common frames omitted
[WARN]2024-07-08 10:00:45,656 - Resolved [org.springframework.http.converter.HttpMessageNotReadableException: Required request body is missing: public com.hwadee.springboot.entity.Result com.hwadee.springboot.controller.VolunteerServiceRecordController.deleteApplyForActivity(java.util.Map<java.lang.String, java.lang.Object>)]
[WARN]2024-07-08 10:07:27,797 - Resolved [org.springframework.http.converter.HttpMessageNotReadableException: JSON parse error: Cannot deserialize value of type `java.lang.String` from Array value (token `JsonToken.START_ARRAY`); nested exception is com.fasterxml.jackson.databind.exc.MismatchedInputException: Cannot deserialize value of type `java.lang.String` from Array value (token `JsonToken.START_ARRAY`)<EOL> at [Source: (org.springframework.util.StreamUtils$NonClosingInputStream); line: 1, column: 135] (through reference chain: java.util.LinkedHashMap["members"])]
[INFO]2024-07-08 10:22:49,436 - Closing JPA EntityManagerFactory for persistence unit 'default'
[INFO]2024-07-08 10:22:49,440 - HikariPool-1 - Shutdown initiated...
[INFO]2024-07-08 10:22:49,447 - HikariPool-1 - Shutdown completed.
[INFO]2024-07-08 10:23:27,259 - Starting SpringbootApplication using Java 20.0.1 on LAPTOP-L2BN52PD with PID 11504 (E:\shixi\springboot\target\classes started by jiaoy in E:\shixi\springboot)
[INFO]2024-07-08 10:23:27,260 - No active profile set, falling back to 1 default profile: "default"
[INFO]2024-07-08 10:23:27,315 - Devtools property defaults active! Set 'spring.devtools.add-properties' to 'false' to disable
[INFO]2024-07-08 10:23:27,315 - For additional web related logging consider setting the 'logging.level.web' property to 'DEBUG'
[INFO]2024-07-08 10:23:27,970 - Multiple Spring Data modules found, entering strict repository configuration mode
[INFO]2024-07-08 10:23:27,971 - Bootstrapping Spring Data JPA repositories in DEFAULT mode.
[INFO]2024-07-08 10:23:27,990 - Finished Spring Data repository scanning in 10 ms. Found 0 JPA repository interfaces.
[INFO]2024-07-08 10:23:28,002 - Multiple Spring Data modules found, entering strict repository configuration mode
[INFO]2024-07-08 10:23:28,003 - Bootstrapping Spring Data Redis repositories in DEFAULT mode.
[INFO]2024-07-08 10:23:28,015 - Finished Spring Data repository scanning in 4 ms. Found 0 Redis repository interfaces.
[INFO]2024-07-08 10:23:28,505 - Tomcat initialized with port(s): 8080 (http)
[INFO]2024-07-08 10:23:28,507 - Loaded Apache Tomcat Native library [1.3.0] using APR version [1.7.4].
[INFO]2024-07-08 10:23:28,508 - APR capabilities: IPv6 [true], sendfile [true], accept filters [false], random [true], UDS [true].
[INFO]2024-07-08 10:23:28,508 - APR/OpenSSL configuration: useAprConnector [false], useOpenSSL [true]
[INFO]2024-07-08 10:23:28,513 - OpenSSL successfully initialized [OpenSSL 3.0.13 30 Jan 2024]
[INFO]2024-07-08 10:23:28,517 - Initializing ProtocolHandler ["http-nio-8080"]
[INFO]2024-07-08 10:23:28,518 - Starting service [Tomcat]
[INFO]2024-07-08 10:23:28,518 - Starting Servlet engine: [Apache Tomcat/9.0.76]
[INFO]2024-07-08 10:23:28,585 - Initializing Spring embedded WebApplicationContext
[INFO]2024-07-08 10:23:28,585 - Root WebApplicationContext: initialization completed in 1270 ms
[INFO]2024-07-08 10:23:28,698 - HikariPool-1 - Starting...
[WARN]2024-07-08 10:23:28,700 - Registered driver with driverClassName=com.mysql.jdbc.Driver was not found, trying direct instantiation.
[INFO]2024-07-08 10:23:28,801 - HikariPool-1 - Start completed.
[INFO]2024-07-08 10:23:28,865 - HHH000412: Hibernate ORM core version 5.6.15.Final
[INFO]2024-07-08 10:23:28,960 - HCANN000001: Hibernate Commons Annotations {5.1.2.Final}
[INFO]2024-07-08 10:23:29,040 - HHH000400: Using dialect: org.hibernate.dialect.MySQL55Dialect
[INFO]2024-07-08 10:23:29,131 - HHH000490: Using JtaPlatform implementation: [org.hibernate.engine.transaction.jta.platform.internal.NoJtaPlatform]
[INFO]2024-07-08 10:23:29,139 - Initialized JPA EntityManagerFactory for persistence unit 'default'
[INFO]2024-07-08 10:23:29,626 - 自定义Redis配置--
[WARN]2024-07-08 10:23:29,679 - spring.jpa.open-in-view is enabled by default. Therefore, database queries may be performed during view rendering. Explicitly configure spring.jpa.open-in-view to disable this warning
[INFO]2024-07-08 10:23:29,794 - Adding welcome page template: index
[INFO]2024-07-08 10:23:30,057 - LiveReload server is running on port 35729
[INFO]2024-07-08 10:23:30,080 - Starting ProtocolHandler ["http-nio-8080"]
[INFO]2024-07-08 10:23:30,097 - Tomcat started on port(s): 8080 (http) with context path ''
[INFO]2024-07-08 10:23:30,113 - Started SpringbootApplication in 3.237 seconds (JVM running for 3.924)
[INFO]2024-07-08 10:23:30,407 - Initializing Spring DispatcherServlet 'dispatcherServlet'
[INFO]2024-07-08 10:23:30,407 - Initializing Servlet 'dispatcherServlet'
[INFO]2024-07-08 10:23:30,408 - Completed initialization in 1 ms
[WARN]2024-07-08 10:23:48,289 - Failed to perform cleanup of multipart items
java.io.UncheckedIOException: Cannot delete C:\Users\jiaoy\AppData\Local\Temp\tomcat.8080.1799872047092184456\work\Tomcat\localhost\ROOT\upload_34bf923c_6ad3_4452_ad71_70ebd67f64fd_00000001.tmp
	at org.apache.tomcat.util.http.fileupload.disk.DiskFileItem.delete(DiskFileItem.java:431)
	at org.apache.catalina.core.ApplicationPart.delete(ApplicationPart.java:53)
	at org.springframework.web.multipart.support.StandardServletMultipartResolver.cleanupMultipart(StandardServletMultipartResolver.java:134)
	at org.springframework.web.servlet.DispatcherServlet.cleanupMultipart(DispatcherServlet.java:1251)
	at org.springframework.web.servlet.DispatcherServlet.doDispatch(DispatcherServlet.java:1108)
	at org.springframework.web.servlet.DispatcherServlet.doService(DispatcherServlet.java:965)
	at org.springframework.web.servlet.FrameworkServlet.processRequest(FrameworkServlet.java:1006)
	at org.springframework.web.servlet.FrameworkServlet.doPost(FrameworkServlet.java:909)
	at javax.servlet.http.HttpServlet.service(HttpServlet.java:555)
	at org.springframework.web.servlet.FrameworkServlet.service(FrameworkServlet.java:883)
	at javax.servlet.http.HttpServlet.service(HttpServlet.java:623)
	at org.apache.catalina.core.ApplicationFilterChain.internalDoFilter(ApplicationFilterChain.java:209)
	at org.apache.catalina.core.ApplicationFilterChain.doFilter(ApplicationFilterChain.java:153)
	at org.apache.tomcat.websocket.server.WsFilter.doFilter(WsFilter.java:51)
	at org.apache.catalina.core.ApplicationFilterChain.internalDoFilter(ApplicationFilterChain.java:178)
	at org.apache.catalina.core.ApplicationFilterChain.doFilter(ApplicationFilterChain.java:153)
	at org.springframework.web.filter.RequestContextFilter.doFilterInternal(RequestContextFilter.java:100)
	at org.springframework.web.filter.OncePerRequestFilter.doFilter(OncePerRequestFilter.java:117)
	at org.apache.catalina.core.ApplicationFilterChain.internalDoFilter(ApplicationFilterChain.java:178)
	at org.apache.catalina.core.ApplicationFilterChain.doFilter(ApplicationFilterChain.java:153)
	at org.springframework.web.filter.FormContentFilter.doFilterInternal(FormContentFilter.java:93)
	at org.springframework.web.filter.OncePerRequestFilter.doFilter(OncePerRequestFilter.java:117)
	at org.apache.catalina.core.ApplicationFilterChain.internalDoFilter(ApplicationFilterChain.java:178)
	at org.apache.catalina.core.ApplicationFilterChain.doFilter(ApplicationFilterChain.java:153)
	at javax.servlet.http.HttpFilter.doFilter(HttpFilter.java:85)
	at com.hwadee.springboot.config.CorsFilter.doFilter(CorsFilter.java:57)
	at javax.servlet.http.HttpFilter.doFilter(HttpFilter.java:53)
	at org.apache.catalina.core.ApplicationFilterChain.internalDoFilter(ApplicationFilterChain.java:178)
	at org.apache.catalina.core.ApplicationFilterChain.doFilter(ApplicationFilterChain.java:153)
	at org.springframework.web.filter.CharacterEncodingFilter.doFilterInternal(CharacterEncodingFilter.java:201)
	at org.springframework.web.filter.OncePerRequestFilter.doFilter(OncePerRequestFilter.java:117)
	at org.apache.catalina.core.ApplicationFilterChain.internalDoFilter(ApplicationFilterChain.java:178)
	at org.apache.catalina.core.ApplicationFilterChain.doFilter(ApplicationFilterChain.java:153)
	at org.apache.catalina.core.StandardWrapperValve.invoke(StandardWrapperValve.java:167)
	at org.apache.catalina.core.StandardContextValve.invoke(StandardContextValve.java:90)
	at org.apache.catalina.authenticator.AuthenticatorBase.invoke(AuthenticatorBase.java:481)
	at org.apache.catalina.core.StandardHostValve.invoke(StandardHostValve.java:130)
	at org.apache.catalina.valves.ErrorReportValve.invoke(ErrorReportValve.java:93)
	at org.apache.catalina.core.StandardEngineValve.invoke(StandardEngineValve.java:74)
	at org.apache.catalina.connector.CoyoteAdapter.service(CoyoteAdapter.java:343)
	at org.apache.coyote.http11.Http11Processor.service(Http11Processor.java:390)
	at org.apache.coyote.AbstractProcessorLight.process(AbstractProcessorLight.java:63)
	at org.apache.coyote.AbstractProtocol$ConnectionHandler.process(AbstractProtocol.java:926)
	at org.apache.tomcat.util.net.NioEndpoint$SocketProcessor.doRun(NioEndpoint.java:1791)
	at org.apache.tomcat.util.net.SocketProcessorBase.run(SocketProcessorBase.java:52)
	at org.apache.tomcat.util.threads.ThreadPoolExecutor.runWorker(ThreadPoolExecutor.java:1191)
	at org.apache.tomcat.util.threads.ThreadPoolExecutor$Worker.run(ThreadPoolExecutor.java:659)
	at org.apache.tomcat.util.threads.TaskThread$WrappingRunnable.run(TaskThread.java:61)
	at java.base/java.lang.Thread.run(Thread.java:1623)
Caused by: java.io.IOException: Cannot delete C:\Users\jiaoy\AppData\Local\Temp\tomcat.8080.1799872047092184456\work\Tomcat\localhost\ROOT\upload_34bf923c_6ad3_4452_ad71_70ebd67f64fd_00000001.tmp
	... 49 common frames omitted
[ERROR]2024-07-08 10:23:48,291 - Error processing request
java.io.UncheckedIOException: Cannot delete C:\Users\jiaoy\AppData\Local\Temp\tomcat.8080.1799872047092184456\work\Tomcat\localhost\ROOT\upload_34bf923c_6ad3_4452_ad71_70ebd67f64fd_00000001.tmp
	at org.apache.tomcat.util.http.fileupload.disk.DiskFileItem.delete(DiskFileItem.java:431)
	at org.apache.catalina.core.ApplicationPart.delete(ApplicationPart.java:53)
	at org.apache.catalina.connector.Request.recycle(Request.java:474)
	at org.apache.catalina.connector.CoyoteAdapter.service(CoyoteAdapter.java:421)
	at org.apache.coyote.http11.Http11Processor.service(Http11Processor.java:390)
	at org.apache.coyote.AbstractProcessorLight.process(AbstractProcessorLight.java:63)
	at org.apache.coyote.AbstractProtocol$ConnectionHandler.process(AbstractProtocol.java:926)
	at org.apache.tomcat.util.net.NioEndpoint$SocketProcessor.doRun(NioEndpoint.java:1791)
	at org.apache.tomcat.util.net.SocketProcessorBase.run(SocketProcessorBase.java:52)
	at org.apache.tomcat.util.threads.ThreadPoolExecutor.runWorker(ThreadPoolExecutor.java:1191)
	at org.apache.tomcat.util.threads.ThreadPoolExecutor$Worker.run(ThreadPoolExecutor.java:659)
	at org.apache.tomcat.util.threads.TaskThread$WrappingRunnable.run(TaskThread.java:61)
	at java.base/java.lang.Thread.run(Thread.java:1623)
Caused by: java.io.IOException: Cannot delete C:\Users\jiaoy\AppData\Local\Temp\tomcat.8080.1799872047092184456\work\Tomcat\localhost\ROOT\upload_34bf923c_6ad3_4452_ad71_70ebd67f64fd_00000001.tmp
	... 13 common frames omitted
[ERROR]2024-07-08 10:23:48,292 - Error reading request, ignored
java.io.UncheckedIOException: Cannot delete C:\Users\jiaoy\AppData\Local\Temp\tomcat.8080.1799872047092184456\work\Tomcat\localhost\ROOT\upload_34bf923c_6ad3_4452_ad71_70ebd67f64fd_00000001.tmp
	at org.apache.tomcat.util.http.fileupload.disk.DiskFileItem.delete(DiskFileItem.java:431)
	at org.apache.catalina.core.ApplicationPart.delete(ApplicationPart.java:53)
	at org.apache.catalina.connector.Request.recycle(Request.java:474)
	at org.apache.catalina.connector.CoyoteAdapter.log(CoyoteAdapter.java:494)
	at org.apache.coyote.http11.Http11Processor.service(Http11Processor.java:420)
	at org.apache.coyote.AbstractProcessorLight.process(AbstractProcessorLight.java:63)
	at org.apache.coyote.AbstractProtocol$ConnectionHandler.process(AbstractProtocol.java:926)
	at org.apache.tomcat.util.net.NioEndpoint$SocketProcessor.doRun(NioEndpoint.java:1791)
	at org.apache.tomcat.util.net.SocketProcessorBase.run(SocketProcessorBase.java:52)
	at org.apache.tomcat.util.threads.ThreadPoolExecutor.runWorker(ThreadPoolExecutor.java:1191)
	at org.apache.tomcat.util.threads.ThreadPoolExecutor$Worker.run(ThreadPoolExecutor.java:659)
	at org.apache.tomcat.util.threads.TaskThread$WrappingRunnable.run(TaskThread.java:61)
	at java.base/java.lang.Thread.run(Thread.java:1623)
Caused by: java.io.IOException: Cannot delete C:\Users\jiaoy\AppData\Local\Temp\tomcat.8080.1799872047092184456\work\Tomcat\localhost\ROOT\upload_34bf923c_6ad3_4452_ad71_70ebd67f64fd_00000001.tmp
	... 13 common frames omitted
[ERROR]2024-07-08 10:23:48,293 - Error running socket processor
java.io.UncheckedIOException: Cannot delete C:\Users\jiaoy\AppData\Local\Temp\tomcat.8080.1799872047092184456\work\Tomcat\localhost\ROOT\upload_34bf923c_6ad3_4452_ad71_70ebd67f64fd_00000001.tmp
	at org.apache.tomcat.util.http.fileupload.disk.DiskFileItem.delete(DiskFileItem.java:431)
	at org.apache.catalina.core.ApplicationPart.delete(ApplicationPart.java:53)
	at org.apache.catalina.connector.Request.recycle(Request.java:474)
	at org.apache.catalina.connector.CoyoteAdapter.log(CoyoteAdapter.java:494)
	at org.apache.catalina.connector.CoyoteAdapter.checkRecycled(CoyoteAdapter.java:517)
	at org.apache.coyote.http11.Http11Processor.recycle(Http11Processor.java:1417)
	at org.apache.coyote.AbstractProtocol$ConnectionHandler.release(AbstractProtocol.java:1129)
	at org.apache.coyote.AbstractProtocol$ConnectionHandler.process(AbstractProtocol.java:1090)
	at org.apache.tomcat.util.net.NioEndpoint$SocketProcessor.doRun(NioEndpoint.java:1791)
	at org.apache.tomcat.util.net.SocketProcessorBase.run(SocketProcessorBase.java:52)
	at org.apache.tomcat.util.threads.ThreadPoolExecutor.runWorker(ThreadPoolExecutor.java:1191)
	at org.apache.tomcat.util.threads.ThreadPoolExecutor$Worker.run(ThreadPoolExecutor.java:659)
	at org.apache.tomcat.util.threads.TaskThread$WrappingRunnable.run(TaskThread.java:61)
	at java.base/java.lang.Thread.run(Thread.java:1623)
Caused by: java.io.IOException: Cannot delete C:\Users\jiaoy\AppData\Local\Temp\tomcat.8080.1799872047092184456\work\Tomcat\localhost\ROOT\upload_34bf923c_6ad3_4452_ad71_70ebd67f64fd_00000001.tmp
	... 14 common frames omitted
[INFO]2024-07-08 10:24:13,076 - Closing JPA EntityManagerFactory for persistence unit 'default'
[INFO]2024-07-08 10:24:13,079 - HikariPool-1 - Shutdown initiated...
[INFO]2024-07-08 10:24:13,083 - HikariPool-1 - Shutdown completed.
[INFO]2024-07-08 10:24:18,217 - Starting SpringbootApplication using Java 20.0.1 on LAPTOP-L2BN52PD with PID 10644 (E:\shixi\springboot\target\classes started by jiaoy in E:\shixi\springboot)
[INFO]2024-07-08 10:24:18,218 - No active profile set, falling back to 1 default profile: "default"
[INFO]2024-07-08 10:24:18,257 - Devtools property defaults active! Set 'spring.devtools.add-properties' to 'false' to disable
[INFO]2024-07-08 10:24:18,257 - For additional web related logging consider setting the 'logging.level.web' property to 'DEBUG'
[INFO]2024-07-08 10:24:18,853 - Multiple Spring Data modules found, entering strict repository configuration mode
[INFO]2024-07-08 10:24:18,854 - Bootstrapping Spring Data JPA repositories in DEFAULT mode.
[INFO]2024-07-08 10:24:18,868 - Finished Spring Data repository scanning in 8 ms. Found 0 JPA repository interfaces.
[INFO]2024-07-08 10:24:18,878 - Multiple Spring Data modules found, entering strict repository configuration mode
[INFO]2024-07-08 10:24:18,879 - Bootstrapping Spring Data Redis repositories in DEFAULT mode.
[INFO]2024-07-08 10:24:18,887 - Finished Spring Data repository scanning in 3 ms. Found 0 Redis repository interfaces.
[INFO]2024-07-08 10:24:19,386 - Tomcat initialized with port(s): 8080 (http)
[INFO]2024-07-08 10:24:19,387 - Loaded Apache Tomcat Native library [1.3.0] using APR version [1.7.4].
[INFO]2024-07-08 10:24:19,388 - APR capabilities: IPv6 [true], sendfile [true], accept filters [false], random [true], UDS [true].
[INFO]2024-07-08 10:24:19,388 - APR/OpenSSL configuration: useAprConnector [false], useOpenSSL [true]
[INFO]2024-07-08 10:24:19,393 - OpenSSL successfully initialized [OpenSSL 3.0.13 30 Jan 2024]
[INFO]2024-07-08 10:24:19,399 - Initializing ProtocolHandler ["http-nio-8080"]
[INFO]2024-07-08 10:24:19,400 - Starting service [Tomcat]
[INFO]2024-07-08 10:24:19,400 - Starting Servlet engine: [Apache Tomcat/9.0.76]
[INFO]2024-07-08 10:24:19,450 - Initializing Spring embedded WebApplicationContext
[INFO]2024-07-08 10:24:19,450 - Root WebApplicationContext: initialization completed in 1192 ms
[INFO]2024-07-08 10:24:19,565 - HikariPool-1 - Starting...
[WARN]2024-07-08 10:24:19,567 - Registered driver with driverClassName=com.mysql.jdbc.Driver was not found, trying direct instantiation.
[INFO]2024-07-08 10:24:19,660 - HikariPool-1 - Start completed.
[INFO]2024-07-08 10:24:19,718 - HHH000412: Hibernate ORM core version 5.6.15.Final
[INFO]2024-07-08 10:24:19,813 - HCANN000001: Hibernate Commons Annotations {5.1.2.Final}
[INFO]2024-07-08 10:24:19,886 - HHH000400: Using dialect: org.hibernate.dialect.MySQL55Dialect
[INFO]2024-07-08 10:24:19,983 - HHH000490: Using JtaPlatform implementation: [org.hibernate.engine.transaction.jta.platform.internal.NoJtaPlatform]
[INFO]2024-07-08 10:24:19,991 - Initialized JPA EntityManagerFactory for persistence unit 'default'
[INFO]2024-07-08 10:24:20,484 - 自定义Redis配置--
[WARN]2024-07-08 10:24:20,529 - spring.jpa.open-in-view is enabled by default. Therefore, database queries may be performed during view rendering. Explicitly configure spring.jpa.open-in-view to disable this warning
[INFO]2024-07-08 10:24:20,659 - Adding welcome page template: index
[INFO]2024-07-08 10:24:20,908 - LiveReload server is running on port 35729
[INFO]2024-07-08 10:24:20,928 - Starting ProtocolHandler ["http-nio-8080"]
[INFO]2024-07-08 10:24:20,944 - Tomcat started on port(s): 8080 (http) with context path ''
[INFO]2024-07-08 10:24:20,959 - Started SpringbootApplication in 3.071 seconds (JVM running for 3.673)
[INFO]2024-07-08 10:24:22,975 - Initializing Spring DispatcherServlet 'dispatcherServlet'
[INFO]2024-07-08 10:24:22,975 - Initializing Servlet 'dispatcherServlet'
[INFO]2024-07-08 10:24:22,976 - Completed initialization in 1 ms
[ERROR]2024-07-08 10:29:46,115 - Servlet.service() for servlet [dispatcherServlet] in context with path [] threw exception [Request processing failed; nested exception is org.springframework.web.multipart.MaxUploadSizeExceededException: Maximum upload size exceeded; nested exception is java.lang.IllegalStateException: org.apache.tomcat.util.http.fileupload.impl.FileSizeLimitExceededException: The field avatar exceeds its maximum permitted size of 1048576 bytes.] with root cause
org.apache.tomcat.util.http.fileupload.impl.FileSizeLimitExceededException: The field avatar exceeds its maximum permitted size of 1048576 bytes.
	at org.apache.tomcat.util.http.fileupload.impl.FileItemStreamImpl$1.raiseError(FileItemStreamImpl.java:117)
	at org.apache.tomcat.util.http.fileupload.util.LimitedInputStream.checkLimit(LimitedInputStream.java:76)
	at org.apache.tomcat.util.http.fileupload.util.LimitedInputStream.read(LimitedInputStream.java:135)
	at java.base/java.io.FilterInputStream.read(FilterInputStream.java:95)
	at org.apache.tomcat.util.http.fileupload.util.Streams.copy(Streams.java:97)
	at org.apache.tomcat.util.http.fileupload.FileUploadBase.parseRequest(FileUploadBase.java:317)
	at org.apache.catalina.connector.Request.parseParts(Request.java:2849)
	at org.apache.catalina.connector.Request.getParts(Request.java:2750)
	at org.apache.catalina.connector.RequestFacade.getParts(RequestFacade.java:796)
	at org.springframework.web.multipart.support.StandardMultipartHttpServletRequest.parseRequest(StandardMultipartHttpServletRequest.java:95)
	at org.springframework.web.multipart.support.StandardMultipartHttpServletRequest.<init>(StandardMultipartHttpServletRequest.java:88)
	at org.springframework.web.multipart.support.StandardServletMultipartResolver.resolveMultipart(StandardServletMultipartResolver.java:122)
	at org.springframework.web.servlet.DispatcherServlet.checkMultipart(DispatcherServlet.java:1210)
	at org.springframework.web.servlet.DispatcherServlet.doDispatch(DispatcherServlet.java:1044)
	at org.springframework.web.servlet.DispatcherServlet.doService(DispatcherServlet.java:965)
	at org.springframework.web.servlet.FrameworkServlet.processRequest(FrameworkServlet.java:1006)
	at org.springframework.web.servlet.FrameworkServlet.doPost(FrameworkServlet.java:909)
	at javax.servlet.http.HttpServlet.service(HttpServlet.java:555)
	at org.springframework.web.servlet.FrameworkServlet.service(FrameworkServlet.java:883)
	at javax.servlet.http.HttpServlet.service(HttpServlet.java:623)
	at org.apache.catalina.core.ApplicationFilterChain.internalDoFilter(ApplicationFilterChain.java:209)
	at org.apache.catalina.core.ApplicationFilterChain.doFilter(ApplicationFilterChain.java:153)
	at org.apache.tomcat.websocket.server.WsFilter.doFilter(WsFilter.java:51)
	at org.apache.catalina.core.ApplicationFilterChain.internalDoFilter(ApplicationFilterChain.java:178)
	at org.apache.catalina.core.ApplicationFilterChain.doFilter(ApplicationFilterChain.java:153)
	at org.springframework.web.filter.RequestContextFilter.doFilterInternal(RequestContextFilter.java:100)
	at org.springframework.web.filter.OncePerRequestFilter.doFilter(OncePerRequestFilter.java:117)
	at org.apache.catalina.core.ApplicationFilterChain.internalDoFilter(ApplicationFilterChain.java:178)
	at org.apache.catalina.core.ApplicationFilterChain.doFilter(ApplicationFilterChain.java:153)
	at org.springframework.web.filter.FormContentFilter.doFilterInternal(FormContentFilter.java:93)
	at org.springframework.web.filter.OncePerRequestFilter.doFilter(OncePerRequestFilter.java:117)
	at org.apache.catalina.core.ApplicationFilterChain.internalDoFilter(ApplicationFilterChain.java:178)
	at org.apache.catalina.core.ApplicationFilterChain.doFilter(ApplicationFilterChain.java:153)
	at javax.servlet.http.HttpFilter.doFilter(HttpFilter.java:85)
	at com.hwadee.springboot.config.CorsFilter.doFilter(CorsFilter.java:57)
	at javax.servlet.http.HttpFilter.doFilter(HttpFilter.java:53)
	at org.apache.catalina.core.ApplicationFilterChain.internalDoFilter(ApplicationFilterChain.java:178)
	at org.apache.catalina.core.ApplicationFilterChain.doFilter(ApplicationFilterChain.java:153)
	at org.springframework.web.filter.CharacterEncodingFilter.doFilterInternal(CharacterEncodingFilter.java:201)
	at org.springframework.web.filter.OncePerRequestFilter.doFilter(OncePerRequestFilter.java:117)
	at org.apache.catalina.core.ApplicationFilterChain.internalDoFilter(ApplicationFilterChain.java:178)
	at org.apache.catalina.core.ApplicationFilterChain.doFilter(ApplicationFilterChain.java:153)
	at org.apache.catalina.core.StandardWrapperValve.invoke(StandardWrapperValve.java:167)
	at org.apache.catalina.core.StandardContextValve.invoke(StandardContextValve.java:90)
	at org.apache.catalina.authenticator.AuthenticatorBase.invoke(AuthenticatorBase.java:481)
	at org.apache.catalina.core.StandardHostValve.invoke(StandardHostValve.java:130)
	at org.apache.catalina.valves.ErrorReportValve.invoke(ErrorReportValve.java:93)
	at org.apache.catalina.core.StandardEngineValve.invoke(StandardEngineValve.java:74)
	at org.apache.catalina.connector.CoyoteAdapter.service(CoyoteAdapter.java:343)
	at org.apache.coyote.http11.Http11Processor.service(Http11Processor.java:390)
	at org.apache.coyote.AbstractProcessorLight.process(AbstractProcessorLight.java:63)
	at org.apache.coyote.AbstractProtocol$ConnectionHandler.process(AbstractProtocol.java:926)
	at org.apache.tomcat.util.net.NioEndpoint$SocketProcessor.doRun(NioEndpoint.java:1791)
	at org.apache.tomcat.util.net.SocketProcessorBase.run(SocketProcessorBase.java:52)
	at org.apache.tomcat.util.threads.ThreadPoolExecutor.runWorker(ThreadPoolExecutor.java:1191)
	at org.apache.tomcat.util.threads.ThreadPoolExecutor$Worker.run(ThreadPoolExecutor.java:659)
	at org.apache.tomcat.util.threads.TaskThread$WrappingRunnable.run(TaskThread.java:61)
	at java.base/java.lang.Thread.run(Thread.java:1623)
[INFO]2024-07-08 10:33:42,371 - Closing JPA EntityManagerFactory for persistence unit 'default'
[INFO]2024-07-08 10:33:42,374 - HikariPool-1 - Shutdown initiated...
[INFO]2024-07-08 10:33:42,380 - HikariPool-1 - Shutdown completed.
[INFO]2024-07-08 10:33:45,237 - Starting SpringbootApplication using Java 20.0.1 on LAPTOP-L2BN52PD with PID 37220 (E:\shixi\springboot\target\classes started by jiaoy in E:\shixi\springboot)
[INFO]2024-07-08 10:33:45,238 - No active profile set, falling back to 1 default profile: "default"
[INFO]2024-07-08 10:33:45,283 - Devtools property defaults active! Set 'spring.devtools.add-properties' to 'false' to disable
[INFO]2024-07-08 10:33:45,283 - For additional web related logging consider setting the 'logging.level.web' property to 'DEBUG'
[INFO]2024-07-08 10:33:45,886 - Multiple Spring Data modules found, entering strict repository configuration mode
[INFO]2024-07-08 10:33:45,886 - Bootstrapping Spring Data JPA repositories in DEFAULT mode.
[INFO]2024-07-08 10:33:45,900 - Finished Spring Data repository scanning in 7 ms. Found 0 JPA repository interfaces.
[INFO]2024-07-08 10:33:45,909 - Multiple Spring Data modules found, entering strict repository configuration mode
[INFO]2024-07-08 10:33:45,910 - Bootstrapping Spring Data Redis repositories in DEFAULT mode.
[INFO]2024-07-08 10:33:45,918 - Finished Spring Data repository scanning in 3 ms. Found 0 Redis repository interfaces.
[INFO]2024-07-08 10:33:46,406 - Tomcat initialized with port(s): 8080 (http)
[INFO]2024-07-08 10:33:46,407 - Loaded Apache Tomcat Native library [1.3.0] using APR version [1.7.4].
[INFO]2024-07-08 10:33:46,408 - APR capabilities: IPv6 [true], sendfile [true], accept filters [false], random [true], UDS [true].
[INFO]2024-07-08 10:33:46,409 - APR/OpenSSL configuration: useAprConnector [false], useOpenSSL [true]
[INFO]2024-07-08 10:33:46,414 - OpenSSL successfully initialized [OpenSSL 3.0.13 30 Jan 2024]
[INFO]2024-07-08 10:33:46,420 - Initializing ProtocolHandler ["http-nio-8080"]
[INFO]2024-07-08 10:33:46,421 - Starting service [Tomcat]
[INFO]2024-07-08 10:33:46,421 - Starting Servlet engine: [Apache Tomcat/9.0.76]
[INFO]2024-07-08 10:33:46,502 - Initializing Spring embedded WebApplicationContext
[INFO]2024-07-08 10:33:46,503 - Root WebApplicationContext: initialization completed in 1219 ms
[INFO]2024-07-08 10:33:46,629 - HikariPool-1 - Starting...
[WARN]2024-07-08 10:33:46,632 - Registered driver with driverClassName=com.mysql.jdbc.Driver was not found, trying direct instantiation.
[INFO]2024-07-08 10:33:46,734 - HikariPool-1 - Start completed.
[INFO]2024-07-08 10:33:46,799 - HHH000412: Hibernate ORM core version 5.6.15.Final
[INFO]2024-07-08 10:33:46,910 - HCANN000001: Hibernate Commons Annotations {5.1.2.Final}
[INFO]2024-07-08 10:33:47,015 - HHH000400: Using dialect: org.hibernate.dialect.MySQL55Dialect
[INFO]2024-07-08 10:33:47,119 - HHH000490: Using JtaPlatform implementation: [org.hibernate.engine.transaction.jta.platform.internal.NoJtaPlatform]
[INFO]2024-07-08 10:33:47,128 - Initialized JPA EntityManagerFactory for persistence unit 'default'
[INFO]2024-07-08 10:33:47,658 - 自定义Redis配置--
[WARN]2024-07-08 10:33:47,711 - spring.jpa.open-in-view is enabled by default. Therefore, database queries may be performed during view rendering. Explicitly configure spring.jpa.open-in-view to disable this warning
[INFO]2024-07-08 10:33:47,840 - Adding welcome page template: index
[INFO]2024-07-08 10:33:48,092 - LiveReload server is running on port 35729
[INFO]2024-07-08 10:33:48,111 - Starting ProtocolHandler ["http-nio-8080"]
[INFO]2024-07-08 10:33:48,128 - Tomcat started on port(s): 8080 (http) with context path ''
[INFO]2024-07-08 10:33:48,146 - Started SpringbootApplication in 3.253 seconds (JVM running for 3.89)
[INFO]2024-07-08 10:34:02,126 - Initializing Spring DispatcherServlet 'dispatcherServlet'
[INFO]2024-07-08 10:34:02,126 - Initializing Servlet 'dispatcherServlet'
[INFO]2024-07-08 10:34:02,127 - Completed initialization in 0 ms
[INFO]2024-07-08 10:38:17,006 - Closing JPA EntityManagerFactory for persistence unit 'default'
[INFO]2024-07-08 10:38:17,009 - HikariPool-1 - Shutdown initiated...
[INFO]2024-07-08 10:38:17,013 - HikariPool-1 - Shutdown completed.
[INFO]2024-07-08 10:38:19,817 - Starting SpringbootApplication using Java 20.0.1 on LAPTOP-L2BN52PD with PID 51976 (E:\shixi\springboot\target\classes started by jiaoy in E:\shixi\springboot)
[INFO]2024-07-08 10:38:19,818 - No active profile set, falling back to 1 default profile: "default"
[INFO]2024-07-08 10:38:19,870 - Devtools property defaults active! Set 'spring.devtools.add-properties' to 'false' to disable
[INFO]2024-07-08 10:38:19,870 - For additional web related logging consider setting the 'logging.level.web' property to 'DEBUG'
[INFO]2024-07-08 10:38:20,485 - Multiple Spring Data modules found, entering strict repository configuration mode
[INFO]2024-07-08 10:38:20,485 - Bootstrapping Spring Data JPA repositories in DEFAULT mode.
[INFO]2024-07-08 10:38:20,504 - Finished Spring Data repository scanning in 9 ms. Found 0 JPA repository interfaces.
[INFO]2024-07-08 10:38:20,515 - Multiple Spring Data modules found, entering strict repository configuration mode
[INFO]2024-07-08 10:38:20,516 - Bootstrapping Spring Data Redis repositories in DEFAULT mode.
[INFO]2024-07-08 10:38:20,528 - Finished Spring Data repository scanning in 4 ms. Found 0 Redis repository interfaces.
[INFO]2024-07-08 10:38:21,010 - Tomcat initialized with port(s): 8080 (http)
[INFO]2024-07-08 10:38:21,011 - Loaded Apache Tomcat Native library [1.3.0] using APR version [1.7.4].
[INFO]2024-07-08 10:38:21,011 - APR capabilities: IPv6 [true], sendfile [true], accept filters [false], random [true], UDS [true].
[INFO]2024-07-08 10:38:21,012 - APR/OpenSSL configuration: useAprConnector [false], useOpenSSL [true]
[INFO]2024-07-08 10:38:21,017 - OpenSSL successfully initialized [OpenSSL 3.0.13 30 Jan 2024]
[INFO]2024-07-08 10:38:21,021 - Initializing ProtocolHandler ["http-nio-8080"]
[INFO]2024-07-08 10:38:21,022 - Starting service [Tomcat]
[INFO]2024-07-08 10:38:21,022 - Starting Servlet engine: [Apache Tomcat/9.0.76]
[INFO]2024-07-08 10:38:21,091 - Initializing Spring embedded WebApplicationContext
[INFO]2024-07-08 10:38:21,092 - Root WebApplicationContext: initialization completed in 1221 ms
[INFO]2024-07-08 10:38:21,209 - HikariPool-1 - Starting...
[WARN]2024-07-08 10:38:21,211 - Registered driver with driverClassName=com.mysql.jdbc.Driver was not found, trying direct instantiation.
[INFO]2024-07-08 10:38:21,304 - HikariPool-1 - Start completed.
[INFO]2024-07-08 10:38:21,357 - HHH000412: Hibernate ORM core version 5.6.15.Final
[INFO]2024-07-08 10:38:21,450 - HCANN000001: Hibernate Commons Annotations {5.1.2.Final}
[INFO]2024-07-08 10:38:21,534 - HHH000400: Using dialect: org.hibernate.dialect.MySQL55Dialect
[INFO]2024-07-08 10:38:21,631 - HHH000490: Using JtaPlatform implementation: [org.hibernate.engine.transaction.jta.platform.internal.NoJtaPlatform]
[INFO]2024-07-08 10:38:21,639 - Initialized JPA EntityManagerFactory for persistence unit 'default'
[INFO]2024-07-08 10:38:22,133 - 自定义Redis配置--
[WARN]2024-07-08 10:38:22,174 - spring.jpa.open-in-view is enabled by default. Therefore, database queries may be performed during view rendering. Explicitly configure spring.jpa.open-in-view to disable this warning
[INFO]2024-07-08 10:38:22,284 - Adding welcome page template: index
[INFO]2024-07-08 10:38:22,552 - LiveReload server is running on port 35729
[INFO]2024-07-08 10:38:22,575 - Starting ProtocolHandler ["http-nio-8080"]
[INFO]2024-07-08 10:38:22,595 - Tomcat started on port(s): 8080 (http) with context path ''
[INFO]2024-07-08 10:38:22,612 - Started SpringbootApplication in 3.126 seconds (JVM running for 3.809)
[INFO]2024-07-08 10:38:38,460 - Initializing Spring DispatcherServlet 'dispatcherServlet'
[INFO]2024-07-08 10:38:38,460 - Initializing Servlet 'dispatcherServlet'
[INFO]2024-07-08 10:38:38,461 - Completed initialization in 1 ms
[INFO]2024-07-08 10:42:15,567 - Closing JPA EntityManagerFactory for persistence unit 'default'
[INFO]2024-07-08 10:42:15,569 - HikariPool-1 - Shutdown initiated...
[INFO]2024-07-08 10:42:15,573 - HikariPool-1 - Shutdown completed.
[INFO]2024-07-08 10:42:20,652 - Starting SpringbootApplication using Java 20.0.1 on LAPTOP-L2BN52PD with PID 44884 (E:\shixi\springboot\target\classes started by jiaoy in E:\shixi\springboot)
[INFO]2024-07-08 10:42:20,653 - No active profile set, falling back to 1 default profile: "default"
[INFO]2024-07-08 10:42:20,697 - Devtools property defaults active! Set 'spring.devtools.add-properties' to 'false' to disable
[INFO]2024-07-08 10:42:20,697 - For additional web related logging consider setting the 'logging.level.web' property to 'DEBUG'
[INFO]2024-07-08 10:42:21,321 - Multiple Spring Data modules found, entering strict repository configuration mode
[INFO]2024-07-08 10:42:21,321 - Bootstrapping Spring Data JPA repositories in DEFAULT mode.
[INFO]2024-07-08 10:42:21,336 - Finished Spring Data repository scanning in 9 ms. Found 0 JPA repository interfaces.
[INFO]2024-07-08 10:42:21,347 - Multiple Spring Data modules found, entering strict repository configuration mode
[INFO]2024-07-08 10:42:21,347 - Bootstrapping Spring Data Redis repositories in DEFAULT mode.
[INFO]2024-07-08 10:42:21,356 - Finished Spring Data repository scanning in 3 ms. Found 0 Redis repository interfaces.
[INFO]2024-07-08 10:42:21,839 - Tomcat initialized with port(s): 8080 (http)
[INFO]2024-07-08 10:42:21,840 - Loaded Apache Tomcat Native library [1.3.0] using APR version [1.7.4].
[INFO]2024-07-08 10:42:21,840 - APR capabilities: IPv6 [true], sendfile [true], accept filters [false], random [true], UDS [true].
[INFO]2024-07-08 10:42:21,840 - APR/OpenSSL configuration: useAprConnector [false], useOpenSSL [true]
[INFO]2024-07-08 10:42:21,846 - OpenSSL successfully initialized [OpenSSL 3.0.13 30 Jan 2024]
[INFO]2024-07-08 10:42:21,850 - Initializing ProtocolHandler ["http-nio-8080"]
[INFO]2024-07-08 10:42:21,851 - Starting service [Tomcat]
[INFO]2024-07-08 10:42:21,852 - Starting Servlet engine: [Apache Tomcat/9.0.76]
[INFO]2024-07-08 10:42:21,909 - Initializing Spring embedded WebApplicationContext
[INFO]2024-07-08 10:42:21,910 - Root WebApplicationContext: initialization completed in 1212 ms
[INFO]2024-07-08 10:42:22,030 - HikariPool-1 - Starting...
[WARN]2024-07-08 10:42:22,032 - Registered driver with driverClassName=com.mysql.jdbc.Driver was not found, trying direct instantiation.
[INFO]2024-07-08 10:42:22,113 - HikariPool-1 - Start completed.
[INFO]2024-07-08 10:42:22,180 - HHH000412: Hibernate ORM core version 5.6.15.Final
[INFO]2024-07-08 10:42:22,276 - HCANN000001: Hibernate Commons Annotations {5.1.2.Final}
[INFO]2024-07-08 10:42:22,352 - HHH000400: Using dialect: org.hibernate.dialect.MySQL55Dialect
[INFO]2024-07-08 10:42:22,440 - HHH000490: Using JtaPlatform implementation: [org.hibernate.engine.transaction.jta.platform.internal.NoJtaPlatform]
[INFO]2024-07-08 10:42:22,447 - Initialized JPA EntityManagerFactory for persistence unit 'default'
[INFO]2024-07-08 10:42:22,968 - 自定义Redis配置--
[WARN]2024-07-08 10:42:23,018 - spring.jpa.open-in-view is enabled by default. Therefore, database queries may be performed during view rendering. Explicitly configure spring.jpa.open-in-view to disable this warning
[INFO]2024-07-08 10:42:23,160 - Adding welcome page template: index
[INFO]2024-07-08 10:42:23,424 - LiveReload server is running on port 35729
[INFO]2024-07-08 10:42:23,446 - Starting ProtocolHandler ["http-nio-8080"]
[INFO]2024-07-08 10:42:23,462 - Tomcat started on port(s): 8080 (http) with context path ''
[INFO]2024-07-08 10:42:23,481 - Started SpringbootApplication in 3.147 seconds (JVM running for 3.762)
[INFO]2024-07-08 10:42:40,772 - Initializing Spring DispatcherServlet 'dispatcherServlet'
[INFO]2024-07-08 10:42:40,772 - Initializing Servlet 'dispatcherServlet'
[INFO]2024-07-08 10:42:40,773 - Completed initialization in 1 ms
[INFO]2024-07-08 10:48:55,450 - Closing JPA EntityManagerFactory for persistence unit 'default'
[INFO]2024-07-08 10:48:55,453 - HikariPool-1 - Shutdown initiated...
[INFO]2024-07-08 10:48:55,459 - HikariPool-1 - Shutdown completed.
[INFO]2024-07-08 10:48:58,328 - Starting SpringbootApplication using Java 20.0.1 on LAPTOP-L2BN52PD with PID 30016 (E:\shixi\springboot\target\classes started by jiaoy in E:\shixi\springboot)
[INFO]2024-07-08 10:48:58,329 - No active profile set, falling back to 1 default profile: "default"
[INFO]2024-07-08 10:48:58,377 - Devtools property defaults active! Set 'spring.devtools.add-properties' to 'false' to disable
[INFO]2024-07-08 10:48:58,377 - For additional web related logging consider setting the 'logging.level.web' property to 'DEBUG'
[INFO]2024-07-08 10:48:59,074 - Multiple Spring Data modules found, entering strict repository configuration mode
[INFO]2024-07-08 10:48:59,075 - Bootstrapping Spring Data JPA repositories in DEFAULT mode.
[INFO]2024-07-08 10:48:59,090 - Finished Spring Data repository scanning in 7 ms. Found 0 JPA repository interfaces.
[INFO]2024-07-08 10:48:59,101 - Multiple Spring Data modules found, entering strict repository configuration mode
[INFO]2024-07-08 10:48:59,101 - Bootstrapping Spring Data Redis repositories in DEFAULT mode.
[INFO]2024-07-08 10:48:59,111 - Finished Spring Data repository scanning in 4 ms. Found 0 Redis repository interfaces.
[INFO]2024-07-08 10:48:59,643 - Tomcat initialized with port(s): 8080 (http)
[INFO]2024-07-08 10:48:59,646 - Loaded Apache Tomcat Native library [1.3.0] using APR version [1.7.4].
[INFO]2024-07-08 10:48:59,646 - APR capabilities: IPv6 [true], sendfile [true], accept filters [false], random [true], UDS [true].
[INFO]2024-07-08 10:48:59,646 - APR/OpenSSL configuration: useAprConnector [false], useOpenSSL [true]
[INFO]2024-07-08 10:48:59,652 - OpenSSL successfully initialized [OpenSSL 3.0.13 30 Jan 2024]
[INFO]2024-07-08 10:48:59,657 - Initializing ProtocolHandler ["http-nio-8080"]
[INFO]2024-07-08 10:48:59,657 - Starting service [Tomcat]
[INFO]2024-07-08 10:48:59,658 - Starting Servlet engine: [Apache Tomcat/9.0.76]
[INFO]2024-07-08 10:48:59,728 - Initializing Spring embedded WebApplicationContext
[INFO]2024-07-08 10:48:59,729 - Root WebApplicationContext: initialization completed in 1351 ms
[INFO]2024-07-08 10:48:59,869 - HikariPool-1 - Starting...
[WARN]2024-07-08 10:48:59,870 - Registered driver with driverClassName=com.mysql.jdbc.Driver was not found, trying direct instantiation.
[INFO]2024-07-08 10:48:59,972 - HikariPool-1 - Start completed.
[INFO]2024-07-08 10:49:00,051 - HHH000412: Hibernate ORM core version 5.6.15.Final
[INFO]2024-07-08 10:49:00,158 - HCANN000001: Hibernate Commons Annotations {5.1.2.Final}
[INFO]2024-07-08 10:49:00,240 - HHH000400: Using dialect: org.hibernate.dialect.MySQL55Dialect
[INFO]2024-07-08 10:49:00,350 - HHH000490: Using JtaPlatform implementation: [org.hibernate.engine.transaction.jta.platform.internal.NoJtaPlatform]
[INFO]2024-07-08 10:49:00,361 - Initialized JPA EntityManagerFactory for persistence unit 'default'
[INFO]2024-07-08 10:49:01,071 - 自定义Redis配置--
[WARN]2024-07-08 10:49:01,131 - spring.jpa.open-in-view is enabled by default. Therefore, database queries may be performed during view rendering. Explicitly configure spring.jpa.open-in-view to disable this warning
[INFO]2024-07-08 10:49:01,268 - Adding welcome page template: index
[INFO]2024-07-08 10:49:01,520 - LiveReload server is running on port 35729
[INFO]2024-07-08 10:49:01,539 - Starting ProtocolHandler ["http-nio-8080"]
[INFO]2024-07-08 10:49:01,557 - Tomcat started on port(s): 8080 (http) with context path ''
[INFO]2024-07-08 10:49:01,571 - Started SpringbootApplication in 3.552 seconds (JVM running for 4.225)
[INFO]2024-07-08 10:49:08,880 - Initializing Spring DispatcherServlet 'dispatcherServlet'
[INFO]2024-07-08 10:49:08,880 - Initializing Servlet 'dispatcherServlet'
[INFO]2024-07-08 10:49:08,881 - Completed initialization in 1 ms
[WARN]2024-07-08 11:26:20,946 - Resolved [org.springframework.web.multipart.support.MissingServletRequestPartException: Required request part 'avatar' is not present]
[INFO]2024-07-08 11:28:35,053 - Closing JPA EntityManagerFactory for persistence unit 'default'
[INFO]2024-07-08 11:28:35,056 - HikariPool-1 - Shutdown initiated...
[INFO]2024-07-08 11:28:35,059 - HikariPool-1 - Shutdown completed.
[INFO]2024-07-08 11:29:42,062 - Starting SpringbootApplication using Java 20.0.1 on LAPTOP-L2BN52PD with PID 13620 (E:\shixi\springboot\target\classes started by jiaoy in E:\shixi\springboot)
[INFO]2024-07-08 11:29:42,063 - No active profile set, falling back to 1 default profile: "default"
[INFO]2024-07-08 11:29:42,115 - Devtools property defaults active! Set 'spring.devtools.add-properties' to 'false' to disable
[INFO]2024-07-08 11:29:42,115 - For additional web related logging consider setting the 'logging.level.web' property to 'DEBUG'
[INFO]2024-07-08 11:29:42,762 - Multiple Spring Data modules found, entering strict repository configuration mode
[INFO]2024-07-08 11:29:42,762 - Bootstrapping Spring Data JPA repositories in DEFAULT mode.
[INFO]2024-07-08 11:29:42,779 - Finished Spring Data repository scanning in 9 ms. Found 0 JPA repository interfaces.
[INFO]2024-07-08 11:29:42,788 - Multiple Spring Data modules found, entering strict repository configuration mode
[INFO]2024-07-08 11:29:42,788 - Bootstrapping Spring Data Redis repositories in DEFAULT mode.
[INFO]2024-07-08 11:29:42,797 - Finished Spring Data repository scanning in 4 ms. Found 0 Redis repository interfaces.
[INFO]2024-07-08 11:29:43,320 - Tomcat initialized with port(s): 8080 (http)
[INFO]2024-07-08 11:29:43,322 - Loaded Apache Tomcat Native library [1.3.0] using APR version [1.7.4].
[INFO]2024-07-08 11:29:43,323 - APR capabilities: IPv6 [true], sendfile [true], accept filters [false], random [true], UDS [true].
[INFO]2024-07-08 11:29:43,324 - APR/OpenSSL configuration: useAprConnector [false], useOpenSSL [true]
[INFO]2024-07-08 11:29:43,329 - OpenSSL successfully initialized [OpenSSL 3.0.13 30 Jan 2024]
[INFO]2024-07-08 11:29:43,335 - Initializing ProtocolHandler ["http-nio-8080"]
[INFO]2024-07-08 11:29:43,336 - Starting service [Tomcat]
[INFO]2024-07-08 11:29:43,336 - Starting Servlet engine: [Apache Tomcat/9.0.76]
[INFO]2024-07-08 11:29:43,396 - Initializing Spring embedded WebApplicationContext
[INFO]2024-07-08 11:29:43,396 - Root WebApplicationContext: initialization completed in 1280 ms
[INFO]2024-07-08 11:29:43,524 - HikariPool-1 - Starting...
[WARN]2024-07-08 11:29:43,526 - Registered driver with driverClassName=com.mysql.jdbc.Driver was not found, trying direct instantiation.
[INFO]2024-07-08 11:29:43,620 - HikariPool-1 - Start completed.
[INFO]2024-07-08 11:29:43,687 - HHH000412: Hibernate ORM core version 5.6.15.Final
[INFO]2024-07-08 11:29:43,785 - HCANN000001: Hibernate Commons Annotations {5.1.2.Final}
[INFO]2024-07-08 11:29:43,863 - HHH000400: Using dialect: org.hibernate.dialect.MySQL55Dialect
[INFO]2024-07-08 11:29:43,955 - HHH000490: Using JtaPlatform implementation: [org.hibernate.engine.transaction.jta.platform.internal.NoJtaPlatform]
[INFO]2024-07-08 11:29:43,962 - Initialized JPA EntityManagerFactory for persistence unit 'default'
[INFO]2024-07-08 11:29:44,609 - 自定义Redis配置--
[WARN]2024-07-08 11:29:44,672 - spring.jpa.open-in-view is enabled by default. Therefore, database queries may be performed during view rendering. Explicitly configure spring.jpa.open-in-view to disable this warning
[INFO]2024-07-08 11:29:44,808 - Adding welcome page template: index
[INFO]2024-07-08 11:29:45,044 - LiveReload server is running on port 35729
[INFO]2024-07-08 11:29:45,063 - Starting ProtocolHandler ["http-nio-8080"]
[INFO]2024-07-08 11:29:45,080 - Tomcat started on port(s): 8080 (http) with context path ''
[INFO]2024-07-08 11:29:45,101 - Started SpringbootApplication in 3.38 seconds (JVM running for 4.07)
[INFO]2024-07-08 11:29:51,808 - Initializing Spring DispatcherServlet 'dispatcherServlet'
[INFO]2024-07-08 11:29:51,808 - Initializing Servlet 'dispatcherServlet'
[INFO]2024-07-08 11:29:51,809 - Completed initialization in 1 ms
[WARN]2024-07-08 11:31:04,242 - Failed to perform cleanup of multipart items
java.io.UncheckedIOException: Cannot delete C:\Users\jiaoy\AppData\Local\Temp\tomcat.8080.3320709114616777512\work\Tomcat\localhost\ROOT\upload_c558f1c8_c154_41c8_b565_871c030b33a2_00000001.tmp
	at org.apache.tomcat.util.http.fileupload.disk.DiskFileItem.delete(DiskFileItem.java:431)
	at org.apache.catalina.core.ApplicationPart.delete(ApplicationPart.java:53)
	at org.springframework.web.multipart.support.StandardServletMultipartResolver.cleanupMultipart(StandardServletMultipartResolver.java:134)
	at org.springframework.web.servlet.DispatcherServlet.cleanupMultipart(DispatcherServlet.java:1251)
	at org.springframework.web.servlet.DispatcherServlet.doDispatch(DispatcherServlet.java:1108)
	at org.springframework.web.servlet.DispatcherServlet.doService(DispatcherServlet.java:965)
	at org.springframework.web.servlet.FrameworkServlet.processRequest(FrameworkServlet.java:1006)
	at org.springframework.web.servlet.FrameworkServlet.doPost(FrameworkServlet.java:909)
	at javax.servlet.http.HttpServlet.service(HttpServlet.java:555)
	at org.springframework.web.servlet.FrameworkServlet.service(FrameworkServlet.java:883)
	at javax.servlet.http.HttpServlet.service(HttpServlet.java:623)
	at org.apache.catalina.core.ApplicationFilterChain.internalDoFilter(ApplicationFilterChain.java:209)
	at org.apache.catalina.core.ApplicationFilterChain.doFilter(ApplicationFilterChain.java:153)
	at org.apache.tomcat.websocket.server.WsFilter.doFilter(WsFilter.java:51)
	at org.apache.catalina.core.ApplicationFilterChain.internalDoFilter(ApplicationFilterChain.java:178)
	at org.apache.catalina.core.ApplicationFilterChain.doFilter(ApplicationFilterChain.java:153)
	at org.springframework.web.filter.RequestContextFilter.doFilterInternal(RequestContextFilter.java:100)
	at org.springframework.web.filter.OncePerRequestFilter.doFilter(OncePerRequestFilter.java:117)
	at org.apache.catalina.core.ApplicationFilterChain.internalDoFilter(ApplicationFilterChain.java:178)
	at org.apache.catalina.core.ApplicationFilterChain.doFilter(ApplicationFilterChain.java:153)
	at org.springframework.web.filter.FormContentFilter.doFilterInternal(FormContentFilter.java:93)
	at org.springframework.web.filter.OncePerRequestFilter.doFilter(OncePerRequestFilter.java:117)
	at org.apache.catalina.core.ApplicationFilterChain.internalDoFilter(ApplicationFilterChain.java:178)
	at org.apache.catalina.core.ApplicationFilterChain.doFilter(ApplicationFilterChain.java:153)
	at javax.servlet.http.HttpFilter.doFilter(HttpFilter.java:85)
	at com.hwadee.springboot.config.CorsFilter.doFilter(CorsFilter.java:57)
	at javax.servlet.http.HttpFilter.doFilter(HttpFilter.java:53)
	at org.apache.catalina.core.ApplicationFilterChain.internalDoFilter(ApplicationFilterChain.java:178)
	at org.apache.catalina.core.ApplicationFilterChain.doFilter(ApplicationFilterChain.java:153)
	at org.springframework.web.filter.CharacterEncodingFilter.doFilterInternal(CharacterEncodingFilter.java:201)
	at org.springframework.web.filter.OncePerRequestFilter.doFilter(OncePerRequestFilter.java:117)
	at org.apache.catalina.core.ApplicationFilterChain.internalDoFilter(ApplicationFilterChain.java:178)
	at org.apache.catalina.core.ApplicationFilterChain.doFilter(ApplicationFilterChain.java:153)
	at org.apache.catalina.core.StandardWrapperValve.invoke(StandardWrapperValve.java:167)
	at org.apache.catalina.core.StandardContextValve.invoke(StandardContextValve.java:90)
	at org.apache.catalina.authenticator.AuthenticatorBase.invoke(AuthenticatorBase.java:481)
	at org.apache.catalina.core.StandardHostValve.invoke(StandardHostValve.java:130)
	at org.apache.catalina.valves.ErrorReportValve.invoke(ErrorReportValve.java:93)
	at org.apache.catalina.core.StandardEngineValve.invoke(StandardEngineValve.java:74)
	at org.apache.catalina.connector.CoyoteAdapter.service(CoyoteAdapter.java:343)
	at org.apache.coyote.http11.Http11Processor.service(Http11Processor.java:390)
	at org.apache.coyote.AbstractProcessorLight.process(AbstractProcessorLight.java:63)
	at org.apache.coyote.AbstractProtocol$ConnectionHandler.process(AbstractProtocol.java:926)
	at org.apache.tomcat.util.net.NioEndpoint$SocketProcessor.doRun(NioEndpoint.java:1791)
	at org.apache.tomcat.util.net.SocketProcessorBase.run(SocketProcessorBase.java:52)
	at org.apache.tomcat.util.threads.ThreadPoolExecutor.runWorker(ThreadPoolExecutor.java:1191)
	at org.apache.tomcat.util.threads.ThreadPoolExecutor$Worker.run(ThreadPoolExecutor.java:659)
	at org.apache.tomcat.util.threads.TaskThread$WrappingRunnable.run(TaskThread.java:61)
	at java.base/java.lang.Thread.run(Thread.java:1623)
Caused by: java.io.IOException: Cannot delete C:\Users\jiaoy\AppData\Local\Temp\tomcat.8080.3320709114616777512\work\Tomcat\localhost\ROOT\upload_c558f1c8_c154_41c8_b565_871c030b33a2_00000001.tmp
	... 49 common frames omitted
[ERROR]2024-07-08 11:31:04,244 - Error processing request
java.io.UncheckedIOException: Cannot delete C:\Users\jiaoy\AppData\Local\Temp\tomcat.8080.3320709114616777512\work\Tomcat\localhost\ROOT\upload_c558f1c8_c154_41c8_b565_871c030b33a2_00000001.tmp
	at org.apache.tomcat.util.http.fileupload.disk.DiskFileItem.delete(DiskFileItem.java:431)
	at org.apache.catalina.core.ApplicationPart.delete(ApplicationPart.java:53)
	at org.apache.catalina.connector.Request.recycle(Request.java:474)
	at org.apache.catalina.connector.CoyoteAdapter.service(CoyoteAdapter.java:421)
	at org.apache.coyote.http11.Http11Processor.service(Http11Processor.java:390)
	at org.apache.coyote.AbstractProcessorLight.process(AbstractProcessorLight.java:63)
	at org.apache.coyote.AbstractProtocol$ConnectionHandler.process(AbstractProtocol.java:926)
	at org.apache.tomcat.util.net.NioEndpoint$SocketProcessor.doRun(NioEndpoint.java:1791)
	at org.apache.tomcat.util.net.SocketProcessorBase.run(SocketProcessorBase.java:52)
	at org.apache.tomcat.util.threads.ThreadPoolExecutor.runWorker(ThreadPoolExecutor.java:1191)
	at org.apache.tomcat.util.threads.ThreadPoolExecutor$Worker.run(ThreadPoolExecutor.java:659)
	at org.apache.tomcat.util.threads.TaskThread$WrappingRunnable.run(TaskThread.java:61)
	at java.base/java.lang.Thread.run(Thread.java:1623)
Caused by: java.io.IOException: Cannot delete C:\Users\jiaoy\AppData\Local\Temp\tomcat.8080.3320709114616777512\work\Tomcat\localhost\ROOT\upload_c558f1c8_c154_41c8_b565_871c030b33a2_00000001.tmp
	... 13 common frames omitted
[ERROR]2024-07-08 11:31:04,246 - Error reading request, ignored
java.io.UncheckedIOException: Cannot delete C:\Users\jiaoy\AppData\Local\Temp\tomcat.8080.3320709114616777512\work\Tomcat\localhost\ROOT\upload_c558f1c8_c154_41c8_b565_871c030b33a2_00000001.tmp
	at org.apache.tomcat.util.http.fileupload.disk.DiskFileItem.delete(DiskFileItem.java:431)
	at org.apache.catalina.core.ApplicationPart.delete(ApplicationPart.java:53)
	at org.apache.catalina.connector.Request.recycle(Request.java:474)
	at org.apache.catalina.connector.CoyoteAdapter.log(CoyoteAdapter.java:494)
	at org.apache.coyote.http11.Http11Processor.service(Http11Processor.java:420)
	at org.apache.coyote.AbstractProcessorLight.process(AbstractProcessorLight.java:63)
	at org.apache.coyote.AbstractProtocol$ConnectionHandler.process(AbstractProtocol.java:926)
	at org.apache.tomcat.util.net.NioEndpoint$SocketProcessor.doRun(NioEndpoint.java:1791)
	at org.apache.tomcat.util.net.SocketProcessorBase.run(SocketProcessorBase.java:52)
	at org.apache.tomcat.util.threads.ThreadPoolExecutor.runWorker(ThreadPoolExecutor.java:1191)
	at org.apache.tomcat.util.threads.ThreadPoolExecutor$Worker.run(ThreadPoolExecutor.java:659)
	at org.apache.tomcat.util.threads.TaskThread$WrappingRunnable.run(TaskThread.java:61)
	at java.base/java.lang.Thread.run(Thread.java:1623)
Caused by: java.io.IOException: Cannot delete C:\Users\jiaoy\AppData\Local\Temp\tomcat.8080.3320709114616777512\work\Tomcat\localhost\ROOT\upload_c558f1c8_c154_41c8_b565_871c030b33a2_00000001.tmp
	... 13 common frames omitted
[ERROR]2024-07-08 11:31:04,246 - Error running socket processor
java.io.UncheckedIOException: Cannot delete C:\Users\jiaoy\AppData\Local\Temp\tomcat.8080.3320709114616777512\work\Tomcat\localhost\ROOT\upload_c558f1c8_c154_41c8_b565_871c030b33a2_00000001.tmp
	at org.apache.tomcat.util.http.fileupload.disk.DiskFileItem.delete(DiskFileItem.java:431)
	at org.apache.catalina.core.ApplicationPart.delete(ApplicationPart.java:53)
	at org.apache.catalina.connector.Request.recycle(Request.java:474)
	at org.apache.catalina.connector.CoyoteAdapter.log(CoyoteAdapter.java:494)
	at org.apache.catalina.connector.CoyoteAdapter.checkRecycled(CoyoteAdapter.java:517)
	at org.apache.coyote.http11.Http11Processor.recycle(Http11Processor.java:1417)
	at org.apache.coyote.AbstractProtocol$ConnectionHandler.release(AbstractProtocol.java:1129)
	at org.apache.coyote.AbstractProtocol$ConnectionHandler.process(AbstractProtocol.java:1090)
	at org.apache.tomcat.util.net.NioEndpoint$SocketProcessor.doRun(NioEndpoint.java:1791)
	at org.apache.tomcat.util.net.SocketProcessorBase.run(SocketProcessorBase.java:52)
	at org.apache.tomcat.util.threads.ThreadPoolExecutor.runWorker(ThreadPoolExecutor.java:1191)
	at org.apache.tomcat.util.threads.ThreadPoolExecutor$Worker.run(ThreadPoolExecutor.java:659)
	at org.apache.tomcat.util.threads.TaskThread$WrappingRunnable.run(TaskThread.java:61)
	at java.base/java.lang.Thread.run(Thread.java:1623)
Caused by: java.io.IOException: Cannot delete C:\Users\jiaoy\AppData\Local\Temp\tomcat.8080.3320709114616777512\work\Tomcat\localhost\ROOT\upload_c558f1c8_c154_41c8_b565_871c030b33a2_00000001.tmp
	... 14 common frames omitted
[INFO]2024-07-08 11:33:23,689 - Closing JPA EntityManagerFactory for persistence unit 'default'
[INFO]2024-07-08 11:33:23,692 - HikariPool-1 - Shutdown initiated...
[INFO]2024-07-08 11:33:23,697 - HikariPool-1 - Shutdown completed.
[INFO]2024-07-08 11:33:29,608 - Starting SpringbootApplication using Java 20.0.1 on LAPTOP-L2BN52PD with PID 36488 (E:\shixi\springboot\target\classes started by jiaoy in E:\shixi\springboot)
[INFO]2024-07-08 11:33:29,609 - No active profile set, falling back to 1 default profile: "default"
[INFO]2024-07-08 11:33:29,653 - Devtools property defaults active! Set 'spring.devtools.add-properties' to 'false' to disable
[INFO]2024-07-08 11:33:29,653 - For additional web related logging consider setting the 'logging.level.web' property to 'DEBUG'
[INFO]2024-07-08 11:33:30,306 - Multiple Spring Data modules found, entering strict repository configuration mode
[INFO]2024-07-08 11:33:30,306 - Bootstrapping Spring Data JPA repositories in DEFAULT mode.
[INFO]2024-07-08 11:33:30,321 - Finished Spring Data repository scanning in 8 ms. Found 0 JPA repository interfaces.
[INFO]2024-07-08 11:33:30,330 - Multiple Spring Data modules found, entering strict repository configuration mode
[INFO]2024-07-08 11:33:30,331 - Bootstrapping Spring Data Redis repositories in DEFAULT mode.
[INFO]2024-07-08 11:33:30,341 - Finished Spring Data repository scanning in 4 ms. Found 0 Redis repository interfaces.
[INFO]2024-07-08 11:33:30,828 - Tomcat initialized with port(s): 8080 (http)
[INFO]2024-07-08 11:33:30,829 - Loaded Apache Tomcat Native library [1.3.0] using APR version [1.7.4].
[INFO]2024-07-08 11:33:30,829 - APR capabilities: IPv6 [true], sendfile [true], accept filters [false], random [true], UDS [true].
[INFO]2024-07-08 11:33:30,829 - APR/OpenSSL configuration: useAprConnector [false], useOpenSSL [true]
[INFO]2024-07-08 11:33:30,833 - OpenSSL successfully initialized [OpenSSL 3.0.13 30 Jan 2024]
[INFO]2024-07-08 11:33:30,839 - Initializing ProtocolHandler ["http-nio-8080"]
[INFO]2024-07-08 11:33:30,840 - Starting service [Tomcat]
[INFO]2024-07-08 11:33:30,840 - Starting Servlet engine: [Apache Tomcat/9.0.76]
[INFO]2024-07-08 11:33:30,899 - Initializing Spring embedded WebApplicationContext
[INFO]2024-07-08 11:33:30,900 - Root WebApplicationContext: initialization completed in 1247 ms
[INFO]2024-07-08 11:33:31,024 - HikariPool-1 - Starting...
[WARN]2024-07-08 11:33:31,026 - Registered driver with driverClassName=com.mysql.jdbc.Driver was not found, trying direct instantiation.
[INFO]2024-07-08 11:33:31,119 - HikariPool-1 - Start completed.
[INFO]2024-07-08 11:33:31,196 - HHH000412: Hibernate ORM core version 5.6.15.Final
[INFO]2024-07-08 11:33:31,309 - HCANN000001: Hibernate Commons Annotations {5.1.2.Final}
[INFO]2024-07-08 11:33:31,385 - HHH000400: Using dialect: org.hibernate.dialect.MySQL55Dialect
[INFO]2024-07-08 11:33:31,477 - HHH000490: Using JtaPlatform implementation: [org.hibernate.engine.transaction.jta.platform.internal.NoJtaPlatform]
[INFO]2024-07-08 11:33:31,487 - Initialized JPA EntityManagerFactory for persistence unit 'default'
[INFO]2024-07-08 11:33:31,988 - 自定义Redis配置--
[WARN]2024-07-08 11:33:32,045 - spring.jpa.open-in-view is enabled by default. Therefore, database queries may be performed during view rendering. Explicitly configure spring.jpa.open-in-view to disable this warning
[INFO]2024-07-08 11:33:32,184 - Adding welcome page template: index
[INFO]2024-07-08 11:33:32,445 - LiveReload server is running on port 35729
[INFO]2024-07-08 11:33:32,466 - Starting ProtocolHandler ["http-nio-8080"]
[INFO]2024-07-08 11:33:32,481 - Tomcat started on port(s): 8080 (http) with context path ''
[INFO]2024-07-08 11:33:32,498 - Started SpringbootApplication in 3.214 seconds (JVM running for 3.817)
[INFO]2024-07-08 11:33:42,852 - Initializing Spring DispatcherServlet 'dispatcherServlet'
[INFO]2024-07-08 11:33:42,852 - Initializing Servlet 'dispatcherServlet'
[INFO]2024-07-08 11:33:42,854 - Completed initialization in 2 ms
[WARN]2024-07-08 11:37:49,814 - Resolved [org.springframework.web.multipart.support.MissingServletRequestPartException: Required request part 'avatar' is not present]
[INFO]2024-07-08 11:38:35,261 - Closing JPA EntityManagerFactory for persistence unit 'default'
[INFO]2024-07-08 11:38:35,264 - HikariPool-1 - Shutdown initiated...
[INFO]2024-07-08 11:38:35,269 - HikariPool-1 - Shutdown completed.
[INFO]2024-07-08 11:38:38,184 - Starting SpringbootApplication using Java 20.0.1 on LAPTOP-L2BN52PD with PID 12000 (E:\shixi\springboot\target\classes started by jiaoy in E:\shixi\springboot)
[INFO]2024-07-08 11:38:38,185 - No active profile set, falling back to 1 default profile: "default"
[INFO]2024-07-08 11:38:38,232 - Devtools property defaults active! Set 'spring.devtools.add-properties' to 'false' to disable
[INFO]2024-07-08 11:38:38,232 - For additional web related logging consider setting the 'logging.level.web' property to 'DEBUG'
[INFO]2024-07-08 11:38:38,838 - Multiple Spring Data modules found, entering strict repository configuration mode
[INFO]2024-07-08 11:38:38,839 - Bootstrapping Spring Data JPA repositories in DEFAULT mode.
[INFO]2024-07-08 11:38:38,853 - Finished Spring Data repository scanning in 7 ms. Found 0 JPA repository interfaces.
[INFO]2024-07-08 11:38:38,863 - Multiple Spring Data modules found, entering strict repository configuration mode
[INFO]2024-07-08 11:38:38,863 - Bootstrapping Spring Data Redis repositories in DEFAULT mode.
[INFO]2024-07-08 11:38:38,871 - Finished Spring Data repository scanning in 3 ms. Found 0 Redis repository interfaces.
[INFO]2024-07-08 11:38:39,410 - Tomcat initialized with port(s): 8080 (http)
[INFO]2024-07-08 11:38:39,411 - Loaded Apache Tomcat Native library [1.3.0] using APR version [1.7.4].
[INFO]2024-07-08 11:38:39,411 - APR capabilities: IPv6 [true], sendfile [true], accept filters [false], random [true], UDS [true].
[INFO]2024-07-08 11:38:39,411 - APR/OpenSSL configuration: useAprConnector [false], useOpenSSL [true]
[INFO]2024-07-08 11:38:39,416 - OpenSSL successfully initialized [OpenSSL 3.0.13 30 Jan 2024]
[INFO]2024-07-08 11:38:39,421 - Initializing ProtocolHandler ["http-nio-8080"]
[INFO]2024-07-08 11:38:39,421 - Starting service [Tomcat]
[INFO]2024-07-08 11:38:39,422 - Starting Servlet engine: [Apache Tomcat/9.0.76]
[INFO]2024-07-08 11:38:39,477 - Initializing Spring embedded WebApplicationContext
[INFO]2024-07-08 11:38:39,478 - Root WebApplicationContext: initialization completed in 1246 ms
[INFO]2024-07-08 11:38:39,610 - HikariPool-1 - Starting...
[WARN]2024-07-08 11:38:39,612 - Registered driver with driverClassName=com.mysql.jdbc.Driver was not found, trying direct instantiation.
[INFO]2024-07-08 11:38:39,709 - HikariPool-1 - Start completed.
[INFO]2024-07-08 11:38:39,765 - HHH000412: Hibernate ORM core version 5.6.15.Final
[INFO]2024-07-08 11:38:39,850 - HCANN000001: Hibernate Commons Annotations {5.1.2.Final}
[INFO]2024-07-08 11:38:39,916 - HHH000400: Using dialect: org.hibernate.dialect.MySQL55Dialect
[INFO]2024-07-08 11:38:40,005 - HHH000490: Using JtaPlatform implementation: [org.hibernate.engine.transaction.jta.platform.internal.NoJtaPlatform]
[INFO]2024-07-08 11:38:40,012 - Initialized JPA EntityManagerFactory for persistence unit 'default'
[INFO]2024-07-08 11:38:40,505 - 自定义Redis配置--
[WARN]2024-07-08 11:38:40,554 - spring.jpa.open-in-view is enabled by default. Therefore, database queries may be performed during view rendering. Explicitly configure spring.jpa.open-in-view to disable this warning
[INFO]2024-07-08 11:38:40,687 - Adding welcome page template: index
[INFO]2024-07-08 11:38:40,934 - LiveReload server is running on port 35729
[INFO]2024-07-08 11:38:40,952 - Starting ProtocolHandler ["http-nio-8080"]
[INFO]2024-07-08 11:38:40,966 - Tomcat started on port(s): 8080 (http) with context path ''
[INFO]2024-07-08 11:38:40,983 - Started SpringbootApplication in 3.12 seconds (JVM running for 3.836)
[INFO]2024-07-08 11:38:51,166 - Initializing Spring DispatcherServlet 'dispatcherServlet'
[INFO]2024-07-08 11:38:51,166 - Initializing Servlet 'dispatcherServlet'
[INFO]2024-07-08 11:38:51,167 - Completed initialization in 1 ms
[INFO]2024-07-08 11:39:08,271 - Closing JPA EntityManagerFactory for persistence unit 'default'
[INFO]2024-07-08 11:39:08,273 - HikariPool-1 - Shutdown initiated...
[INFO]2024-07-08 11:39:08,278 - HikariPool-1 - Shutdown completed.
[INFO]2024-07-08 11:39:11,423 - Starting SpringbootApplication using Java 20.0.1 on LAPTOP-L2BN52PD with PID 52280 (E:\shixi\springboot\target\classes started by jiaoy in E:\shixi\springboot)
[INFO]2024-07-08 11:39:11,424 - No active profile set, falling back to 1 default profile: "default"
[INFO]2024-07-08 11:39:11,473 - Devtools property defaults active! Set 'spring.devtools.add-properties' to 'false' to disable
[INFO]2024-07-08 11:39:11,473 - For additional web related logging consider setting the 'logging.level.web' property to 'DEBUG'
[INFO]2024-07-08 11:39:12,069 - Multiple Spring Data modules found, entering strict repository configuration mode
[INFO]2024-07-08 11:39:12,070 - Bootstrapping Spring Data JPA repositories in DEFAULT mode.
[INFO]2024-07-08 11:39:12,083 - Finished Spring Data repository scanning in 8 ms. Found 0 JPA repository interfaces.
[INFO]2024-07-08 11:39:12,093 - Multiple Spring Data modules found, entering strict repository configuration mode
[INFO]2024-07-08 11:39:12,094 - Bootstrapping Spring Data Redis repositories in DEFAULT mode.
[INFO]2024-07-08 11:39:12,102 - Finished Spring Data repository scanning in 3 ms. Found 0 Redis repository interfaces.
[INFO]2024-07-08 11:39:12,613 - Tomcat initialized with port(s): 8080 (http)
[INFO]2024-07-08 11:39:12,613 - Loaded Apache Tomcat Native library [1.3.0] using APR version [1.7.4].
[INFO]2024-07-08 11:39:12,613 - APR capabilities: IPv6 [true], sendfile [true], accept filters [false], random [true], UDS [true].
[INFO]2024-07-08 11:39:12,614 - APR/OpenSSL configuration: useAprConnector [false], useOpenSSL [true]
[INFO]2024-07-08 11:39:12,618 - OpenSSL successfully initialized [OpenSSL 3.0.13 30 Jan 2024]
[INFO]2024-07-08 11:39:12,623 - Initializing ProtocolHandler ["http-nio-8080"]
[INFO]2024-07-08 11:39:12,624 - Starting service [Tomcat]
[INFO]2024-07-08 11:39:12,624 - Starting Servlet engine: [Apache Tomcat/9.0.76]
[INFO]2024-07-08 11:39:12,680 - Initializing Spring embedded WebApplicationContext
[INFO]2024-07-08 11:39:12,680 - Root WebApplicationContext: initialization completed in 1207 ms
[INFO]2024-07-08 11:39:12,810 - HikariPool-1 - Starting...
[WARN]2024-07-08 11:39:12,814 - Registered driver with driverClassName=com.mysql.jdbc.Driver was not found, trying direct instantiation.
[INFO]2024-07-08 11:39:12,913 - HikariPool-1 - Start completed.
[INFO]2024-07-08 11:39:12,970 - HHH000412: Hibernate ORM core version 5.6.15.Final
[INFO]2024-07-08 11:39:13,066 - HCANN000001: Hibernate Commons Annotations {5.1.2.Final}
[INFO]2024-07-08 11:39:13,145 - HHH000400: Using dialect: org.hibernate.dialect.MySQL55Dialect
[INFO]2024-07-08 11:39:13,255 - HHH000490: Using JtaPlatform implementation: [org.hibernate.engine.transaction.jta.platform.internal.NoJtaPlatform]
[INFO]2024-07-08 11:39:13,265 - Initialized JPA EntityManagerFactory for persistence unit 'default'
[INFO]2024-07-08 11:39:13,747 - 自定义Redis配置--
[WARN]2024-07-08 11:39:13,789 - spring.jpa.open-in-view is enabled by default. Therefore, database queries may be performed during view rendering. Explicitly configure spring.jpa.open-in-view to disable this warning
[INFO]2024-07-08 11:39:13,915 - Adding welcome page template: index
[INFO]2024-07-08 11:39:14,165 - LiveReload server is running on port 35729
[INFO]2024-07-08 11:39:14,183 - Starting ProtocolHandler ["http-nio-8080"]
[INFO]2024-07-08 11:39:14,198 - Tomcat started on port(s): 8080 (http) with context path ''
[INFO]2024-07-08 11:39:14,213 - Started SpringbootApplication in 3.119 seconds (JVM running for 3.745)
[INFO]2024-07-08 11:39:15,468 - Initializing Spring DispatcherServlet 'dispatcherServlet'
[INFO]2024-07-08 11:39:15,469 - Initializing Servlet 'dispatcherServlet'
[INFO]2024-07-08 11:39:15,470 - Completed initialization in 1 ms
[ERROR]2024-07-08 11:54:26,087 - Servlet.service() for servlet [dispatcherServlet] in context with path [] threw exception [Request processing failed; nested exception is org.springframework.web.multipart.MaxUploadSizeExceededException: Maximum upload size exceeded; nested exception is java.lang.IllegalStateException: org.apache.tomcat.util.http.fileupload.impl.FileSizeLimitExceededException: The field avatar exceeds its maximum permitted size of 1048576 bytes.] with root cause
org.apache.tomcat.util.http.fileupload.impl.FileSizeLimitExceededException: The field avatar exceeds its maximum permitted size of 1048576 bytes.
	at org.apache.tomcat.util.http.fileupload.impl.FileItemStreamImpl$1.raiseError(FileItemStreamImpl.java:117)
	at org.apache.tomcat.util.http.fileupload.util.LimitedInputStream.checkLimit(LimitedInputStream.java:76)
	at org.apache.tomcat.util.http.fileupload.util.LimitedInputStream.read(LimitedInputStream.java:135)
	at java.base/java.io.FilterInputStream.read(FilterInputStream.java:95)
	at org.apache.tomcat.util.http.fileupload.util.Streams.copy(Streams.java:97)
	at org.apache.tomcat.util.http.fileupload.FileUploadBase.parseRequest(FileUploadBase.java:317)
	at org.apache.catalina.connector.Request.parseParts(Request.java:2849)
	at org.apache.catalina.connector.Request.getParts(Request.java:2750)
	at org.apache.catalina.connector.RequestFacade.getParts(RequestFacade.java:796)
	at org.springframework.web.multipart.support.StandardMultipartHttpServletRequest.parseRequest(StandardMultipartHttpServletRequest.java:95)
	at org.springframework.web.multipart.support.StandardMultipartHttpServletRequest.<init>(StandardMultipartHttpServletRequest.java:88)
	at org.springframework.web.multipart.support.StandardServletMultipartResolver.resolveMultipart(StandardServletMultipartResolver.java:122)
	at org.springframework.web.servlet.DispatcherServlet.checkMultipart(DispatcherServlet.java:1210)
	at org.springframework.web.servlet.DispatcherServlet.doDispatch(DispatcherServlet.java:1044)
	at org.springframework.web.servlet.DispatcherServlet.doService(DispatcherServlet.java:965)
	at org.springframework.web.servlet.FrameworkServlet.processRequest(FrameworkServlet.java:1006)
	at org.springframework.web.servlet.FrameworkServlet.doPost(FrameworkServlet.java:909)
	at javax.servlet.http.HttpServlet.service(HttpServlet.java:555)
	at org.springframework.web.servlet.FrameworkServlet.service(FrameworkServlet.java:883)
	at javax.servlet.http.HttpServlet.service(HttpServlet.java:623)
	at org.apache.catalina.core.ApplicationFilterChain.internalDoFilter(ApplicationFilterChain.java:209)
	at org.apache.catalina.core.ApplicationFilterChain.doFilter(ApplicationFilterChain.java:153)
	at org.apache.tomcat.websocket.server.WsFilter.doFilter(WsFilter.java:51)
	at org.apache.catalina.core.ApplicationFilterChain.internalDoFilter(ApplicationFilterChain.java:178)
	at org.apache.catalina.core.ApplicationFilterChain.doFilter(ApplicationFilterChain.java:153)
	at org.springframework.web.filter.RequestContextFilter.doFilterInternal(RequestContextFilter.java:100)
	at org.springframework.web.filter.OncePerRequestFilter.doFilter(OncePerRequestFilter.java:117)
	at org.apache.catalina.core.ApplicationFilterChain.internalDoFilter(ApplicationFilterChain.java:178)
	at org.apache.catalina.core.ApplicationFilterChain.doFilter(ApplicationFilterChain.java:153)
	at org.springframework.web.filter.FormContentFilter.doFilterInternal(FormContentFilter.java:93)
	at org.springframework.web.filter.OncePerRequestFilter.doFilter(OncePerRequestFilter.java:117)
	at org.apache.catalina.core.ApplicationFilterChain.internalDoFilter(ApplicationFilterChain.java:178)
	at org.apache.catalina.core.ApplicationFilterChain.doFilter(ApplicationFilterChain.java:153)
	at javax.servlet.http.HttpFilter.doFilter(HttpFilter.java:85)
	at com.hwadee.springboot.config.CorsFilter.doFilter(CorsFilter.java:57)
	at javax.servlet.http.HttpFilter.doFilter(HttpFilter.java:53)
	at org.apache.catalina.core.ApplicationFilterChain.internalDoFilter(ApplicationFilterChain.java:178)
	at org.apache.catalina.core.ApplicationFilterChain.doFilter(ApplicationFilterChain.java:153)
	at org.springframework.web.filter.CharacterEncodingFilter.doFilterInternal(CharacterEncodingFilter.java:201)
	at org.springframework.web.filter.OncePerRequestFilter.doFilter(OncePerRequestFilter.java:117)
	at org.apache.catalina.core.ApplicationFilterChain.internalDoFilter(ApplicationFilterChain.java:178)
	at org.apache.catalina.core.ApplicationFilterChain.doFilter(ApplicationFilterChain.java:153)
	at org.apache.catalina.core.StandardWrapperValve.invoke(StandardWrapperValve.java:167)
	at org.apache.catalina.core.StandardContextValve.invoke(StandardContextValve.java:90)
	at org.apache.catalina.authenticator.AuthenticatorBase.invoke(AuthenticatorBase.java:481)
	at org.apache.catalina.core.StandardHostValve.invoke(StandardHostValve.java:130)
	at org.apache.catalina.valves.ErrorReportValve.invoke(ErrorReportValve.java:93)
	at org.apache.catalina.core.StandardEngineValve.invoke(StandardEngineValve.java:74)
	at org.apache.catalina.connector.CoyoteAdapter.service(CoyoteAdapter.java:343)
	at org.apache.coyote.http11.Http11Processor.service(Http11Processor.java:390)
	at org.apache.coyote.AbstractProcessorLight.process(AbstractProcessorLight.java:63)
	at org.apache.coyote.AbstractProtocol$ConnectionHandler.process(AbstractProtocol.java:926)
	at org.apache.tomcat.util.net.NioEndpoint$SocketProcessor.doRun(NioEndpoint.java:1791)
	at org.apache.tomcat.util.net.SocketProcessorBase.run(SocketProcessorBase.java:52)
	at org.apache.tomcat.util.threads.ThreadPoolExecutor.runWorker(ThreadPoolExecutor.java:1191)
	at org.apache.tomcat.util.threads.ThreadPoolExecutor$Worker.run(ThreadPoolExecutor.java:659)
	at org.apache.tomcat.util.threads.TaskThread$WrappingRunnable.run(TaskThread.java:61)
	at java.base/java.lang.Thread.run(Thread.java:1623)
[WARN]2024-07-08 12:03:38,292 - Failed to perform cleanup of multipart items
java.io.UncheckedIOException: Cannot delete C:\Users\jiaoy\AppData\Local\Temp\tomcat.8080.14407401304699914877\work\Tomcat\localhost\ROOT\upload_69327d98_19bf_4c22_a639_45a54f63179a_00000003.tmp
	at org.apache.tomcat.util.http.fileupload.disk.DiskFileItem.delete(DiskFileItem.java:431)
	at org.apache.catalina.core.ApplicationPart.delete(ApplicationPart.java:53)
	at org.springframework.web.multipart.support.StandardServletMultipartResolver.cleanupMultipart(StandardServletMultipartResolver.java:134)
	at org.springframework.web.servlet.DispatcherServlet.cleanupMultipart(DispatcherServlet.java:1251)
	at org.springframework.web.servlet.DispatcherServlet.doDispatch(DispatcherServlet.java:1108)
	at org.springframework.web.servlet.DispatcherServlet.doService(DispatcherServlet.java:965)
	at org.springframework.web.servlet.FrameworkServlet.processRequest(FrameworkServlet.java:1006)
	at org.springframework.web.servlet.FrameworkServlet.doPost(FrameworkServlet.java:909)
	at javax.servlet.http.HttpServlet.service(HttpServlet.java:555)
	at org.springframework.web.servlet.FrameworkServlet.service(FrameworkServlet.java:883)
	at javax.servlet.http.HttpServlet.service(HttpServlet.java:623)
	at org.apache.catalina.core.ApplicationFilterChain.internalDoFilter(ApplicationFilterChain.java:209)
	at org.apache.catalina.core.ApplicationFilterChain.doFilter(ApplicationFilterChain.java:153)
	at org.apache.tomcat.websocket.server.WsFilter.doFilter(WsFilter.java:51)
	at org.apache.catalina.core.ApplicationFilterChain.internalDoFilter(ApplicationFilterChain.java:178)
	at org.apache.catalina.core.ApplicationFilterChain.doFilter(ApplicationFilterChain.java:153)
	at org.springframework.web.filter.RequestContextFilter.doFilterInternal(RequestContextFilter.java:100)
	at org.springframework.web.filter.OncePerRequestFilter.doFilter(OncePerRequestFilter.java:117)
	at org.apache.catalina.core.ApplicationFilterChain.internalDoFilter(ApplicationFilterChain.java:178)
	at org.apache.catalina.core.ApplicationFilterChain.doFilter(ApplicationFilterChain.java:153)
	at org.springframework.web.filter.FormContentFilter.doFilterInternal(FormContentFilter.java:93)
	at org.springframework.web.filter.OncePerRequestFilter.doFilter(OncePerRequestFilter.java:117)
	at org.apache.catalina.core.ApplicationFilterChain.internalDoFilter(ApplicationFilterChain.java:178)
	at org.apache.catalina.core.ApplicationFilterChain.doFilter(ApplicationFilterChain.java:153)
	at javax.servlet.http.HttpFilter.doFilter(HttpFilter.java:85)
	at com.hwadee.springboot.config.CorsFilter.doFilter(CorsFilter.java:57)
	at javax.servlet.http.HttpFilter.doFilter(HttpFilter.java:53)
	at org.apache.catalina.core.ApplicationFilterChain.internalDoFilter(ApplicationFilterChain.java:178)
	at org.apache.catalina.core.ApplicationFilterChain.doFilter(ApplicationFilterChain.java:153)
	at org.springframework.web.filter.CharacterEncodingFilter.doFilterInternal(CharacterEncodingFilter.java:201)
	at org.springframework.web.filter.OncePerRequestFilter.doFilter(OncePerRequestFilter.java:117)
	at org.apache.catalina.core.ApplicationFilterChain.internalDoFilter(ApplicationFilterChain.java:178)
	at org.apache.catalina.core.ApplicationFilterChain.doFilter(ApplicationFilterChain.java:153)
	at org.apache.catalina.core.StandardWrapperValve.invoke(StandardWrapperValve.java:167)
	at org.apache.catalina.core.StandardContextValve.invoke(StandardContextValve.java:90)
	at org.apache.catalina.authenticator.AuthenticatorBase.invoke(AuthenticatorBase.java:481)
	at org.apache.catalina.core.StandardHostValve.invoke(StandardHostValve.java:130)
	at org.apache.catalina.valves.ErrorReportValve.invoke(ErrorReportValve.java:93)
	at org.apache.catalina.core.StandardEngineValve.invoke(StandardEngineValve.java:74)
	at org.apache.catalina.connector.CoyoteAdapter.service(CoyoteAdapter.java:343)
	at org.apache.coyote.http11.Http11Processor.service(Http11Processor.java:390)
	at org.apache.coyote.AbstractProcessorLight.process(AbstractProcessorLight.java:63)
	at org.apache.coyote.AbstractProtocol$ConnectionHandler.process(AbstractProtocol.java:926)
	at org.apache.tomcat.util.net.NioEndpoint$SocketProcessor.doRun(NioEndpoint.java:1791)
	at org.apache.tomcat.util.net.SocketProcessorBase.run(SocketProcessorBase.java:52)
	at org.apache.tomcat.util.threads.ThreadPoolExecutor.runWorker(ThreadPoolExecutor.java:1191)
	at org.apache.tomcat.util.threads.ThreadPoolExecutor$Worker.run(ThreadPoolExecutor.java:659)
	at org.apache.tomcat.util.threads.TaskThread$WrappingRunnable.run(TaskThread.java:61)
	at java.base/java.lang.Thread.run(Thread.java:1623)
Caused by: java.io.IOException: Cannot delete C:\Users\jiaoy\AppData\Local\Temp\tomcat.8080.14407401304699914877\work\Tomcat\localhost\ROOT\upload_69327d98_19bf_4c22_a639_45a54f63179a_00000003.tmp
	... 49 common frames omitted
[ERROR]2024-07-08 12:03:38,295 - Error processing request
java.io.UncheckedIOException: Cannot delete C:\Users\jiaoy\AppData\Local\Temp\tomcat.8080.14407401304699914877\work\Tomcat\localhost\ROOT\upload_69327d98_19bf_4c22_a639_45a54f63179a_00000003.tmp
	at org.apache.tomcat.util.http.fileupload.disk.DiskFileItem.delete(DiskFileItem.java:431)
	at org.apache.catalina.core.ApplicationPart.delete(ApplicationPart.java:53)
	at org.apache.catalina.connector.Request.recycle(Request.java:474)
	at org.apache.catalina.connector.CoyoteAdapter.service(CoyoteAdapter.java:421)
	at org.apache.coyote.http11.Http11Processor.service(Http11Processor.java:390)
	at org.apache.coyote.AbstractProcessorLight.process(AbstractProcessorLight.java:63)
	at org.apache.coyote.AbstractProtocol$ConnectionHandler.process(AbstractProtocol.java:926)
	at org.apache.tomcat.util.net.NioEndpoint$SocketProcessor.doRun(NioEndpoint.java:1791)
	at org.apache.tomcat.util.net.SocketProcessorBase.run(SocketProcessorBase.java:52)
	at org.apache.tomcat.util.threads.ThreadPoolExecutor.runWorker(ThreadPoolExecutor.java:1191)
	at org.apache.tomcat.util.threads.ThreadPoolExecutor$Worker.run(ThreadPoolExecutor.java:659)
	at org.apache.tomcat.util.threads.TaskThread$WrappingRunnable.run(TaskThread.java:61)
	at java.base/java.lang.Thread.run(Thread.java:1623)
Caused by: java.io.IOException: Cannot delete C:\Users\jiaoy\AppData\Local\Temp\tomcat.8080.14407401304699914877\work\Tomcat\localhost\ROOT\upload_69327d98_19bf_4c22_a639_45a54f63179a_00000003.tmp
	... 13 common frames omitted
[ERROR]2024-07-08 12:03:38,298 - Error reading request, ignored
java.io.UncheckedIOException: Cannot delete C:\Users\jiaoy\AppData\Local\Temp\tomcat.8080.14407401304699914877\work\Tomcat\localhost\ROOT\upload_69327d98_19bf_4c22_a639_45a54f63179a_00000003.tmp
	at org.apache.tomcat.util.http.fileupload.disk.DiskFileItem.delete(DiskFileItem.java:431)
	at org.apache.catalina.core.ApplicationPart.delete(ApplicationPart.java:53)
	at org.apache.catalina.connector.Request.recycle(Request.java:474)
	at org.apache.catalina.connector.CoyoteAdapter.log(CoyoteAdapter.java:494)
	at org.apache.coyote.http11.Http11Processor.service(Http11Processor.java:420)
	at org.apache.coyote.AbstractProcessorLight.process(AbstractProcessorLight.java:63)
	at org.apache.coyote.AbstractProtocol$ConnectionHandler.process(AbstractProtocol.java:926)
	at org.apache.tomcat.util.net.NioEndpoint$SocketProcessor.doRun(NioEndpoint.java:1791)
	at org.apache.tomcat.util.net.SocketProcessorBase.run(SocketProcessorBase.java:52)
	at org.apache.tomcat.util.threads.ThreadPoolExecutor.runWorker(ThreadPoolExecutor.java:1191)
	at org.apache.tomcat.util.threads.ThreadPoolExecutor$Worker.run(ThreadPoolExecutor.java:659)
	at org.apache.tomcat.util.threads.TaskThread$WrappingRunnable.run(TaskThread.java:61)
	at java.base/java.lang.Thread.run(Thread.java:1623)
Caused by: java.io.IOException: Cannot delete C:\Users\jiaoy\AppData\Local\Temp\tomcat.8080.14407401304699914877\work\Tomcat\localhost\ROOT\upload_69327d98_19bf_4c22_a639_45a54f63179a_00000003.tmp
	... 13 common frames omitted
[ERROR]2024-07-08 12:03:38,299 - Error running socket processor
java.io.UncheckedIOException: Cannot delete C:\Users\jiaoy\AppData\Local\Temp\tomcat.8080.14407401304699914877\work\Tomcat\localhost\ROOT\upload_69327d98_19bf_4c22_a639_45a54f63179a_00000003.tmp
	at org.apache.tomcat.util.http.fileupload.disk.DiskFileItem.delete(DiskFileItem.java:431)
	at org.apache.catalina.core.ApplicationPart.delete(ApplicationPart.java:53)
	at org.apache.catalina.connector.Request.recycle(Request.java:474)
	at org.apache.catalina.connector.CoyoteAdapter.log(CoyoteAdapter.java:494)
	at org.apache.catalina.connector.CoyoteAdapter.checkRecycled(CoyoteAdapter.java:517)
	at org.apache.coyote.http11.Http11Processor.recycle(Http11Processor.java:1417)
	at org.apache.coyote.AbstractProtocol$ConnectionHandler.release(AbstractProtocol.java:1129)
	at org.apache.coyote.AbstractProtocol$ConnectionHandler.process(AbstractProtocol.java:1090)
	at org.apache.tomcat.util.net.NioEndpoint$SocketProcessor.doRun(NioEndpoint.java:1791)
	at org.apache.tomcat.util.net.SocketProcessorBase.run(SocketProcessorBase.java:52)
	at org.apache.tomcat.util.threads.ThreadPoolExecutor.runWorker(ThreadPoolExecutor.java:1191)
	at org.apache.tomcat.util.threads.ThreadPoolExecutor$Worker.run(ThreadPoolExecutor.java:659)
	at org.apache.tomcat.util.threads.TaskThread$WrappingRunnable.run(TaskThread.java:61)
	at java.base/java.lang.Thread.run(Thread.java:1623)
Caused by: java.io.IOException: Cannot delete C:\Users\jiaoy\AppData\Local\Temp\tomcat.8080.14407401304699914877\work\Tomcat\localhost\ROOT\upload_69327d98_19bf_4c22_a639_45a54f63179a_00000003.tmp
	... 14 common frames omitted
[WARN]2024-07-08 12:07:13,773 - Resolved [org.springframework.web.multipart.support.MissingServletRequestPartException: Required request part 'avatar' is not present]
[WARN]2024-07-08 12:07:19,512 - Resolved [org.springframework.web.multipart.support.MissingServletRequestPartException: Required request part 'avatar' is not present]
[WARN]2024-07-08 12:07:48,781 - Resolved [org.springframework.web.multipart.support.MissingServletRequestPartException: Required request part 'avatar' is not present]
[WARN]2024-07-08 12:08:11,019 - Failed to perform cleanup of multipart items
java.io.UncheckedIOException: Cannot delete C:\Users\jiaoy\AppData\Local\Temp\tomcat.8080.14407401304699914877\work\Tomcat\localhost\ROOT\upload_69327d98_19bf_4c22_a639_45a54f63179a_00000011.tmp
	at org.apache.tomcat.util.http.fileupload.disk.DiskFileItem.delete(DiskFileItem.java:431)
	at org.apache.catalina.core.ApplicationPart.delete(ApplicationPart.java:53)
	at org.springframework.web.multipart.support.StandardServletMultipartResolver.cleanupMultipart(StandardServletMultipartResolver.java:134)
	at org.springframework.web.servlet.DispatcherServlet.cleanupMultipart(DispatcherServlet.java:1251)
	at org.springframework.web.servlet.DispatcherServlet.doDispatch(DispatcherServlet.java:1108)
	at org.springframework.web.servlet.DispatcherServlet.doService(DispatcherServlet.java:965)
	at org.springframework.web.servlet.FrameworkServlet.processRequest(FrameworkServlet.java:1006)
	at org.springframework.web.servlet.FrameworkServlet.doPost(FrameworkServlet.java:909)
	at javax.servlet.http.HttpServlet.service(HttpServlet.java:555)
	at org.springframework.web.servlet.FrameworkServlet.service(FrameworkServlet.java:883)
	at javax.servlet.http.HttpServlet.service(HttpServlet.java:623)
	at org.apache.catalina.core.ApplicationFilterChain.internalDoFilter(ApplicationFilterChain.java:209)
	at org.apache.catalina.core.ApplicationFilterChain.doFilter(ApplicationFilterChain.java:153)
	at org.apache.tomcat.websocket.server.WsFilter.doFilter(WsFilter.java:51)
	at org.apache.catalina.core.ApplicationFilterChain.internalDoFilter(ApplicationFilterChain.java:178)
	at org.apache.catalina.core.ApplicationFilterChain.doFilter(ApplicationFilterChain.java:153)
	at org.springframework.web.filter.RequestContextFilter.doFilterInternal(RequestContextFilter.java:100)
	at org.springframework.web.filter.OncePerRequestFilter.doFilter(OncePerRequestFilter.java:117)
	at org.apache.catalina.core.ApplicationFilterChain.internalDoFilter(ApplicationFilterChain.java:178)
	at org.apache.catalina.core.ApplicationFilterChain.doFilter(ApplicationFilterChain.java:153)
	at org.springframework.web.filter.FormContentFilter.doFilterInternal(FormContentFilter.java:93)
	at org.springframework.web.filter.OncePerRequestFilter.doFilter(OncePerRequestFilter.java:117)
	at org.apache.catalina.core.ApplicationFilterChain.internalDoFilter(ApplicationFilterChain.java:178)
	at org.apache.catalina.core.ApplicationFilterChain.doFilter(ApplicationFilterChain.java:153)
	at javax.servlet.http.HttpFilter.doFilter(HttpFilter.java:85)
	at com.hwadee.springboot.config.CorsFilter.doFilter(CorsFilter.java:57)
	at javax.servlet.http.HttpFilter.doFilter(HttpFilter.java:53)
	at org.apache.catalina.core.ApplicationFilterChain.internalDoFilter(ApplicationFilterChain.java:178)
	at org.apache.catalina.core.ApplicationFilterChain.doFilter(ApplicationFilterChain.java:153)
	at org.springframework.web.filter.CharacterEncodingFilter.doFilterInternal(CharacterEncodingFilter.java:201)
	at org.springframework.web.filter.OncePerRequestFilter.doFilter(OncePerRequestFilter.java:117)
	at org.apache.catalina.core.ApplicationFilterChain.internalDoFilter(ApplicationFilterChain.java:178)
	at org.apache.catalina.core.ApplicationFilterChain.doFilter(ApplicationFilterChain.java:153)
	at org.apache.catalina.core.StandardWrapperValve.invoke(StandardWrapperValve.java:167)
	at org.apache.catalina.core.StandardContextValve.invoke(StandardContextValve.java:90)
	at org.apache.catalina.authenticator.AuthenticatorBase.invoke(AuthenticatorBase.java:481)
	at org.apache.catalina.core.StandardHostValve.invoke(StandardHostValve.java:130)
	at org.apache.catalina.valves.ErrorReportValve.invoke(ErrorReportValve.java:93)
	at org.apache.catalina.core.StandardEngineValve.invoke(StandardEngineValve.java:74)
	at org.apache.catalina.connector.CoyoteAdapter.service(CoyoteAdapter.java:343)
	at org.apache.coyote.http11.Http11Processor.service(Http11Processor.java:390)
	at org.apache.coyote.AbstractProcessorLight.process(AbstractProcessorLight.java:63)
	at org.apache.coyote.AbstractProtocol$ConnectionHandler.process(AbstractProtocol.java:926)
	at org.apache.tomcat.util.net.NioEndpoint$SocketProcessor.doRun(NioEndpoint.java:1791)
	at org.apache.tomcat.util.net.SocketProcessorBase.run(SocketProcessorBase.java:52)
	at org.apache.tomcat.util.threads.ThreadPoolExecutor.runWorker(ThreadPoolExecutor.java:1191)
	at org.apache.tomcat.util.threads.ThreadPoolExecutor$Worker.run(ThreadPoolExecutor.java:659)
	at org.apache.tomcat.util.threads.TaskThread$WrappingRunnable.run(TaskThread.java:61)
	at java.base/java.lang.Thread.run(Thread.java:1623)
Caused by: java.io.IOException: Cannot delete C:\Users\jiaoy\AppData\Local\Temp\tomcat.8080.14407401304699914877\work\Tomcat\localhost\ROOT\upload_69327d98_19bf_4c22_a639_45a54f63179a_00000011.tmp
	... 49 common frames omitted
[ERROR]2024-07-08 12:08:11,021 - Error processing request
java.io.UncheckedIOException: Cannot delete C:\Users\jiaoy\AppData\Local\Temp\tomcat.8080.14407401304699914877\work\Tomcat\localhost\ROOT\upload_69327d98_19bf_4c22_a639_45a54f63179a_00000011.tmp
	at org.apache.tomcat.util.http.fileupload.disk.DiskFileItem.delete(DiskFileItem.java:431)
	at org.apache.catalina.core.ApplicationPart.delete(ApplicationPart.java:53)
	at org.apache.catalina.connector.Request.recycle(Request.java:474)
	at org.apache.catalina.connector.CoyoteAdapter.service(CoyoteAdapter.java:421)
	at org.apache.coyote.http11.Http11Processor.service(Http11Processor.java:390)
	at org.apache.coyote.AbstractProcessorLight.process(AbstractProcessorLight.java:63)
	at org.apache.coyote.AbstractProtocol$ConnectionHandler.process(AbstractProtocol.java:926)
	at org.apache.tomcat.util.net.NioEndpoint$SocketProcessor.doRun(NioEndpoint.java:1791)
	at org.apache.tomcat.util.net.SocketProcessorBase.run(SocketProcessorBase.java:52)
	at org.apache.tomcat.util.threads.ThreadPoolExecutor.runWorker(ThreadPoolExecutor.java:1191)
	at org.apache.tomcat.util.threads.ThreadPoolExecutor$Worker.run(ThreadPoolExecutor.java:659)
	at org.apache.tomcat.util.threads.TaskThread$WrappingRunnable.run(TaskThread.java:61)
	at java.base/java.lang.Thread.run(Thread.java:1623)
Caused by: java.io.IOException: Cannot delete C:\Users\jiaoy\AppData\Local\Temp\tomcat.8080.14407401304699914877\work\Tomcat\localhost\ROOT\upload_69327d98_19bf_4c22_a639_45a54f63179a_00000011.tmp
	... 13 common frames omitted
[ERROR]2024-07-08 12:08:11,021 - Error reading request, ignored
java.io.UncheckedIOException: Cannot delete C:\Users\jiaoy\AppData\Local\Temp\tomcat.8080.14407401304699914877\work\Tomcat\localhost\ROOT\upload_69327d98_19bf_4c22_a639_45a54f63179a_00000011.tmp
	at org.apache.tomcat.util.http.fileupload.disk.DiskFileItem.delete(DiskFileItem.java:431)
	at org.apache.catalina.core.ApplicationPart.delete(ApplicationPart.java:53)
	at org.apache.catalina.connector.Request.recycle(Request.java:474)
	at org.apache.catalina.connector.CoyoteAdapter.log(CoyoteAdapter.java:494)
	at org.apache.coyote.http11.Http11Processor.service(Http11Processor.java:420)
	at org.apache.coyote.AbstractProcessorLight.process(AbstractProcessorLight.java:63)
	at org.apache.coyote.AbstractProtocol$ConnectionHandler.process(AbstractProtocol.java:926)
	at org.apache.tomcat.util.net.NioEndpoint$SocketProcessor.doRun(NioEndpoint.java:1791)
	at org.apache.tomcat.util.net.SocketProcessorBase.run(SocketProcessorBase.java:52)
	at org.apache.tomcat.util.threads.ThreadPoolExecutor.runWorker(ThreadPoolExecutor.java:1191)
	at org.apache.tomcat.util.threads.ThreadPoolExecutor$Worker.run(ThreadPoolExecutor.java:659)
	at org.apache.tomcat.util.threads.TaskThread$WrappingRunnable.run(TaskThread.java:61)
	at java.base/java.lang.Thread.run(Thread.java:1623)
Caused by: java.io.IOException: Cannot delete C:\Users\jiaoy\AppData\Local\Temp\tomcat.8080.14407401304699914877\work\Tomcat\localhost\ROOT\upload_69327d98_19bf_4c22_a639_45a54f63179a_00000011.tmp
	... 13 common frames omitted
[ERROR]2024-07-08 12:08:11,022 - Error running socket processor
java.io.UncheckedIOException: Cannot delete C:\Users\jiaoy\AppData\Local\Temp\tomcat.8080.14407401304699914877\work\Tomcat\localhost\ROOT\upload_69327d98_19bf_4c22_a639_45a54f63179a_00000011.tmp
	at org.apache.tomcat.util.http.fileupload.disk.DiskFileItem.delete(DiskFileItem.java:431)
	at org.apache.catalina.core.ApplicationPart.delete(ApplicationPart.java:53)
	at org.apache.catalina.connector.Request.recycle(Request.java:474)
	at org.apache.catalina.connector.CoyoteAdapter.log(CoyoteAdapter.java:494)
	at org.apache.catalina.connector.CoyoteAdapter.checkRecycled(CoyoteAdapter.java:517)
	at org.apache.coyote.http11.Http11Processor.recycle(Http11Processor.java:1417)
	at org.apache.coyote.AbstractProtocol$ConnectionHandler.release(AbstractProtocol.java:1129)
	at org.apache.coyote.AbstractProtocol$ConnectionHandler.process(AbstractProtocol.java:1090)
	at org.apache.tomcat.util.net.NioEndpoint$SocketProcessor.doRun(NioEndpoint.java:1791)
	at org.apache.tomcat.util.net.SocketProcessorBase.run(SocketProcessorBase.java:52)
	at org.apache.tomcat.util.threads.ThreadPoolExecutor.runWorker(ThreadPoolExecutor.java:1191)
	at org.apache.tomcat.util.threads.ThreadPoolExecutor$Worker.run(ThreadPoolExecutor.java:659)
	at org.apache.tomcat.util.threads.TaskThread$WrappingRunnable.run(TaskThread.java:61)
	at java.base/java.lang.Thread.run(Thread.java:1623)
Caused by: java.io.IOException: Cannot delete C:\Users\jiaoy\AppData\Local\Temp\tomcat.8080.14407401304699914877\work\Tomcat\localhost\ROOT\upload_69327d98_19bf_4c22_a639_45a54f63179a_00000011.tmp
	... 14 common frames omitted
[INFO]2024-07-08 12:11:46,022 - Closing JPA EntityManagerFactory for persistence unit 'default'
[INFO]2024-07-08 12:11:46,026 - HikariPool-1 - Shutdown initiated...
[INFO]2024-07-08 12:11:46,029 - HikariPool-1 - Shutdown completed.
[INFO]2024-07-08 14:34:27,327 - Starting SpringbootApplication using Java 20.0.1 on LAPTOP-L2BN52PD with PID 46852 (E:\shixi\springboot\target\classes started by jiaoy in E:\shixi\springboot)
[INFO]2024-07-08 14:34:27,328 - No active profile set, falling back to 1 default profile: "default"
[INFO]2024-07-08 14:34:27,422 - Devtools property defaults active! Set 'spring.devtools.add-properties' to 'false' to disable
[INFO]2024-07-08 14:34:27,422 - For additional web related logging consider setting the 'logging.level.web' property to 'DEBUG'
[INFO]2024-07-08 14:34:28,894 - Multiple Spring Data modules found, entering strict repository configuration mode
[INFO]2024-07-08 14:34:28,894 - Bootstrapping Spring Data JPA repositories in DEFAULT mode.
[INFO]2024-07-08 14:34:28,922 - Finished Spring Data repository scanning in 13 ms. Found 0 JPA repository interfaces.
[INFO]2024-07-08 14:34:28,940 - Multiple Spring Data modules found, entering strict repository configuration mode
[INFO]2024-07-08 14:34:28,941 - Bootstrapping Spring Data Redis repositories in DEFAULT mode.
[INFO]2024-07-08 14:34:28,955 - Finished Spring Data repository scanning in 3 ms. Found 0 Redis repository interfaces.
[INFO]2024-07-08 14:34:29,703 - Tomcat initialized with port(s): 8080 (http)
[INFO]2024-07-08 14:34:29,704 - Loaded Apache Tomcat Native library [1.3.0] using APR version [1.7.4].
[INFO]2024-07-08 14:34:29,704 - APR capabilities: IPv6 [true], sendfile [true], accept filters [false], random [true], UDS [true].
[INFO]2024-07-08 14:34:29,704 - APR/OpenSSL configuration: useAprConnector [false], useOpenSSL [true]
[INFO]2024-07-08 14:34:29,726 - OpenSSL successfully initialized [OpenSSL 3.0.13 30 Jan 2024]
[INFO]2024-07-08 14:34:29,732 - Initializing ProtocolHandler ["http-nio-8080"]
[INFO]2024-07-08 14:34:29,734 - Starting service [Tomcat]
[INFO]2024-07-08 14:34:29,734 - Starting Servlet engine: [Apache Tomcat/9.0.76]
[INFO]2024-07-08 14:34:29,802 - Initializing Spring embedded WebApplicationContext
[INFO]2024-07-08 14:34:29,802 - Root WebApplicationContext: initialization completed in 2380 ms
[INFO]2024-07-08 14:34:30,009 - HikariPool-1 - Starting...
[WARN]2024-07-08 14:34:30,010 - Registered driver with driverClassName=com.mysql.jdbc.Driver was not found, trying direct instantiation.
[INFO]2024-07-08 14:34:30,136 - HikariPool-1 - Start completed.
[INFO]2024-07-08 14:34:30,221 - HHH000412: Hibernate ORM core version 5.6.15.Final
[INFO]2024-07-08 14:34:30,331 - HCANN000001: Hibernate Commons Annotations {5.1.2.Final}
[INFO]2024-07-08 14:34:30,429 - HHH000400: Using dialect: org.hibernate.dialect.MySQL55Dialect
[INFO]2024-07-08 14:34:30,542 - HHH000490: Using JtaPlatform implementation: [org.hibernate.engine.transaction.jta.platform.internal.NoJtaPlatform]
[INFO]2024-07-08 14:34:30,553 - Initialized JPA EntityManagerFactory for persistence unit 'default'
[INFO]2024-07-08 14:34:31,363 - 自定义Redis配置--
[WARN]2024-07-08 14:34:31,414 - spring.jpa.open-in-view is enabled by default. Therefore, database queries may be performed during view rendering. Explicitly configure spring.jpa.open-in-view to disable this warning
[INFO]2024-07-08 14:34:31,592 - Adding welcome page template: index
[INFO]2024-07-08 14:34:31,916 - LiveReload server is running on port 35729
[INFO]2024-07-08 14:34:31,957 - Starting ProtocolHandler ["http-nio-8080"]
[INFO]2024-07-08 14:34:31,987 - Tomcat started on port(s): 8080 (http) with context path ''
[INFO]2024-07-08 14:34:32,007 - Started SpringbootApplication in 5.178 seconds (JVM running for 10.563)
[INFO]2024-07-08 14:35:01,890 - Initializing Spring DispatcherServlet 'dispatcherServlet'
[INFO]2024-07-08 14:35:01,890 - Initializing Servlet 'dispatcherServlet'
[INFO]2024-07-08 14:35:01,891 - Completed initialization in 1 ms
[WARN]2024-07-08 14:43:19,739 - Failure in @ExceptionHandler com.hwadee.springboot.exception.GlobalExceptionHandler#exceptionHandler(Exception)
org.apache.catalina.connector.ClientAbortException: java.io.IOException: 你的主机中的软件中止了一个已建立的连接。
	at org.apache.catalina.connector.OutputBuffer.realWriteBytes(OutputBuffer.java:351)
	at org.apache.catalina.connector.OutputBuffer.flushByteBuffer(OutputBuffer.java:784)
	at org.apache.catalina.connector.OutputBuffer.doFlush(OutputBuffer.java:298)
	at org.apache.catalina.connector.OutputBuffer.flush(OutputBuffer.java:271)
	at org.apache.catalina.connector.CoyoteOutputStream.flush(CoyoteOutputStream.java:120)
	at java.base/java.io.FilterOutputStream.flush(FilterOutputStream.java:154)
	at com.fasterxml.jackson.core.json.UTF8JsonGenerator.flush(UTF8JsonGenerator.java:1187)
	at com.fasterxml.jackson.databind.ObjectWriter.writeValue(ObjectWriter.java:1009)
	at org.springframework.http.converter.json.AbstractJackson2HttpMessageConverter.writeInternal(AbstractJackson2HttpMessageConverter.java:456)
	at org.springframework.http.converter.AbstractGenericHttpMessageConverter.write(AbstractGenericHttpMessageConverter.java:104)
	at org.springframework.web.servlet.mvc.method.annotation.AbstractMessageConverterMethodProcessor.writeWithMessageConverters(AbstractMessageConverterMethodProcessor.java:290)
	at org.springframework.web.servlet.mvc.method.annotation.RequestResponseBodyMethodProcessor.handleReturnValue(RequestResponseBodyMethodProcessor.java:183)
	at org.springframework.web.method.support.HandlerMethodReturnValueHandlerComposite.handleReturnValue(HandlerMethodReturnValueHandlerComposite.java:78)
	at org.springframework.web.servlet.mvc.method.annotation.ServletInvocableHandlerMethod.invokeAndHandle(ServletInvocableHandlerMethod.java:135)
	at org.springframework.web.servlet.mvc.method.annotation.ExceptionHandlerExceptionResolver.doResolveHandlerMethodException(ExceptionHandlerExceptionResolver.java:428)
	at org.springframework.web.servlet.handler.AbstractHandlerMethodExceptionResolver.doResolveException(AbstractHandlerMethodExceptionResolver.java:75)
	at org.springframework.web.servlet.handler.AbstractHandlerExceptionResolver.resolveException(AbstractHandlerExceptionResolver.java:142)
	at org.springframework.web.servlet.handler.HandlerExceptionResolverComposite.resolveException(HandlerExceptionResolverComposite.java:80)
	at org.springframework.web.servlet.DispatcherServlet.processHandlerException(DispatcherServlet.java:1332)
	at org.springframework.web.servlet.DispatcherServlet.processDispatchResult(DispatcherServlet.java:1143)
	at org.springframework.web.servlet.DispatcherServlet.doDispatch(DispatcherServlet.java:1089)
	at org.springframework.web.servlet.DispatcherServlet.doService(DispatcherServlet.java:965)
	at org.springframework.web.servlet.FrameworkServlet.processRequest(FrameworkServlet.java:1006)
	at org.springframework.web.servlet.FrameworkServlet.doPost(FrameworkServlet.java:909)
	at javax.servlet.http.HttpServlet.service(HttpServlet.java:555)
	at org.springframework.web.servlet.FrameworkServlet.service(FrameworkServlet.java:883)
	at javax.servlet.http.HttpServlet.service(HttpServlet.java:623)
	at org.apache.catalina.core.ApplicationFilterChain.internalDoFilter(ApplicationFilterChain.java:209)
	at org.apache.catalina.core.ApplicationFilterChain.doFilter(ApplicationFilterChain.java:153)
	at org.apache.tomcat.websocket.server.WsFilter.doFilter(WsFilter.java:51)
	at org.apache.catalina.core.ApplicationFilterChain.internalDoFilter(ApplicationFilterChain.java:178)
	at org.apache.catalina.core.ApplicationFilterChain.doFilter(ApplicationFilterChain.java:153)
	at org.springframework.web.filter.RequestContextFilter.doFilterInternal(RequestContextFilter.java:100)
	at org.springframework.web.filter.OncePerRequestFilter.doFilter(OncePerRequestFilter.java:117)
	at org.apache.catalina.core.ApplicationFilterChain.internalDoFilter(ApplicationFilterChain.java:178)
	at org.apache.catalina.core.ApplicationFilterChain.doFilter(ApplicationFilterChain.java:153)
	at org.springframework.web.filter.FormContentFilter.doFilterInternal(FormContentFilter.java:93)
	at org.springframework.web.filter.OncePerRequestFilter.doFilter(OncePerRequestFilter.java:117)
	at org.apache.catalina.core.ApplicationFilterChain.internalDoFilter(ApplicationFilterChain.java:178)
	at org.apache.catalina.core.ApplicationFilterChain.doFilter(ApplicationFilterChain.java:153)
	at javax.servlet.http.HttpFilter.doFilter(HttpFilter.java:85)
	at com.hwadee.springboot.config.CorsFilter.doFilter(CorsFilter.java:57)
	at javax.servlet.http.HttpFilter.doFilter(HttpFilter.java:53)
	at org.apache.catalina.core.ApplicationFilterChain.internalDoFilter(ApplicationFilterChain.java:178)
	at org.apache.catalina.core.ApplicationFilterChain.doFilter(ApplicationFilterChain.java:153)
	at org.springframework.web.filter.CharacterEncodingFilter.doFilterInternal(CharacterEncodingFilter.java:201)
	at org.springframework.web.filter.OncePerRequestFilter.doFilter(OncePerRequestFilter.java:117)
	at org.apache.catalina.core.ApplicationFilterChain.internalDoFilter(ApplicationFilterChain.java:178)
	at org.apache.catalina.core.ApplicationFilterChain.doFilter(ApplicationFilterChain.java:153)
	at org.apache.catalina.core.StandardWrapperValve.invoke(StandardWrapperValve.java:167)
	at org.apache.catalina.core.StandardContextValve.invoke(StandardContextValve.java:90)
	at org.apache.catalina.authenticator.AuthenticatorBase.invoke(AuthenticatorBase.java:481)
	at org.apache.catalina.core.StandardHostValve.invoke(StandardHostValve.java:130)
	at org.apache.catalina.valves.ErrorReportValve.invoke(ErrorReportValve.java:93)
	at org.apache.catalina.core.StandardEngineValve.invoke(StandardEngineValve.java:74)
	at org.apache.catalina.connector.CoyoteAdapter.service(CoyoteAdapter.java:343)
	at org.apache.coyote.http11.Http11Processor.service(Http11Processor.java:390)
	at org.apache.coyote.AbstractProcessorLight.process(AbstractProcessorLight.java:63)
	at org.apache.coyote.AbstractProtocol$ConnectionHandler.process(AbstractProtocol.java:926)
	at org.apache.tomcat.util.net.NioEndpoint$SocketProcessor.doRun(NioEndpoint.java:1791)
	at org.apache.tomcat.util.net.SocketProcessorBase.run(SocketProcessorBase.java:52)
	at org.apache.tomcat.util.threads.ThreadPoolExecutor.runWorker(ThreadPoolExecutor.java:1191)
	at org.apache.tomcat.util.threads.ThreadPoolExecutor$Worker.run(ThreadPoolExecutor.java:659)
	at org.apache.tomcat.util.threads.TaskThread$WrappingRunnable.run(TaskThread.java:61)
	at java.base/java.lang.Thread.run(Thread.java:1623)
Caused by: java.io.IOException: 你的主机中的软件中止了一个已建立的连接。
	at java.base/sun.nio.ch.SocketDispatcher.write0(Native Method)
	at java.base/sun.nio.ch.SocketDispatcher.write(SocketDispatcher.java:54)
	at java.base/sun.nio.ch.IOUtil.writeFromNativeBuffer(IOUtil.java:137)
	at java.base/sun.nio.ch.IOUtil.write(IOUtil.java:102)
	at java.base/sun.nio.ch.IOUtil.write(IOUtil.java:58)
	at java.base/sun.nio.ch.SocketChannelImpl.write(SocketChannelImpl.java:542)
	at org.apache.tomcat.util.net.NioChannel.write(NioChannel.java:136)
	at org.apache.tomcat.util.net.NioEndpoint$NioSocketWrapper.doWrite(NioEndpoint.java:1431)
	at org.apache.tomcat.util.net.SocketWrapperBase.doWrite(SocketWrapperBase.java:775)
	at org.apache.tomcat.util.net.SocketWrapperBase.writeBlocking(SocketWrapperBase.java:600)
	at org.apache.tomcat.util.net.SocketWrapperBase.write(SocketWrapperBase.java:544)
	at org.apache.coyote.http11.Http11OutputBuffer$SocketOutputBuffer.doWrite(Http11OutputBuffer.java:540)
	at org.apache.coyote.http11.filters.IdentityOutputFilter.doWrite(IdentityOutputFilter.java:73)
	at org.apache.coyote.http11.Http11OutputBuffer.doWrite(Http11OutputBuffer.java:193)
	at org.apache.coyote.Response.doWrite(Response.java:603)
	at org.apache.catalina.connector.OutputBuffer.realWriteBytes(OutputBuffer.java:338)
	... 64 common frames omitted
[INFO]2024-07-08 14:56:46,647 - Closing JPA EntityManagerFactory for persistence unit 'default'
[INFO]2024-07-08 14:56:46,654 - HikariPool-1 - Shutdown initiated...
[INFO]2024-07-08 14:56:46,665 - HikariPool-1 - Shutdown completed.
[INFO]2024-07-08 14:56:51,845 - Starting SpringbootApplication using Java 20.0.1 on LAPTOP-L2BN52PD with PID 3824 (E:\shixi\springboot\target\classes started by jiaoy in E:\shixi\springboot)
[INFO]2024-07-08 14:56:51,846 - No active profile set, falling back to 1 default profile: "default"
[INFO]2024-07-08 14:56:51,916 - Devtools property defaults active! Set 'spring.devtools.add-properties' to 'false' to disable
[INFO]2024-07-08 14:56:51,916 - For additional web related logging consider setting the 'logging.level.web' property to 'DEBUG'
[INFO]2024-07-08 14:56:52,815 - Multiple Spring Data modules found, entering strict repository configuration mode
[INFO]2024-07-08 14:56:52,815 - Bootstrapping Spring Data JPA repositories in DEFAULT mode.
[INFO]2024-07-08 14:56:52,834 - Finished Spring Data repository scanning in 11 ms. Found 0 JPA repository interfaces.
[INFO]2024-07-08 14:56:52,846 - Multiple Spring Data modules found, entering strict repository configuration mode
[INFO]2024-07-08 14:56:52,847 - Bootstrapping Spring Data Redis repositories in DEFAULT mode.
[INFO]2024-07-08 14:56:52,859 - Finished Spring Data repository scanning in 5 ms. Found 0 Redis repository interfaces.
[INFO]2024-07-08 14:56:53,370 - Tomcat initialized with port(s): 8080 (http)
[INFO]2024-07-08 14:56:53,371 - Loaded Apache Tomcat Native library [1.3.0] using APR version [1.7.4].
[INFO]2024-07-08 14:56:53,371 - APR capabilities: IPv6 [true], sendfile [true], accept filters [false], random [true], UDS [true].
[INFO]2024-07-08 14:56:53,371 - APR/OpenSSL configuration: useAprConnector [false], useOpenSSL [true]
[INFO]2024-07-08 14:56:53,377 - OpenSSL successfully initialized [OpenSSL 3.0.13 30 Jan 2024]
[INFO]2024-07-08 14:56:53,383 - Initializing ProtocolHandler ["http-nio-8080"]
[INFO]2024-07-08 14:56:53,384 - Starting service [Tomcat]
[INFO]2024-07-08 14:56:53,384 - Starting Servlet engine: [Apache Tomcat/9.0.76]
[INFO]2024-07-08 14:56:53,446 - Initializing Spring embedded WebApplicationContext
[INFO]2024-07-08 14:56:53,446 - Root WebApplicationContext: initialization completed in 1529 ms
[INFO]2024-07-08 14:56:53,562 - HikariPool-1 - Starting...
[WARN]2024-07-08 14:56:53,563 - Registered driver with driverClassName=com.mysql.jdbc.Driver was not found, trying direct instantiation.
[INFO]2024-07-08 14:56:53,659 - HikariPool-1 - Start completed.
[INFO]2024-07-08 14:56:53,752 - HHH000412: Hibernate ORM core version 5.6.15.Final
[INFO]2024-07-08 14:56:53,849 - HCANN000001: Hibernate Commons Annotations {5.1.2.Final}
[INFO]2024-07-08 14:56:53,934 - HHH000400: Using dialect: org.hibernate.dialect.MySQL55Dialect
[INFO]2024-07-08 14:56:54,065 - HHH000490: Using JtaPlatform implementation: [org.hibernate.engine.transaction.jta.platform.internal.NoJtaPlatform]
[INFO]2024-07-08 14:56:54,074 - Initialized JPA EntityManagerFactory for persistence unit 'default'
[WARN]2024-07-08 14:56:54,345 - Exception encountered during context initialization - cancelling refresh attempt: org.springframework.beans.factory.BeanCreationException: Error creating bean with name 'adminController': Injection of resource dependencies failed; nested exception is org.springframework.beans.factory.BeanCreationException: Error creating bean with name 'adminService': Injection of resource dependencies failed; nested exception is org.springframework.beans.factory.UnsatisfiedDependencyException: Error creating bean with name 'adminDao' defined in file [E:\shixi\springboot\target\classes\com\hwadee\springboot\dao\AdminDao.class]: Unsatisfied dependency expressed through bean property 'sqlSessionFactory'; nested exception is org.springframework.beans.factory.BeanCreationException: Error creating bean with name 'sqlSessionFactory' defined in class path resource [org/mybatis/spring/boot/autoconfigure/MybatisAutoConfiguration.class]: Bean instantiation via factory method failed; nested exception is org.springframework.beans.BeanInstantiationException: Failed to instantiate [org.apache.ibatis.session.SqlSessionFactory]: Factory method 'sqlSessionFactory' threw exception; nested exception is java.io.IOException: Failed to parse mapping resource: 'file [E:\shixi\springboot\target\classes\mapper\VolunteerDao.xml]'
[INFO]2024-07-08 14:56:54,346 - Closing JPA EntityManagerFactory for persistence unit 'default'
[INFO]2024-07-08 14:56:54,349 - HikariPool-1 - Shutdown initiated...
[INFO]2024-07-08 14:56:54,354 - HikariPool-1 - Shutdown completed.
[INFO]2024-07-08 14:56:54,355 - Stopping service [Tomcat]
[ERROR]2024-07-08 14:56:54,391 - Application run failed
org.springframework.beans.factory.BeanCreationException: Error creating bean with name 'adminController': Injection of resource dependencies failed; nested exception is org.springframework.beans.factory.BeanCreationException: Error creating bean with name 'adminService': Injection of resource dependencies failed; nested exception is org.springframework.beans.factory.UnsatisfiedDependencyException: Error creating bean with name 'adminDao' defined in file [E:\shixi\springboot\target\classes\com\hwadee\springboot\dao\AdminDao.class]: Unsatisfied dependency expressed through bean property 'sqlSessionFactory'; nested exception is org.springframework.beans.factory.BeanCreationException: Error creating bean with name 'sqlSessionFactory' defined in class path resource [org/mybatis/spring/boot/autoconfigure/MybatisAutoConfiguration.class]: Bean instantiation via factory method failed; nested exception is org.springframework.beans.BeanInstantiationException: Failed to instantiate [org.apache.ibatis.session.SqlSessionFactory]: Factory method 'sqlSessionFactory' threw exception; nested exception is java.io.IOException: Failed to parse mapping resource: 'file [E:\shixi\springboot\target\classes\mapper\VolunteerDao.xml]'
	at org.springframework.context.annotation.CommonAnnotationBeanPostProcessor.postProcessProperties(CommonAnnotationBeanPostProcessor.java:332)
	at org.springframework.beans.factory.support.AbstractAutowireCapableBeanFactory.populateBean(AbstractAutowireCapableBeanFactory.java:1431)
	at org.springframework.beans.factory.support.AbstractAutowireCapableBeanFactory.doCreateBean(AbstractAutowireCapableBeanFactory.java:619)
	at org.springframework.beans.factory.support.AbstractAutowireCapableBeanFactory.createBean(AbstractAutowireCapableBeanFactory.java:542)
	at org.springframework.beans.factory.support.AbstractBeanFactory.lambda$doGetBean$0(AbstractBeanFactory.java:335)
	at org.springframework.beans.factory.support.DefaultSingletonBeanRegistry.getSingleton(DefaultSingletonBeanRegistry.java:234)
	at org.springframework.beans.factory.support.AbstractBeanFactory.doGetBean(AbstractBeanFactory.java:333)
	at org.springframework.beans.factory.support.AbstractBeanFactory.getBean(AbstractBeanFactory.java:208)
	at org.springframework.beans.factory.support.DefaultListableBeanFactory.preInstantiateSingletons(DefaultListableBeanFactory.java:955)
	at org.springframework.context.support.AbstractApplicationContext.finishBeanFactoryInitialization(AbstractApplicationContext.java:920)
	at org.springframework.context.support.AbstractApplicationContext.refresh(AbstractApplicationContext.java:583)
	at org.springframework.boot.web.servlet.context.ServletWebServerApplicationContext.refresh(ServletWebServerApplicationContext.java:147)
	at org.springframework.boot.SpringApplication.refresh(SpringApplication.java:731)
	at org.springframework.boot.SpringApplication.refreshContext(SpringApplication.java:408)
	at org.springframework.boot.SpringApplication.run(SpringApplication.java:307)
	at org.springframework.boot.SpringApplication.run(SpringApplication.java:1303)
	at org.springframework.boot.SpringApplication.run(SpringApplication.java:1292)
	at com.hwadee.springboot.SpringbootApplication.main(SpringbootApplication.java:14)
	at java.base/jdk.internal.reflect.DirectMethodHandleAccessor.invoke(DirectMethodHandleAccessor.java:104)
	at java.base/java.lang.reflect.Method.invoke(Method.java:578)
	at org.springframework.boot.devtools.restart.RestartLauncher.run(RestartLauncher.java:50)
Caused by: org.springframework.beans.factory.BeanCreationException: Error creating bean with name 'adminService': Injection of resource dependencies failed; nested exception is org.springframework.beans.factory.UnsatisfiedDependencyException: Error creating bean with name 'adminDao' defined in file [E:\shixi\springboot\target\classes\com\hwadee\springboot\dao\AdminDao.class]: Unsatisfied dependency expressed through bean property 'sqlSessionFactory'; nested exception is org.springframework.beans.factory.BeanCreationException: Error creating bean with name 'sqlSessionFactory' defined in class path resource [org/mybatis/spring/boot/autoconfigure/MybatisAutoConfiguration.class]: Bean instantiation via factory method failed; nested exception is org.springframework.beans.BeanInstantiationException: Failed to instantiate [org.apache.ibatis.session.SqlSessionFactory]: Factory method 'sqlSessionFactory' threw exception; nested exception is java.io.IOException: Failed to parse mapping resource: 'file [E:\shixi\springboot\target\classes\mapper\VolunteerDao.xml]'
	at org.springframework.context.annotation.CommonAnnotationBeanPostProcessor.postProcessProperties(CommonAnnotationBeanPostProcessor.java:332)
	at org.springframework.beans.factory.support.AbstractAutowireCapableBeanFactory.populateBean(AbstractAutowireCapableBeanFactory.java:1431)
	at org.springframework.beans.factory.support.AbstractAutowireCapableBeanFactory.doCreateBean(AbstractAutowireCapableBeanFactory.java:619)
	at org.springframework.beans.factory.support.AbstractAutowireCapableBeanFactory.createBean(AbstractAutowireCapableBeanFactory.java:542)
	at org.springframework.beans.factory.support.AbstractBeanFactory.lambda$doGetBean$0(AbstractBeanFactory.java:335)
	at org.springframework.beans.factory.support.DefaultSingletonBeanRegistry.getSingleton(DefaultSingletonBeanRegistry.java:234)
	at org.springframework.beans.factory.support.AbstractBeanFactory.doGetBean(AbstractBeanFactory.java:333)
	at org.springframework.beans.factory.support.AbstractBeanFactory.getBean(AbstractBeanFactory.java:213)
	at org.springframework.beans.factory.support.AbstractAutowireCapableBeanFactory.resolveBeanByName(AbstractAutowireCapableBeanFactory.java:479)
	at org.springframework.context.annotation.CommonAnnotationBeanPostProcessor.autowireResource(CommonAnnotationBeanPostProcessor.java:550)
	at org.springframework.context.annotation.CommonAnnotationBeanPostProcessor.getResource(CommonAnnotationBeanPostProcessor.java:520)
	at org.springframework.context.annotation.CommonAnnotationBeanPostProcessor$ResourceElement.getResourceToInject(CommonAnnotationBeanPostProcessor.java:673)
	at org.springframework.beans.factory.annotation.InjectionMetadata$InjectedElement.inject(InjectionMetadata.java:228)
	at org.springframework.beans.factory.annotation.InjectionMetadata.inject(InjectionMetadata.java:119)
	at org.springframework.context.annotation.CommonAnnotationBeanPostProcessor.postProcessProperties(CommonAnnotationBeanPostProcessor.java:329)
	... 20 common frames omitted
Caused by: org.springframework.beans.factory.UnsatisfiedDependencyException: Error creating bean with name 'adminDao' defined in file [E:\shixi\springboot\target\classes\com\hwadee\springboot\dao\AdminDao.class]: Unsatisfied dependency expressed through bean property 'sqlSessionFactory'; nested exception is org.springframework.beans.factory.BeanCreationException: Error creating bean with name 'sqlSessionFactory' defined in class path resource [org/mybatis/spring/boot/autoconfigure/MybatisAutoConfiguration.class]: Bean instantiation via factory method failed; nested exception is org.springframework.beans.BeanInstantiationException: Failed to instantiate [org.apache.ibatis.session.SqlSessionFactory]: Factory method 'sqlSessionFactory' threw exception; nested exception is java.io.IOException: Failed to parse mapping resource: 'file [E:\shixi\springboot\target\classes\mapper\VolunteerDao.xml]'
	at org.springframework.beans.factory.support.AbstractAutowireCapableBeanFactory.autowireByType(AbstractAutowireCapableBeanFactory.java:1534)
	at org.springframework.beans.factory.support.AbstractAutowireCapableBeanFactory.populateBean(AbstractAutowireCapableBeanFactory.java:1417)
	at org.springframework.beans.factory.support.AbstractAutowireCapableBeanFactory.doCreateBean(AbstractAutowireCapableBeanFactory.java:619)
	at org.springframework.beans.factory.support.AbstractAutowireCapableBeanFactory.createBean(AbstractAutowireCapableBeanFactory.java:542)
	at org.springframework.beans.factory.support.AbstractBeanFactory.lambda$doGetBean$0(AbstractBeanFactory.java:335)
	at org.springframework.beans.factory.support.DefaultSingletonBeanRegistry.getSingleton(DefaultSingletonBeanRegistry.java:234)
	at org.springframework.beans.factory.support.AbstractBeanFactory.doGetBean(AbstractBeanFactory.java:333)
	at org.springframework.beans.factory.support.AbstractBeanFactory.getBean(AbstractBeanFactory.java:213)
	at org.springframework.beans.factory.support.AbstractAutowireCapableBeanFactory.resolveBeanByName(AbstractAutowireCapableBeanFactory.java:479)
	at org.springframework.context.annotation.CommonAnnotationBeanPostProcessor.autowireResource(CommonAnnotationBeanPostProcessor.java:550)
	at org.springframework.context.annotation.CommonAnnotationBeanPostProcessor.getResource(CommonAnnotationBeanPostProcessor.java:520)
	at org.springframework.context.annotation.CommonAnnotationBeanPostProcessor$ResourceElement.getResourceToInject(CommonAnnotationBeanPostProcessor.java:673)
	at org.springframework.beans.factory.annotation.InjectionMetadata$InjectedElement.inject(InjectionMetadata.java:228)
	at org.springframework.beans.factory.annotation.InjectionMetadata.inject(InjectionMetadata.java:119)
	at org.springframework.context.annotation.CommonAnnotationBeanPostProcessor.postProcessProperties(CommonAnnotationBeanPostProcessor.java:329)
	... 34 common frames omitted
Caused by: org.springframework.beans.factory.BeanCreationException: Error creating bean with name 'sqlSessionFactory' defined in class path resource [org/mybatis/spring/boot/autoconfigure/MybatisAutoConfiguration.class]: Bean instantiation via factory method failed; nested exception is org.springframework.beans.BeanInstantiationException: Failed to instantiate [org.apache.ibatis.session.SqlSessionFactory]: Factory method 'sqlSessionFactory' threw exception; nested exception is java.io.IOException: Failed to parse mapping resource: 'file [E:\shixi\springboot\target\classes\mapper\VolunteerDao.xml]'
	at org.springframework.beans.factory.support.ConstructorResolver.instantiate(ConstructorResolver.java:658)
	at org.springframework.beans.factory.support.ConstructorResolver.instantiateUsingFactoryMethod(ConstructorResolver.java:638)
	at org.springframework.beans.factory.support.AbstractAutowireCapableBeanFactory.instantiateUsingFactoryMethod(AbstractAutowireCapableBeanFactory.java:1352)
	at org.springframework.beans.factory.support.AbstractAutowireCapableBeanFactory.createBeanInstance(AbstractAutowireCapableBeanFactory.java:1195)
	at org.springframework.beans.factory.support.AbstractAutowireCapableBeanFactory.doCreateBean(AbstractAutowireCapableBeanFactory.java:582)
	at org.springframework.beans.factory.support.AbstractAutowireCapableBeanFactory.createBean(AbstractAutowireCapableBeanFactory.java:542)
	at org.springframework.beans.factory.support.AbstractBeanFactory.lambda$doGetBean$0(AbstractBeanFactory.java:335)
	at org.springframework.beans.factory.support.DefaultSingletonBeanRegistry.getSingleton(DefaultSingletonBeanRegistry.java:234)
	at org.springframework.beans.factory.support.AbstractBeanFactory.doGetBean(AbstractBeanFactory.java:333)
	at org.springframework.beans.factory.support.AbstractBeanFactory.getBean(AbstractBeanFactory.java:208)
	at org.springframework.beans.factory.config.DependencyDescriptor.resolveCandidate(DependencyDescriptor.java:276)
	at org.springframework.beans.factory.support.DefaultListableBeanFactory.doResolveDependency(DefaultListableBeanFactory.java:1391)
	at org.springframework.beans.factory.support.DefaultListableBeanFactory.resolveDependency(DefaultListableBeanFactory.java:1311)
	at org.springframework.beans.factory.support.AbstractAutowireCapableBeanFactory.autowireByType(AbstractAutowireCapableBeanFactory.java:1519)
	... 48 common frames omitted
Caused by: org.springframework.beans.BeanInstantiationException: Failed to instantiate [org.apache.ibatis.session.SqlSessionFactory]: Factory method 'sqlSessionFactory' threw exception; nested exception is java.io.IOException: Failed to parse mapping resource: 'file [E:\shixi\springboot\target\classes\mapper\VolunteerDao.xml]'
	at org.springframework.beans.factory.support.SimpleInstantiationStrategy.instantiate(SimpleInstantiationStrategy.java:185)
	at org.springframework.beans.factory.support.ConstructorResolver.instantiate(ConstructorResolver.java:653)
	... 61 common frames omitted
Caused by: java.io.IOException: Failed to parse mapping resource: 'file [E:\shixi\springboot\target\classes\mapper\VolunteerDao.xml]'
	at org.mybatis.spring.SqlSessionFactoryBean.buildSqlSessionFactory(SqlSessionFactoryBean.java:700)
	at org.mybatis.spring.SqlSessionFactoryBean.afterPropertiesSet(SqlSessionFactoryBean.java:577)
	at org.mybatis.spring.SqlSessionFactoryBean.getObject(SqlSessionFactoryBean.java:720)
	at org.mybatis.spring.boot.autoconfigure.MybatisAutoConfiguration.sqlSessionFactory(MybatisAutoConfiguration.java:187)
	at org.mybatis.spring.boot.autoconfigure.MybatisAutoConfiguration$$EnhancerBySpringCGLIB$$27ce6b93.CGLIB$sqlSessionFactory$0(<generated>)
	at org.mybatis.spring.boot.autoconfigure.MybatisAutoConfiguration$$EnhancerBySpringCGLIB$$27ce6b93$$FastClassBySpringCGLIB$$24f5c31b.invoke(<generated>)
	at org.springframework.cglib.proxy.MethodProxy.invokeSuper(MethodProxy.java:244)
	at org.springframework.context.annotation.ConfigurationClassEnhancer$BeanMethodInterceptor.intercept(ConfigurationClassEnhancer.java:331)
	at org.mybatis.spring.boot.autoconfigure.MybatisAutoConfiguration$$EnhancerBySpringCGLIB$$27ce6b93.sqlSessionFactory(<generated>)
	at java.base/jdk.internal.reflect.DirectMethodHandleAccessor.invoke(DirectMethodHandleAccessor.java:104)
	at java.base/java.lang.reflect.Method.invoke(Method.java:578)
	at org.springframework.beans.factory.support.SimpleInstantiationStrategy.instantiate(SimpleInstantiationStrategy.java:154)
	... 62 common frames omitted
Caused by: org.apache.ibatis.builder.BuilderException: Error parsing Mapper XML. The XML location is 'file [E:\shixi\springboot\target\classes\mapper\VolunteerDao.xml]'. Cause: java.lang.IllegalStateException: No typehandler found for property teamNames
	at org.apache.ibatis.builder.xml.XMLMapperBuilder.configurationElement(XMLMapperBuilder.java:128)
	at org.apache.ibatis.builder.xml.XMLMapperBuilder.parse(XMLMapperBuilder.java:100)
	at org.mybatis.spring.SqlSessionFactoryBean.buildSqlSessionFactory(SqlSessionFactoryBean.java:698)
	... 73 common frames omitted
Caused by: java.lang.IllegalStateException: No typehandler found for property teamNames
	at org.apache.ibatis.mapping.ResultMapping$Builder.validate(ResultMapping.java:153)
	at org.apache.ibatis.mapping.ResultMapping$Builder.build(ResultMapping.java:140)
	at org.apache.ibatis.builder.MapperBuilderAssistant.buildResultMapping(MapperBuilderAssistant.java:352)
	at org.apache.ibatis.builder.xml.XMLMapperBuilder.buildResultMappingFromContext(XMLMapperBuilder.java:404)
	at org.apache.ibatis.builder.xml.XMLMapperBuilder.resultMapElement(XMLMapperBuilder.java:287)
	at org.apache.ibatis.builder.xml.XMLMapperBuilder.resultMapElement(XMLMapperBuilder.java:262)
	at org.apache.ibatis.builder.xml.XMLMapperBuilder.resultMapElements(XMLMapperBuilder.java:254)
	at org.apache.ibatis.builder.xml.XMLMapperBuilder.configurationElement(XMLMapperBuilder.java:124)
	... 75 common frames omitted
[INFO]2024-07-08 14:59:02,065 - Starting SpringbootApplication using Java 20.0.1 on LAPTOP-L2BN52PD with PID 22356 (E:\shixi\springboot\target\classes started by jiaoy in E:\shixi\springboot)
[INFO]2024-07-08 14:59:02,066 - No active profile set, falling back to 1 default profile: "default"
[INFO]2024-07-08 14:59:02,112 - Devtools property defaults active! Set 'spring.devtools.add-properties' to 'false' to disable
[INFO]2024-07-08 14:59:02,112 - For additional web related logging consider setting the 'logging.level.web' property to 'DEBUG'
[INFO]2024-07-08 14:59:02,715 - Multiple Spring Data modules found, entering strict repository configuration mode
[INFO]2024-07-08 14:59:02,716 - Bootstrapping Spring Data JPA repositories in DEFAULT mode.
[INFO]2024-07-08 14:59:02,731 - Finished Spring Data repository scanning in 9 ms. Found 0 JPA repository interfaces.
[INFO]2024-07-08 14:59:02,740 - Multiple Spring Data modules found, entering strict repository configuration mode
[INFO]2024-07-08 14:59:02,741 - Bootstrapping Spring Data Redis repositories in DEFAULT mode.
[INFO]2024-07-08 14:59:02,749 - Finished Spring Data repository scanning in 3 ms. Found 0 Redis repository interfaces.
[INFO]2024-07-08 14:59:03,188 - Tomcat initialized with port(s): 8080 (http)
[INFO]2024-07-08 14:59:03,188 - Loaded Apache Tomcat Native library [1.3.0] using APR version [1.7.4].
[INFO]2024-07-08 14:59:03,189 - APR capabilities: IPv6 [true], sendfile [true], accept filters [false], random [true], UDS [true].
[INFO]2024-07-08 14:59:03,189 - APR/OpenSSL configuration: useAprConnector [false], useOpenSSL [true]
[INFO]2024-07-08 14:59:03,195 - OpenSSL successfully initialized [OpenSSL 3.0.13 30 Jan 2024]
[INFO]2024-07-08 14:59:03,200 - Initializing ProtocolHandler ["http-nio-8080"]
[INFO]2024-07-08 14:59:03,201 - Starting service [Tomcat]
[INFO]2024-07-08 14:59:03,201 - Starting Servlet engine: [Apache Tomcat/9.0.76]
[INFO]2024-07-08 14:59:03,263 - Initializing Spring embedded WebApplicationContext
[INFO]2024-07-08 14:59:03,263 - Root WebApplicationContext: initialization completed in 1151 ms
[INFO]2024-07-08 14:59:03,369 - HikariPool-1 - Starting...
[WARN]2024-07-08 14:59:03,371 - Registered driver with driverClassName=com.mysql.jdbc.Driver was not found, trying direct instantiation.
[INFO]2024-07-08 14:59:03,457 - HikariPool-1 - Start completed.
[INFO]2024-07-08 14:59:03,523 - HHH000412: Hibernate ORM core version 5.6.15.Final
[INFO]2024-07-08 14:59:03,607 - HCANN000001: Hibernate Commons Annotations {5.1.2.Final}
[INFO]2024-07-08 14:59:03,674 - HHH000400: Using dialect: org.hibernate.dialect.MySQL55Dialect
[INFO]2024-07-08 14:59:03,775 - HHH000490: Using JtaPlatform implementation: [org.hibernate.engine.transaction.jta.platform.internal.NoJtaPlatform]
[INFO]2024-07-08 14:59:03,784 - Initialized JPA EntityManagerFactory for persistence unit 'default'
[WARN]2024-07-08 14:59:04,008 - Exception encountered during context initialization - cancelling refresh attempt: org.springframework.beans.factory.BeanCreationException: Error creating bean with name 'adminController': Injection of resource dependencies failed; nested exception is org.springframework.beans.factory.BeanCreationException: Error creating bean with name 'adminService': Injection of resource dependencies failed; nested exception is org.springframework.beans.factory.UnsatisfiedDependencyException: Error creating bean with name 'adminDao' defined in file [E:\shixi\springboot\target\classes\com\hwadee\springboot\dao\AdminDao.class]: Unsatisfied dependency expressed through bean property 'sqlSessionFactory'; nested exception is org.springframework.beans.factory.BeanCreationException: Error creating bean with name 'sqlSessionFactory' defined in class path resource [org/mybatis/spring/boot/autoconfigure/MybatisAutoConfiguration.class]: Bean instantiation via factory method failed; nested exception is org.springframework.beans.BeanInstantiationException: Failed to instantiate [org.apache.ibatis.session.SqlSessionFactory]: Factory method 'sqlSessionFactory' threw exception; nested exception is java.io.IOException: Failed to parse mapping resource: 'file [E:\shixi\springboot\target\classes\mapper\VolunteerDao.xml]'
[INFO]2024-07-08 14:59:04,008 - Closing JPA EntityManagerFactory for persistence unit 'default'
[INFO]2024-07-08 14:59:04,011 - HikariPool-1 - Shutdown initiated...
[INFO]2024-07-08 14:59:04,015 - HikariPool-1 - Shutdown completed.
[INFO]2024-07-08 14:59:04,016 - Stopping service [Tomcat]
[ERROR]2024-07-08 14:59:04,052 - Application run failed
org.springframework.beans.factory.BeanCreationException: Error creating bean with name 'adminController': Injection of resource dependencies failed; nested exception is org.springframework.beans.factory.BeanCreationException: Error creating bean with name 'adminService': Injection of resource dependencies failed; nested exception is org.springframework.beans.factory.UnsatisfiedDependencyException: Error creating bean with name 'adminDao' defined in file [E:\shixi\springboot\target\classes\com\hwadee\springboot\dao\AdminDao.class]: Unsatisfied dependency expressed through bean property 'sqlSessionFactory'; nested exception is org.springframework.beans.factory.BeanCreationException: Error creating bean with name 'sqlSessionFactory' defined in class path resource [org/mybatis/spring/boot/autoconfigure/MybatisAutoConfiguration.class]: Bean instantiation via factory method failed; nested exception is org.springframework.beans.BeanInstantiationException: Failed to instantiate [org.apache.ibatis.session.SqlSessionFactory]: Factory method 'sqlSessionFactory' threw exception; nested exception is java.io.IOException: Failed to parse mapping resource: 'file [E:\shixi\springboot\target\classes\mapper\VolunteerDao.xml]'
	at org.springframework.context.annotation.CommonAnnotationBeanPostProcessor.postProcessProperties(CommonAnnotationBeanPostProcessor.java:332)
	at org.springframework.beans.factory.support.AbstractAutowireCapableBeanFactory.populateBean(AbstractAutowireCapableBeanFactory.java:1431)
	at org.springframework.beans.factory.support.AbstractAutowireCapableBeanFactory.doCreateBean(AbstractAutowireCapableBeanFactory.java:619)
	at org.springframework.beans.factory.support.AbstractAutowireCapableBeanFactory.createBean(AbstractAutowireCapableBeanFactory.java:542)
	at org.springframework.beans.factory.support.AbstractBeanFactory.lambda$doGetBean$0(AbstractBeanFactory.java:335)
	at org.springframework.beans.factory.support.DefaultSingletonBeanRegistry.getSingleton(DefaultSingletonBeanRegistry.java:234)
	at org.springframework.beans.factory.support.AbstractBeanFactory.doGetBean(AbstractBeanFactory.java:333)
	at org.springframework.beans.factory.support.AbstractBeanFactory.getBean(AbstractBeanFactory.java:208)
	at org.springframework.beans.factory.support.DefaultListableBeanFactory.preInstantiateSingletons(DefaultListableBeanFactory.java:955)
	at org.springframework.context.support.AbstractApplicationContext.finishBeanFactoryInitialization(AbstractApplicationContext.java:920)
	at org.springframework.context.support.AbstractApplicationContext.refresh(AbstractApplicationContext.java:583)
	at org.springframework.boot.web.servlet.context.ServletWebServerApplicationContext.refresh(ServletWebServerApplicationContext.java:147)
	at org.springframework.boot.SpringApplication.refresh(SpringApplication.java:731)
	at org.springframework.boot.SpringApplication.refreshContext(SpringApplication.java:408)
	at org.springframework.boot.SpringApplication.run(SpringApplication.java:307)
	at org.springframework.boot.SpringApplication.run(SpringApplication.java:1303)
	at org.springframework.boot.SpringApplication.run(SpringApplication.java:1292)
	at com.hwadee.springboot.SpringbootApplication.main(SpringbootApplication.java:14)
	at java.base/jdk.internal.reflect.DirectMethodHandleAccessor.invoke(DirectMethodHandleAccessor.java:104)
	at java.base/java.lang.reflect.Method.invoke(Method.java:578)
	at org.springframework.boot.devtools.restart.RestartLauncher.run(RestartLauncher.java:50)
Caused by: org.springframework.beans.factory.BeanCreationException: Error creating bean with name 'adminService': Injection of resource dependencies failed; nested exception is org.springframework.beans.factory.UnsatisfiedDependencyException: Error creating bean with name 'adminDao' defined in file [E:\shixi\springboot\target\classes\com\hwadee\springboot\dao\AdminDao.class]: Unsatisfied dependency expressed through bean property 'sqlSessionFactory'; nested exception is org.springframework.beans.factory.BeanCreationException: Error creating bean with name 'sqlSessionFactory' defined in class path resource [org/mybatis/spring/boot/autoconfigure/MybatisAutoConfiguration.class]: Bean instantiation via factory method failed; nested exception is org.springframework.beans.BeanInstantiationException: Failed to instantiate [org.apache.ibatis.session.SqlSessionFactory]: Factory method 'sqlSessionFactory' threw exception; nested exception is java.io.IOException: Failed to parse mapping resource: 'file [E:\shixi\springboot\target\classes\mapper\VolunteerDao.xml]'
	at org.springframework.context.annotation.CommonAnnotationBeanPostProcessor.postProcessProperties(CommonAnnotationBeanPostProcessor.java:332)
	at org.springframework.beans.factory.support.AbstractAutowireCapableBeanFactory.populateBean(AbstractAutowireCapableBeanFactory.java:1431)
	at org.springframework.beans.factory.support.AbstractAutowireCapableBeanFactory.doCreateBean(AbstractAutowireCapableBeanFactory.java:619)
	at org.springframework.beans.factory.support.AbstractAutowireCapableBeanFactory.createBean(AbstractAutowireCapableBeanFactory.java:542)
	at org.springframework.beans.factory.support.AbstractBeanFactory.lambda$doGetBean$0(AbstractBeanFactory.java:335)
	at org.springframework.beans.factory.support.DefaultSingletonBeanRegistry.getSingleton(DefaultSingletonBeanRegistry.java:234)
	at org.springframework.beans.factory.support.AbstractBeanFactory.doGetBean(AbstractBeanFactory.java:333)
	at org.springframework.beans.factory.support.AbstractBeanFactory.getBean(AbstractBeanFactory.java:213)
	at org.springframework.beans.factory.support.AbstractAutowireCapableBeanFactory.resolveBeanByName(AbstractAutowireCapableBeanFactory.java:479)
	at org.springframework.context.annotation.CommonAnnotationBeanPostProcessor.autowireResource(CommonAnnotationBeanPostProcessor.java:550)
	at org.springframework.context.annotation.CommonAnnotationBeanPostProcessor.getResource(CommonAnnotationBeanPostProcessor.java:520)
	at org.springframework.context.annotation.CommonAnnotationBeanPostProcessor$ResourceElement.getResourceToInject(CommonAnnotationBeanPostProcessor.java:673)
	at org.springframework.beans.factory.annotation.InjectionMetadata$InjectedElement.inject(InjectionMetadata.java:228)
	at org.springframework.beans.factory.annotation.InjectionMetadata.inject(InjectionMetadata.java:119)
	at org.springframework.context.annotation.CommonAnnotationBeanPostProcessor.postProcessProperties(CommonAnnotationBeanPostProcessor.java:329)
	... 20 common frames omitted
Caused by: org.springframework.beans.factory.UnsatisfiedDependencyException: Error creating bean with name 'adminDao' defined in file [E:\shixi\springboot\target\classes\com\hwadee\springboot\dao\AdminDao.class]: Unsatisfied dependency expressed through bean property 'sqlSessionFactory'; nested exception is org.springframework.beans.factory.BeanCreationException: Error creating bean with name 'sqlSessionFactory' defined in class path resource [org/mybatis/spring/boot/autoconfigure/MybatisAutoConfiguration.class]: Bean instantiation via factory method failed; nested exception is org.springframework.beans.BeanInstantiationException: Failed to instantiate [org.apache.ibatis.session.SqlSessionFactory]: Factory method 'sqlSessionFactory' threw exception; nested exception is java.io.IOException: Failed to parse mapping resource: 'file [E:\shixi\springboot\target\classes\mapper\VolunteerDao.xml]'
	at org.springframework.beans.factory.support.AbstractAutowireCapableBeanFactory.autowireByType(AbstractAutowireCapableBeanFactory.java:1534)
	at org.springframework.beans.factory.support.AbstractAutowireCapableBeanFactory.populateBean(AbstractAutowireCapableBeanFactory.java:1417)
	at org.springframework.beans.factory.support.AbstractAutowireCapableBeanFactory.doCreateBean(AbstractAutowireCapableBeanFactory.java:619)
	at org.springframework.beans.factory.support.AbstractAutowireCapableBeanFactory.createBean(AbstractAutowireCapableBeanFactory.java:542)
	at org.springframework.beans.factory.support.AbstractBeanFactory.lambda$doGetBean$0(AbstractBeanFactory.java:335)
	at org.springframework.beans.factory.support.DefaultSingletonBeanRegistry.getSingleton(DefaultSingletonBeanRegistry.java:234)
	at org.springframework.beans.factory.support.AbstractBeanFactory.doGetBean(AbstractBeanFactory.java:333)
	at org.springframework.beans.factory.support.AbstractBeanFactory.getBean(AbstractBeanFactory.java:213)
	at org.springframework.beans.factory.support.AbstractAutowireCapableBeanFactory.resolveBeanByName(AbstractAutowireCapableBeanFactory.java:479)
	at org.springframework.context.annotation.CommonAnnotationBeanPostProcessor.autowireResource(CommonAnnotationBeanPostProcessor.java:550)
	at org.springframework.context.annotation.CommonAnnotationBeanPostProcessor.getResource(CommonAnnotationBeanPostProcessor.java:520)
	at org.springframework.context.annotation.CommonAnnotationBeanPostProcessor$ResourceElement.getResourceToInject(CommonAnnotationBeanPostProcessor.java:673)
	at org.springframework.beans.factory.annotation.InjectionMetadata$InjectedElement.inject(InjectionMetadata.java:228)
	at org.springframework.beans.factory.annotation.InjectionMetadata.inject(InjectionMetadata.java:119)
	at org.springframework.context.annotation.CommonAnnotationBeanPostProcessor.postProcessProperties(CommonAnnotationBeanPostProcessor.java:329)
	... 34 common frames omitted
Caused by: org.springframework.beans.factory.BeanCreationException: Error creating bean with name 'sqlSessionFactory' defined in class path resource [org/mybatis/spring/boot/autoconfigure/MybatisAutoConfiguration.class]: Bean instantiation via factory method failed; nested exception is org.springframework.beans.BeanInstantiationException: Failed to instantiate [org.apache.ibatis.session.SqlSessionFactory]: Factory method 'sqlSessionFactory' threw exception; nested exception is java.io.IOException: Failed to parse mapping resource: 'file [E:\shixi\springboot\target\classes\mapper\VolunteerDao.xml]'
	at org.springframework.beans.factory.support.ConstructorResolver.instantiate(ConstructorResolver.java:658)
	at org.springframework.beans.factory.support.ConstructorResolver.instantiateUsingFactoryMethod(ConstructorResolver.java:638)
	at org.springframework.beans.factory.support.AbstractAutowireCapableBeanFactory.instantiateUsingFactoryMethod(AbstractAutowireCapableBeanFactory.java:1352)
	at org.springframework.beans.factory.support.AbstractAutowireCapableBeanFactory.createBeanInstance(AbstractAutowireCapableBeanFactory.java:1195)
	at org.springframework.beans.factory.support.AbstractAutowireCapableBeanFactory.doCreateBean(AbstractAutowireCapableBeanFactory.java:582)
	at org.springframework.beans.factory.support.AbstractAutowireCapableBeanFactory.createBean(AbstractAutowireCapableBeanFactory.java:542)
	at org.springframework.beans.factory.support.AbstractBeanFactory.lambda$doGetBean$0(AbstractBeanFactory.java:335)
	at org.springframework.beans.factory.support.DefaultSingletonBeanRegistry.getSingleton(DefaultSingletonBeanRegistry.java:234)
	at org.springframework.beans.factory.support.AbstractBeanFactory.doGetBean(AbstractBeanFactory.java:333)
	at org.springframework.beans.factory.support.AbstractBeanFactory.getBean(AbstractBeanFactory.java:208)
	at org.springframework.beans.factory.config.DependencyDescriptor.resolveCandidate(DependencyDescriptor.java:276)
	at org.springframework.beans.factory.support.DefaultListableBeanFactory.doResolveDependency(DefaultListableBeanFactory.java:1391)
	at org.springframework.beans.factory.support.DefaultListableBeanFactory.resolveDependency(DefaultListableBeanFactory.java:1311)
	at org.springframework.beans.factory.support.AbstractAutowireCapableBeanFactory.autowireByType(AbstractAutowireCapableBeanFactory.java:1519)
	... 48 common frames omitted
Caused by: org.springframework.beans.BeanInstantiationException: Failed to instantiate [org.apache.ibatis.session.SqlSessionFactory]: Factory method 'sqlSessionFactory' threw exception; nested exception is java.io.IOException: Failed to parse mapping resource: 'file [E:\shixi\springboot\target\classes\mapper\VolunteerDao.xml]'
	at org.springframework.beans.factory.support.SimpleInstantiationStrategy.instantiate(SimpleInstantiationStrategy.java:185)
	at org.springframework.beans.factory.support.ConstructorResolver.instantiate(ConstructorResolver.java:653)
	... 61 common frames omitted
Caused by: java.io.IOException: Failed to parse mapping resource: 'file [E:\shixi\springboot\target\classes\mapper\VolunteerDao.xml]'
	at org.mybatis.spring.SqlSessionFactoryBean.buildSqlSessionFactory(SqlSessionFactoryBean.java:700)
	at org.mybatis.spring.SqlSessionFactoryBean.afterPropertiesSet(SqlSessionFactoryBean.java:577)
	at org.mybatis.spring.SqlSessionFactoryBean.getObject(SqlSessionFactoryBean.java:720)
	at org.mybatis.spring.boot.autoconfigure.MybatisAutoConfiguration.sqlSessionFactory(MybatisAutoConfiguration.java:187)
	at org.mybatis.spring.boot.autoconfigure.MybatisAutoConfiguration$$EnhancerBySpringCGLIB$$a5768660.CGLIB$sqlSessionFactory$1(<generated>)
	at org.mybatis.spring.boot.autoconfigure.MybatisAutoConfiguration$$EnhancerBySpringCGLIB$$a5768660$$FastClassBySpringCGLIB$$7fd540b9.invoke(<generated>)
	at org.springframework.cglib.proxy.MethodProxy.invokeSuper(MethodProxy.java:244)
	at org.springframework.context.annotation.ConfigurationClassEnhancer$BeanMethodInterceptor.intercept(ConfigurationClassEnhancer.java:331)
	at org.mybatis.spring.boot.autoconfigure.MybatisAutoConfiguration$$EnhancerBySpringCGLIB$$a5768660.sqlSessionFactory(<generated>)
	at java.base/jdk.internal.reflect.DirectMethodHandleAccessor.invoke(DirectMethodHandleAccessor.java:104)
	at java.base/java.lang.reflect.Method.invoke(Method.java:578)
	at org.springframework.beans.factory.support.SimpleInstantiationStrategy.instantiate(SimpleInstantiationStrategy.java:154)
	... 62 common frames omitted
Caused by: org.apache.ibatis.builder.BuilderException: Error parsing Mapper XML. The XML location is 'file [E:\shixi\springboot\target\classes\mapper\VolunteerDao.xml]'. Cause: java.lang.IllegalStateException: No typehandler found for property teamNames
	at org.apache.ibatis.builder.xml.XMLMapperBuilder.configurationElement(XMLMapperBuilder.java:128)
	at org.apache.ibatis.builder.xml.XMLMapperBuilder.parse(XMLMapperBuilder.java:100)
	at org.mybatis.spring.SqlSessionFactoryBean.buildSqlSessionFactory(SqlSessionFactoryBean.java:698)
	... 73 common frames omitted
Caused by: java.lang.IllegalStateException: No typehandler found for property teamNames
	at org.apache.ibatis.mapping.ResultMapping$Builder.validate(ResultMapping.java:153)
	at org.apache.ibatis.mapping.ResultMapping$Builder.build(ResultMapping.java:140)
	at org.apache.ibatis.builder.MapperBuilderAssistant.buildResultMapping(MapperBuilderAssistant.java:352)
	at org.apache.ibatis.builder.xml.XMLMapperBuilder.buildResultMappingFromContext(XMLMapperBuilder.java:404)
	at org.apache.ibatis.builder.xml.XMLMapperBuilder.resultMapElement(XMLMapperBuilder.java:287)
	at org.apache.ibatis.builder.xml.XMLMapperBuilder.resultMapElement(XMLMapperBuilder.java:262)
	at org.apache.ibatis.builder.xml.XMLMapperBuilder.resultMapElements(XMLMapperBuilder.java:254)
	at org.apache.ibatis.builder.xml.XMLMapperBuilder.configurationElement(XMLMapperBuilder.java:124)
	... 75 common frames omitted
[INFO]2024-07-08 15:02:09,504 - Starting SpringbootApplication using Java 20.0.1 on LAPTOP-L2BN52PD with PID 38012 (E:\shixi\springboot\target\classes started by jiaoy in E:\shixi\springboot)
[INFO]2024-07-08 15:02:09,505 - No active profile set, falling back to 1 default profile: "default"
[INFO]2024-07-08 15:02:09,553 - Devtools property defaults active! Set 'spring.devtools.add-properties' to 'false' to disable
[INFO]2024-07-08 15:02:09,553 - For additional web related logging consider setting the 'logging.level.web' property to 'DEBUG'
[INFO]2024-07-08 15:02:10,156 - Multiple Spring Data modules found, entering strict repository configuration mode
[INFO]2024-07-08 15:02:10,157 - Bootstrapping Spring Data JPA repositories in DEFAULT mode.
[INFO]2024-07-08 15:02:10,170 - Finished Spring Data repository scanning in 8 ms. Found 0 JPA repository interfaces.
[INFO]2024-07-08 15:02:10,180 - Multiple Spring Data modules found, entering strict repository configuration mode
[INFO]2024-07-08 15:02:10,181 - Bootstrapping Spring Data Redis repositories in DEFAULT mode.
[INFO]2024-07-08 15:02:10,189 - Finished Spring Data repository scanning in 3 ms. Found 0 Redis repository interfaces.
[INFO]2024-07-08 15:02:10,657 - Tomcat initialized with port(s): 8080 (http)
[INFO]2024-07-08 15:02:10,657 - Loaded Apache Tomcat Native library [1.3.0] using APR version [1.7.4].
[INFO]2024-07-08 15:02:10,658 - APR capabilities: IPv6 [true], sendfile [true], accept filters [false], random [true], UDS [true].
[INFO]2024-07-08 15:02:10,658 - APR/OpenSSL configuration: useAprConnector [false], useOpenSSL [true]
[INFO]2024-07-08 15:02:10,662 - OpenSSL successfully initialized [OpenSSL 3.0.13 30 Jan 2024]
[INFO]2024-07-08 15:02:10,668 - Initializing ProtocolHandler ["http-nio-8080"]
[INFO]2024-07-08 15:02:10,669 - Starting service [Tomcat]
[INFO]2024-07-08 15:02:10,669 - Starting Servlet engine: [Apache Tomcat/9.0.76]
[INFO]2024-07-08 15:02:10,726 - Initializing Spring embedded WebApplicationContext
[INFO]2024-07-08 15:02:10,726 - Root WebApplicationContext: initialization completed in 1173 ms
[INFO]2024-07-08 15:02:10,850 - HikariPool-1 - Starting...
[WARN]2024-07-08 15:02:10,853 - Registered driver with driverClassName=com.mysql.jdbc.Driver was not found, trying direct instantiation.
[INFO]2024-07-08 15:02:10,968 - HikariPool-1 - Start completed.
[INFO]2024-07-08 15:02:11,031 - HHH000412: Hibernate ORM core version 5.6.15.Final
[INFO]2024-07-08 15:02:11,125 - HCANN000001: Hibernate Commons Annotations {5.1.2.Final}
[INFO]2024-07-08 15:02:11,195 - HHH000400: Using dialect: org.hibernate.dialect.MySQL55Dialect
[INFO]2024-07-08 15:02:11,282 - HHH000490: Using JtaPlatform implementation: [org.hibernate.engine.transaction.jta.platform.internal.NoJtaPlatform]
[INFO]2024-07-08 15:02:11,291 - Initialized JPA EntityManagerFactory for persistence unit 'default'
[INFO]2024-07-08 15:02:11,747 - 自定义Redis配置--
[WARN]2024-07-08 15:02:11,798 - spring.jpa.open-in-view is enabled by default. Therefore, database queries may be performed during view rendering. Explicitly configure spring.jpa.open-in-view to disable this warning
[INFO]2024-07-08 15:02:11,910 - Adding welcome page template: index
[INFO]2024-07-08 15:02:12,164 - LiveReload server is running on port 35729
[INFO]2024-07-08 15:02:12,184 - Starting ProtocolHandler ["http-nio-8080"]
[INFO]2024-07-08 15:02:12,202 - Tomcat started on port(s): 8080 (http) with context path ''
[INFO]2024-07-08 15:02:12,218 - Started SpringbootApplication in 3.044 seconds (JVM running for 3.724)
[INFO]2024-07-08 15:02:23,594 - Initializing Spring DispatcherServlet 'dispatcherServlet'
[INFO]2024-07-08 15:02:23,594 - Initializing Servlet 'dispatcherServlet'
[INFO]2024-07-08 15:02:23,596 - Completed initialization in 2 ms
[INFO]2024-07-08 15:05:54,244 - Closing JPA EntityManagerFactory for persistence unit 'default'
[INFO]2024-07-08 15:05:54,248 - HikariPool-1 - Shutdown initiated...
[INFO]2024-07-08 15:05:54,253 - HikariPool-1 - Shutdown completed.
[INFO]2024-07-08 15:05:56,916 - Starting SpringbootApplication using Java 20.0.1 on LAPTOP-L2BN52PD with PID 12768 (E:\shixi\springboot\target\classes started by jiaoy in E:\shixi\springboot)
[INFO]2024-07-08 15:05:56,917 - No active profile set, falling back to 1 default profile: "default"
[INFO]2024-07-08 15:05:56,965 - Devtools property defaults active! Set 'spring.devtools.add-properties' to 'false' to disable
[INFO]2024-07-08 15:05:56,966 - For additional web related logging consider setting the 'logging.level.web' property to 'DEBUG'
[INFO]2024-07-08 15:05:57,580 - Multiple Spring Data modules found, entering strict repository configuration mode
[INFO]2024-07-08 15:05:57,581 - Bootstrapping Spring Data JPA repositories in DEFAULT mode.
[INFO]2024-07-08 15:05:57,596 - Finished Spring Data repository scanning in 8 ms. Found 0 JPA repository interfaces.
[INFO]2024-07-08 15:05:57,607 - Multiple Spring Data modules found, entering strict repository configuration mode
[INFO]2024-07-08 15:05:57,607 - Bootstrapping Spring Data Redis repositories in DEFAULT mode.
[INFO]2024-07-08 15:05:57,616 - Finished Spring Data repository scanning in 3 ms. Found 0 Redis repository interfaces.
[INFO]2024-07-08 15:05:58,091 - Tomcat initialized with port(s): 8080 (http)
[INFO]2024-07-08 15:05:58,092 - Loaded Apache Tomcat Native library [1.3.0] using APR version [1.7.4].
[INFO]2024-07-08 15:05:58,092 - APR capabilities: IPv6 [true], sendfile [true], accept filters [false], random [true], UDS [true].
[INFO]2024-07-08 15:05:58,092 - APR/OpenSSL configuration: useAprConnector [false], useOpenSSL [true]
[INFO]2024-07-08 15:05:58,097 - OpenSSL successfully initialized [OpenSSL 3.0.13 30 Jan 2024]
[INFO]2024-07-08 15:05:58,108 - Initializing ProtocolHandler ["http-nio-8080"]
[INFO]2024-07-08 15:05:58,109 - Starting service [Tomcat]
[INFO]2024-07-08 15:05:58,109 - Starting Servlet engine: [Apache Tomcat/9.0.76]
[INFO]2024-07-08 15:05:58,157 - Initializing Spring embedded WebApplicationContext
[INFO]2024-07-08 15:05:58,157 - Root WebApplicationContext: initialization completed in 1191 ms
[INFO]2024-07-08 15:05:58,273 - HikariPool-1 - Starting...
[WARN]2024-07-08 15:05:58,274 - Registered driver with driverClassName=com.mysql.jdbc.Driver was not found, trying direct instantiation.
[INFO]2024-07-08 15:05:58,366 - HikariPool-1 - Start completed.
[INFO]2024-07-08 15:05:58,414 - HHH000412: Hibernate ORM core version 5.6.15.Final
[INFO]2024-07-08 15:05:58,498 - HCANN000001: Hibernate Commons Annotations {5.1.2.Final}
[INFO]2024-07-08 15:05:58,563 - HHH000400: Using dialect: org.hibernate.dialect.MySQL55Dialect
[INFO]2024-07-08 15:05:58,643 - HHH000490: Using JtaPlatform implementation: [org.hibernate.engine.transaction.jta.platform.internal.NoJtaPlatform]
[INFO]2024-07-08 15:05:58,651 - Initialized JPA EntityManagerFactory for persistence unit 'default'
[WARN]2024-07-08 15:05:58,876 - Exception encountered during context initialization - cancelling refresh attempt: org.springframework.beans.factory.BeanCreationException: Error creating bean with name 'adminController': Injection of resource dependencies failed; nested exception is org.springframework.beans.factory.BeanCreationException: Error creating bean with name 'adminService': Injection of resource dependencies failed; nested exception is org.springframework.beans.factory.UnsatisfiedDependencyException: Error creating bean with name 'adminDao' defined in file [E:\shixi\springboot\target\classes\com\hwadee\springboot\dao\AdminDao.class]: Unsatisfied dependency expressed through bean property 'sqlSessionFactory'; nested exception is org.springframework.beans.factory.BeanCreationException: Error creating bean with name 'sqlSessionFactory' defined in class path resource [org/mybatis/spring/boot/autoconfigure/MybatisAutoConfiguration.class]: Bean instantiation via factory method failed; nested exception is org.springframework.beans.BeanInstantiationException: Failed to instantiate [org.apache.ibatis.session.SqlSessionFactory]: Factory method 'sqlSessionFactory' threw exception; nested exception is java.io.IOException: Failed to parse mapping resource: 'file [E:\shixi\springboot\target\classes\mapper\VolunteerDao.xml]'
[INFO]2024-07-08 15:05:58,876 - Closing JPA EntityManagerFactory for persistence unit 'default'
[INFO]2024-07-08 15:05:58,879 - HikariPool-1 - Shutdown initiated...
[INFO]2024-07-08 15:05:58,884 - HikariPool-1 - Shutdown completed.
[INFO]2024-07-08 15:05:58,885 - Stopping service [Tomcat]
[ERROR]2024-07-08 15:05:58,918 - Application run failed
org.springframework.beans.factory.BeanCreationException: Error creating bean with name 'adminController': Injection of resource dependencies failed; nested exception is org.springframework.beans.factory.BeanCreationException: Error creating bean with name 'adminService': Injection of resource dependencies failed; nested exception is org.springframework.beans.factory.UnsatisfiedDependencyException: Error creating bean with name 'adminDao' defined in file [E:\shixi\springboot\target\classes\com\hwadee\springboot\dao\AdminDao.class]: Unsatisfied dependency expressed through bean property 'sqlSessionFactory'; nested exception is org.springframework.beans.factory.BeanCreationException: Error creating bean with name 'sqlSessionFactory' defined in class path resource [org/mybatis/spring/boot/autoconfigure/MybatisAutoConfiguration.class]: Bean instantiation via factory method failed; nested exception is org.springframework.beans.BeanInstantiationException: Failed to instantiate [org.apache.ibatis.session.SqlSessionFactory]: Factory method 'sqlSessionFactory' threw exception; nested exception is java.io.IOException: Failed to parse mapping resource: 'file [E:\shixi\springboot\target\classes\mapper\VolunteerDao.xml]'
	at org.springframework.context.annotation.CommonAnnotationBeanPostProcessor.postProcessProperties(CommonAnnotationBeanPostProcessor.java:332)
	at org.springframework.beans.factory.support.AbstractAutowireCapableBeanFactory.populateBean(AbstractAutowireCapableBeanFactory.java:1431)
	at org.springframework.beans.factory.support.AbstractAutowireCapableBeanFactory.doCreateBean(AbstractAutowireCapableBeanFactory.java:619)
	at org.springframework.beans.factory.support.AbstractAutowireCapableBeanFactory.createBean(AbstractAutowireCapableBeanFactory.java:542)
	at org.springframework.beans.factory.support.AbstractBeanFactory.lambda$doGetBean$0(AbstractBeanFactory.java:335)
	at org.springframework.beans.factory.support.DefaultSingletonBeanRegistry.getSingleton(DefaultSingletonBeanRegistry.java:234)
	at org.springframework.beans.factory.support.AbstractBeanFactory.doGetBean(AbstractBeanFactory.java:333)
	at org.springframework.beans.factory.support.AbstractBeanFactory.getBean(AbstractBeanFactory.java:208)
	at org.springframework.beans.factory.support.DefaultListableBeanFactory.preInstantiateSingletons(DefaultListableBeanFactory.java:955)
	at org.springframework.context.support.AbstractApplicationContext.finishBeanFactoryInitialization(AbstractApplicationContext.java:920)
	at org.springframework.context.support.AbstractApplicationContext.refresh(AbstractApplicationContext.java:583)
	at org.springframework.boot.web.servlet.context.ServletWebServerApplicationContext.refresh(ServletWebServerApplicationContext.java:147)
	at org.springframework.boot.SpringApplication.refresh(SpringApplication.java:731)
	at org.springframework.boot.SpringApplication.refreshContext(SpringApplication.java:408)
	at org.springframework.boot.SpringApplication.run(SpringApplication.java:307)
	at org.springframework.boot.SpringApplication.run(SpringApplication.java:1303)
	at org.springframework.boot.SpringApplication.run(SpringApplication.java:1292)
	at com.hwadee.springboot.SpringbootApplication.main(SpringbootApplication.java:14)
	at java.base/jdk.internal.reflect.DirectMethodHandleAccessor.invoke(DirectMethodHandleAccessor.java:104)
	at java.base/java.lang.reflect.Method.invoke(Method.java:578)
	at org.springframework.boot.devtools.restart.RestartLauncher.run(RestartLauncher.java:50)
Caused by: org.springframework.beans.factory.BeanCreationException: Error creating bean with name 'adminService': Injection of resource dependencies failed; nested exception is org.springframework.beans.factory.UnsatisfiedDependencyException: Error creating bean with name 'adminDao' defined in file [E:\shixi\springboot\target\classes\com\hwadee\springboot\dao\AdminDao.class]: Unsatisfied dependency expressed through bean property 'sqlSessionFactory'; nested exception is org.springframework.beans.factory.BeanCreationException: Error creating bean with name 'sqlSessionFactory' defined in class path resource [org/mybatis/spring/boot/autoconfigure/MybatisAutoConfiguration.class]: Bean instantiation via factory method failed; nested exception is org.springframework.beans.BeanInstantiationException: Failed to instantiate [org.apache.ibatis.session.SqlSessionFactory]: Factory method 'sqlSessionFactory' threw exception; nested exception is java.io.IOException: Failed to parse mapping resource: 'file [E:\shixi\springboot\target\classes\mapper\VolunteerDao.xml]'
	at org.springframework.context.annotation.CommonAnnotationBeanPostProcessor.postProcessProperties(CommonAnnotationBeanPostProcessor.java:332)
	at org.springframework.beans.factory.support.AbstractAutowireCapableBeanFactory.populateBean(AbstractAutowireCapableBeanFactory.java:1431)
	at org.springframework.beans.factory.support.AbstractAutowireCapableBeanFactory.doCreateBean(AbstractAutowireCapableBeanFactory.java:619)
	at org.springframework.beans.factory.support.AbstractAutowireCapableBeanFactory.createBean(AbstractAutowireCapableBeanFactory.java:542)
	at org.springframework.beans.factory.support.AbstractBeanFactory.lambda$doGetBean$0(AbstractBeanFactory.java:335)
	at org.springframework.beans.factory.support.DefaultSingletonBeanRegistry.getSingleton(DefaultSingletonBeanRegistry.java:234)
	at org.springframework.beans.factory.support.AbstractBeanFactory.doGetBean(AbstractBeanFactory.java:333)
	at org.springframework.beans.factory.support.AbstractBeanFactory.getBean(AbstractBeanFactory.java:213)
	at org.springframework.beans.factory.support.AbstractAutowireCapableBeanFactory.resolveBeanByName(AbstractAutowireCapableBeanFactory.java:479)
	at org.springframework.context.annotation.CommonAnnotationBeanPostProcessor.autowireResource(CommonAnnotationBeanPostProcessor.java:550)
	at org.springframework.context.annotation.CommonAnnotationBeanPostProcessor.getResource(CommonAnnotationBeanPostProcessor.java:520)
	at org.springframework.context.annotation.CommonAnnotationBeanPostProcessor$ResourceElement.getResourceToInject(CommonAnnotationBeanPostProcessor.java:673)
	at org.springframework.beans.factory.annotation.InjectionMetadata$InjectedElement.inject(InjectionMetadata.java:228)
	at org.springframework.beans.factory.annotation.InjectionMetadata.inject(InjectionMetadata.java:119)
	at org.springframework.context.annotation.CommonAnnotationBeanPostProcessor.postProcessProperties(CommonAnnotationBeanPostProcessor.java:329)
	... 20 common frames omitted
Caused by: org.springframework.beans.factory.UnsatisfiedDependencyException: Error creating bean with name 'adminDao' defined in file [E:\shixi\springboot\target\classes\com\hwadee\springboot\dao\AdminDao.class]: Unsatisfied dependency expressed through bean property 'sqlSessionFactory'; nested exception is org.springframework.beans.factory.BeanCreationException: Error creating bean with name 'sqlSessionFactory' defined in class path resource [org/mybatis/spring/boot/autoconfigure/MybatisAutoConfiguration.class]: Bean instantiation via factory method failed; nested exception is org.springframework.beans.BeanInstantiationException: Failed to instantiate [org.apache.ibatis.session.SqlSessionFactory]: Factory method 'sqlSessionFactory' threw exception; nested exception is java.io.IOException: Failed to parse mapping resource: 'file [E:\shixi\springboot\target\classes\mapper\VolunteerDao.xml]'
	at org.springframework.beans.factory.support.AbstractAutowireCapableBeanFactory.autowireByType(AbstractAutowireCapableBeanFactory.java:1534)
	at org.springframework.beans.factory.support.AbstractAutowireCapableBeanFactory.populateBean(AbstractAutowireCapableBeanFactory.java:1417)
	at org.springframework.beans.factory.support.AbstractAutowireCapableBeanFactory.doCreateBean(AbstractAutowireCapableBeanFactory.java:619)
	at org.springframework.beans.factory.support.AbstractAutowireCapableBeanFactory.createBean(AbstractAutowireCapableBeanFactory.java:542)
	at org.springframework.beans.factory.support.AbstractBeanFactory.lambda$doGetBean$0(AbstractBeanFactory.java:335)
	at org.springframework.beans.factory.support.DefaultSingletonBeanRegistry.getSingleton(DefaultSingletonBeanRegistry.java:234)
	at org.springframework.beans.factory.support.AbstractBeanFactory.doGetBean(AbstractBeanFactory.java:333)
	at org.springframework.beans.factory.support.AbstractBeanFactory.getBean(AbstractBeanFactory.java:213)
	at org.springframework.beans.factory.support.AbstractAutowireCapableBeanFactory.resolveBeanByName(AbstractAutowireCapableBeanFactory.java:479)
	at org.springframework.context.annotation.CommonAnnotationBeanPostProcessor.autowireResource(CommonAnnotationBeanPostProcessor.java:550)
	at org.springframework.context.annotation.CommonAnnotationBeanPostProcessor.getResource(CommonAnnotationBeanPostProcessor.java:520)
	at org.springframework.context.annotation.CommonAnnotationBeanPostProcessor$ResourceElement.getResourceToInject(CommonAnnotationBeanPostProcessor.java:673)
	at org.springframework.beans.factory.annotation.InjectionMetadata$InjectedElement.inject(InjectionMetadata.java:228)
	at org.springframework.beans.factory.annotation.InjectionMetadata.inject(InjectionMetadata.java:119)
	at org.springframework.context.annotation.CommonAnnotationBeanPostProcessor.postProcessProperties(CommonAnnotationBeanPostProcessor.java:329)
	... 34 common frames omitted
Caused by: org.springframework.beans.factory.BeanCreationException: Error creating bean with name 'sqlSessionFactory' defined in class path resource [org/mybatis/spring/boot/autoconfigure/MybatisAutoConfiguration.class]: Bean instantiation via factory method failed; nested exception is org.springframework.beans.BeanInstantiationException: Failed to instantiate [org.apache.ibatis.session.SqlSessionFactory]: Factory method 'sqlSessionFactory' threw exception; nested exception is java.io.IOException: Failed to parse mapping resource: 'file [E:\shixi\springboot\target\classes\mapper\VolunteerDao.xml]'
	at org.springframework.beans.factory.support.ConstructorResolver.instantiate(ConstructorResolver.java:658)
	at org.springframework.beans.factory.support.ConstructorResolver.instantiateUsingFactoryMethod(ConstructorResolver.java:638)
	at org.springframework.beans.factory.support.AbstractAutowireCapableBeanFactory.instantiateUsingFactoryMethod(AbstractAutowireCapableBeanFactory.java:1352)
	at org.springframework.beans.factory.support.AbstractAutowireCapableBeanFactory.createBeanInstance(AbstractAutowireCapableBeanFactory.java:1195)
	at org.springframework.beans.factory.support.AbstractAutowireCapableBeanFactory.doCreateBean(AbstractAutowireCapableBeanFactory.java:582)
	at org.springframework.beans.factory.support.AbstractAutowireCapableBeanFactory.createBean(AbstractAutowireCapableBeanFactory.java:542)
	at org.springframework.beans.factory.support.AbstractBeanFactory.lambda$doGetBean$0(AbstractBeanFactory.java:335)
	at org.springframework.beans.factory.support.DefaultSingletonBeanRegistry.getSingleton(DefaultSingletonBeanRegistry.java:234)
	at org.springframework.beans.factory.support.AbstractBeanFactory.doGetBean(AbstractBeanFactory.java:333)
	at org.springframework.beans.factory.support.AbstractBeanFactory.getBean(AbstractBeanFactory.java:208)
	at org.springframework.beans.factory.config.DependencyDescriptor.resolveCandidate(DependencyDescriptor.java:276)
	at org.springframework.beans.factory.support.DefaultListableBeanFactory.doResolveDependency(DefaultListableBeanFactory.java:1391)
	at org.springframework.beans.factory.support.DefaultListableBeanFactory.resolveDependency(DefaultListableBeanFactory.java:1311)
	at org.springframework.beans.factory.support.AbstractAutowireCapableBeanFactory.autowireByType(AbstractAutowireCapableBeanFactory.java:1519)
	... 48 common frames omitted
Caused by: org.springframework.beans.BeanInstantiationException: Failed to instantiate [org.apache.ibatis.session.SqlSessionFactory]: Factory method 'sqlSessionFactory' threw exception; nested exception is java.io.IOException: Failed to parse mapping resource: 'file [E:\shixi\springboot\target\classes\mapper\VolunteerDao.xml]'
	at org.springframework.beans.factory.support.SimpleInstantiationStrategy.instantiate(SimpleInstantiationStrategy.java:185)
	at org.springframework.beans.factory.support.ConstructorResolver.instantiate(ConstructorResolver.java:653)
	... 61 common frames omitted
Caused by: java.io.IOException: Failed to parse mapping resource: 'file [E:\shixi\springboot\target\classes\mapper\VolunteerDao.xml]'
	at org.mybatis.spring.SqlSessionFactoryBean.buildSqlSessionFactory(SqlSessionFactoryBean.java:700)
	at org.mybatis.spring.SqlSessionFactoryBean.afterPropertiesSet(SqlSessionFactoryBean.java:577)
	at org.mybatis.spring.SqlSessionFactoryBean.getObject(SqlSessionFactoryBean.java:720)
	at org.mybatis.spring.boot.autoconfigure.MybatisAutoConfiguration.sqlSessionFactory(MybatisAutoConfiguration.java:187)
	at org.mybatis.spring.boot.autoconfigure.MybatisAutoConfiguration$$EnhancerBySpringCGLIB$$87f7e7f6.CGLIB$sqlSessionFactory$2(<generated>)
	at org.mybatis.spring.boot.autoconfigure.MybatisAutoConfiguration$$EnhancerBySpringCGLIB$$87f7e7f6$$FastClassBySpringCGLIB$$96e7e280.invoke(<generated>)
	at org.springframework.cglib.proxy.MethodProxy.invokeSuper(MethodProxy.java:244)
	at org.springframework.context.annotation.ConfigurationClassEnhancer$BeanMethodInterceptor.intercept(ConfigurationClassEnhancer.java:331)
	at org.mybatis.spring.boot.autoconfigure.MybatisAutoConfiguration$$EnhancerBySpringCGLIB$$87f7e7f6.sqlSessionFactory(<generated>)
	at java.base/jdk.internal.reflect.DirectMethodHandleAccessor.invoke(DirectMethodHandleAccessor.java:104)
	at java.base/java.lang.reflect.Method.invoke(Method.java:578)
	at org.springframework.beans.factory.support.SimpleInstantiationStrategy.instantiate(SimpleInstantiationStrategy.java:154)
	... 62 common frames omitted
Caused by: org.apache.ibatis.builder.BuilderException: Error parsing Mapper XML. The XML location is 'file [E:\shixi\springboot\target\classes\mapper\VolunteerDao.xml]'. Cause: java.lang.IllegalStateException: No typehandler found for property teamNames
	at org.apache.ibatis.builder.xml.XMLMapperBuilder.configurationElement(XMLMapperBuilder.java:128)
	at org.apache.ibatis.builder.xml.XMLMapperBuilder.parse(XMLMapperBuilder.java:100)
	at org.mybatis.spring.SqlSessionFactoryBean.buildSqlSessionFactory(SqlSessionFactoryBean.java:698)
	... 73 common frames omitted
Caused by: java.lang.IllegalStateException: No typehandler found for property teamNames
	at org.apache.ibatis.mapping.ResultMapping$Builder.validate(ResultMapping.java:153)
	at org.apache.ibatis.mapping.ResultMapping$Builder.build(ResultMapping.java:140)
	at org.apache.ibatis.builder.MapperBuilderAssistant.buildResultMapping(MapperBuilderAssistant.java:352)
	at org.apache.ibatis.builder.xml.XMLMapperBuilder.buildResultMappingFromContext(XMLMapperBuilder.java:404)
	at org.apache.ibatis.builder.xml.XMLMapperBuilder.resultMapElement(XMLMapperBuilder.java:287)
	at org.apache.ibatis.builder.xml.XMLMapperBuilder.resultMapElement(XMLMapperBuilder.java:262)
	at org.apache.ibatis.builder.xml.XMLMapperBuilder.resultMapElements(XMLMapperBuilder.java:254)
	at org.apache.ibatis.builder.xml.XMLMapperBuilder.configurationElement(XMLMapperBuilder.java:124)
	... 75 common frames omitted
[INFO]2024-07-08 15:09:41,854 - Starting SpringbootApplication using Java 20.0.1 on LAPTOP-L2BN52PD with PID 38340 (E:\shixi\springboot\target\classes started by jiaoy in E:\shixi\springboot)
[INFO]2024-07-08 15:09:41,855 - No active profile set, falling back to 1 default profile: "default"
[INFO]2024-07-08 15:09:41,899 - Devtools property defaults active! Set 'spring.devtools.add-properties' to 'false' to disable
[INFO]2024-07-08 15:09:41,899 - For additional web related logging consider setting the 'logging.level.web' property to 'DEBUG'
[INFO]2024-07-08 15:09:42,512 - Multiple Spring Data modules found, entering strict repository configuration mode
[INFO]2024-07-08 15:09:42,513 - Bootstrapping Spring Data JPA repositories in DEFAULT mode.
[INFO]2024-07-08 15:09:42,528 - Finished Spring Data repository scanning in 8 ms. Found 0 JPA repository interfaces.
[INFO]2024-07-08 15:09:42,539 - Multiple Spring Data modules found, entering strict repository configuration mode
[INFO]2024-07-08 15:09:42,540 - Bootstrapping Spring Data Redis repositories in DEFAULT mode.
[INFO]2024-07-08 15:09:42,548 - Finished Spring Data repository scanning in 3 ms. Found 0 Redis repository interfaces.
[INFO]2024-07-08 15:09:43,026 - Tomcat initialized with port(s): 8080 (http)
[INFO]2024-07-08 15:09:43,027 - Loaded Apache Tomcat Native library [1.3.0] using APR version [1.7.4].
[INFO]2024-07-08 15:09:43,027 - APR capabilities: IPv6 [true], sendfile [true], accept filters [false], random [true], UDS [true].
[INFO]2024-07-08 15:09:43,027 - APR/OpenSSL configuration: useAprConnector [false], useOpenSSL [true]
[INFO]2024-07-08 15:09:43,033 - OpenSSL successfully initialized [OpenSSL 3.0.13 30 Jan 2024]
[INFO]2024-07-08 15:09:43,039 - Initializing ProtocolHandler ["http-nio-8080"]
[INFO]2024-07-08 15:09:43,040 - Starting service [Tomcat]
[INFO]2024-07-08 15:09:43,040 - Starting Servlet engine: [Apache Tomcat/9.0.76]
[INFO]2024-07-08 15:09:43,115 - Initializing Spring embedded WebApplicationContext
[INFO]2024-07-08 15:09:43,115 - Root WebApplicationContext: initialization completed in 1216 ms
[INFO]2024-07-08 15:09:43,218 - HikariPool-1 - Starting...
[WARN]2024-07-08 15:09:43,220 - Registered driver with driverClassName=com.mysql.jdbc.Driver was not found, trying direct instantiation.
[INFO]2024-07-08 15:09:43,318 - HikariPool-1 - Start completed.
[INFO]2024-07-08 15:09:43,367 - HHH000412: Hibernate ORM core version 5.6.15.Final
[INFO]2024-07-08 15:09:43,459 - HCANN000001: Hibernate Commons Annotations {5.1.2.Final}
[INFO]2024-07-08 15:09:43,527 - HHH000400: Using dialect: org.hibernate.dialect.MySQL55Dialect
[INFO]2024-07-08 15:09:43,609 - HHH000490: Using JtaPlatform implementation: [org.hibernate.engine.transaction.jta.platform.internal.NoJtaPlatform]
[INFO]2024-07-08 15:09:43,616 - Initialized JPA EntityManagerFactory for persistence unit 'default'
[INFO]2024-07-08 15:09:44,066 - 自定义Redis配置--
[WARN]2024-07-08 15:09:44,121 - spring.jpa.open-in-view is enabled by default. Therefore, database queries may be performed during view rendering. Explicitly configure spring.jpa.open-in-view to disable this warning
[INFO]2024-07-08 15:09:44,270 - Adding welcome page template: index
[INFO]2024-07-08 15:09:44,486 - LiveReload server is running on port 35729
[INFO]2024-07-08 15:09:44,505 - Starting ProtocolHandler ["http-nio-8080"]
[INFO]2024-07-08 15:09:44,519 - Tomcat started on port(s): 8080 (http) with context path ''
[INFO]2024-07-08 15:09:44,532 - Started SpringbootApplication in 2.992 seconds (JVM running for 3.643)
[INFO]2024-07-08 15:09:44,907 - Initializing Spring DispatcherServlet 'dispatcherServlet'
[INFO]2024-07-08 15:09:44,907 - Initializing Servlet 'dispatcherServlet'
[INFO]2024-07-08 15:09:44,908 - Completed initialization in 1 ms
[INFO]2024-07-08 15:44:45,841 - Closing JPA EntityManagerFactory for persistence unit 'default'
[INFO]2024-07-08 15:44:45,845 - HikariPool-1 - Shutdown initiated...
[INFO]2024-07-08 15:44:45,848 - HikariPool-1 - Shutdown completed.
[INFO]2024-07-08 15:44:52,896 - Starting SpringbootApplication using Java 20.0.1 on LAPTOP-L2BN52PD with PID 52168 (E:\shixi\springboot\target\classes started by jiaoy in E:\shixi\springboot)
[INFO]2024-07-08 15:44:52,897 - No active profile set, falling back to 1 default profile: "default"
[INFO]2024-07-08 15:44:52,940 - Devtools property defaults active! Set 'spring.devtools.add-properties' to 'false' to disable
[INFO]2024-07-08 15:44:52,940 - For additional web related logging consider setting the 'logging.level.web' property to 'DEBUG'
[INFO]2024-07-08 15:44:53,620 - Multiple Spring Data modules found, entering strict repository configuration mode
[INFO]2024-07-08 15:44:53,621 - Bootstrapping Spring Data JPA repositories in DEFAULT mode.
[INFO]2024-07-08 15:44:53,636 - Finished Spring Data repository scanning in 8 ms. Found 0 JPA repository interfaces.
[INFO]2024-07-08 15:44:53,647 - Multiple Spring Data modules found, entering strict repository configuration mode
[INFO]2024-07-08 15:44:53,648 - Bootstrapping Spring Data Redis repositories in DEFAULT mode.
[INFO]2024-07-08 15:44:53,657 - Finished Spring Data repository scanning in 4 ms. Found 0 Redis repository interfaces.
[INFO]2024-07-08 15:44:54,166 - Tomcat initialized with port(s): 8080 (http)
[INFO]2024-07-08 15:44:54,168 - Loaded Apache Tomcat Native library [1.3.0] using APR version [1.7.4].
[INFO]2024-07-08 15:44:54,168 - APR capabilities: IPv6 [true], sendfile [true], accept filters [false], random [true], UDS [true].
[INFO]2024-07-08 15:44:54,169 - APR/OpenSSL configuration: useAprConnector [false], useOpenSSL [true]
[INFO]2024-07-08 15:44:54,176 - OpenSSL successfully initialized [OpenSSL 3.0.13 30 Jan 2024]
[INFO]2024-07-08 15:44:54,183 - Initializing ProtocolHandler ["http-nio-8080"]
[INFO]2024-07-08 15:44:54,184 - Starting service [Tomcat]
[INFO]2024-07-08 15:44:54,184 - Starting Servlet engine: [Apache Tomcat/9.0.76]
[INFO]2024-07-08 15:44:54,255 - Initializing Spring embedded WebApplicationContext
[INFO]2024-07-08 15:44:54,255 - Root WebApplicationContext: initialization completed in 1314 ms
[INFO]2024-07-08 15:44:54,373 - HikariPool-1 - Starting...
[WARN]2024-07-08 15:44:54,375 - Registered driver with driverClassName=com.mysql.jdbc.Driver was not found, trying direct instantiation.
[INFO]2024-07-08 15:44:54,464 - HikariPool-1 - Start completed.
[INFO]2024-07-08 15:44:54,552 - HHH000412: Hibernate ORM core version 5.6.15.Final
[INFO]2024-07-08 15:44:54,658 - HCANN000001: Hibernate Commons Annotations {5.1.2.Final}
[INFO]2024-07-08 15:44:54,738 - HHH000400: Using dialect: org.hibernate.dialect.MySQL55Dialect
[INFO]2024-07-08 15:44:54,861 - HHH000490: Using JtaPlatform implementation: [org.hibernate.engine.transaction.jta.platform.internal.NoJtaPlatform]
[INFO]2024-07-08 15:44:54,869 - Initialized JPA EntityManagerFactory for persistence unit 'default'
[INFO]2024-07-08 15:44:55,326 - 自定义Redis配置--
[WARN]2024-07-08 15:44:55,369 - spring.jpa.open-in-view is enabled by default. Therefore, database queries may be performed during view rendering. Explicitly configure spring.jpa.open-in-view to disable this warning
[INFO]2024-07-08 15:44:55,494 - Adding welcome page template: index
[INFO]2024-07-08 15:44:55,721 - LiveReload server is running on port 35729
[INFO]2024-07-08 15:44:55,739 - Starting ProtocolHandler ["http-nio-8080"]
[INFO]2024-07-08 15:44:55,756 - Tomcat started on port(s): 8080 (http) with context path ''
[INFO]2024-07-08 15:44:55,779 - Started SpringbootApplication in 3.205 seconds (JVM running for 3.846)
[INFO]2024-07-08 15:44:57,413 - Initializing Spring DispatcherServlet 'dispatcherServlet'
[INFO]2024-07-08 15:44:57,413 - Initializing Servlet 'dispatcherServlet'
[INFO]2024-07-08 15:44:57,415 - Completed initialization in 1 ms
[WARN]2024-07-08 15:45:59,087 - Resolved [org.springframework.web.HttpRequestMethodNotSupportedException: Request method 'POST' not supported]
[WARN]2024-07-08 15:46:16,542 - Resolved [org.springframework.web.HttpRequestMethodNotSupportedException: Request method 'POST' not supported]
[INFO]2024-07-08 15:47:29,845 - Closing JPA EntityManagerFactory for persistence unit 'default'
[INFO]2024-07-08 15:47:29,849 - HikariPool-1 - Shutdown initiated...
[INFO]2024-07-08 15:47:29,856 - HikariPool-1 - Shutdown completed.
[INFO]2024-07-08 15:47:35,756 - Starting SpringbootApplication using Java 20.0.1 on LAPTOP-L2BN52PD with PID 24720 (E:\shixi\springboot\target\classes started by jiaoy in E:\shixi\springboot)
[INFO]2024-07-08 15:47:35,757 - No active profile set, falling back to 1 default profile: "default"
[INFO]2024-07-08 15:47:35,832 - Devtools property defaults active! Set 'spring.devtools.add-properties' to 'false' to disable
[INFO]2024-07-08 15:47:35,832 - For additional web related logging consider setting the 'logging.level.web' property to 'DEBUG'
[INFO]2024-07-08 15:47:36,632 - Multiple Spring Data modules found, entering strict repository configuration mode
[INFO]2024-07-08 15:47:36,632 - Bootstrapping Spring Data JPA repositories in DEFAULT mode.
[INFO]2024-07-08 15:47:36,647 - Finished Spring Data repository scanning in 8 ms. Found 0 JPA repository interfaces.
[INFO]2024-07-08 15:47:36,660 - Multiple Spring Data modules found, entering strict repository configuration mode
[INFO]2024-07-08 15:47:36,660 - Bootstrapping Spring Data Redis repositories in DEFAULT mode.
[INFO]2024-07-08 15:47:36,670 - Finished Spring Data repository scanning in 4 ms. Found 0 Redis repository interfaces.
[INFO]2024-07-08 15:47:37,191 - Tomcat initialized with port(s): 8080 (http)
[INFO]2024-07-08 15:47:37,193 - Loaded Apache Tomcat Native library [1.3.0] using APR version [1.7.4].
[INFO]2024-07-08 15:47:37,193 - APR capabilities: IPv6 [true], sendfile [true], accept filters [false], random [true], UDS [true].
[INFO]2024-07-08 15:47:37,193 - APR/OpenSSL configuration: useAprConnector [false], useOpenSSL [true]
[INFO]2024-07-08 15:47:37,198 - OpenSSL successfully initialized [OpenSSL 3.0.13 30 Jan 2024]
[INFO]2024-07-08 15:47:37,206 - Initializing ProtocolHandler ["http-nio-8080"]
[INFO]2024-07-08 15:47:37,208 - Starting service [Tomcat]
[INFO]2024-07-08 15:47:37,208 - Starting Servlet engine: [Apache Tomcat/9.0.76]
[INFO]2024-07-08 15:47:37,278 - Initializing Spring embedded WebApplicationContext
[INFO]2024-07-08 15:47:37,278 - Root WebApplicationContext: initialization completed in 1445 ms
[INFO]2024-07-08 15:47:37,392 - HikariPool-1 - Starting...
[WARN]2024-07-08 15:47:37,395 - Registered driver with driverClassName=com.mysql.jdbc.Driver was not found, trying direct instantiation.
[INFO]2024-07-08 15:47:37,482 - HikariPool-1 - Start completed.
[INFO]2024-07-08 15:47:37,569 - HHH000412: Hibernate ORM core version 5.6.15.Final
[INFO]2024-07-08 15:47:37,669 - HCANN000001: Hibernate Commons Annotations {5.1.2.Final}
[INFO]2024-07-08 15:47:37,748 - HHH000400: Using dialect: org.hibernate.dialect.MySQL55Dialect
[INFO]2024-07-08 15:47:37,874 - HHH000490: Using JtaPlatform implementation: [org.hibernate.engine.transaction.jta.platform.internal.NoJtaPlatform]
[INFO]2024-07-08 15:47:37,882 - Initialized JPA EntityManagerFactory for persistence unit 'default'
[INFO]2024-07-08 15:47:38,340 - 自定义Redis配置--
[WARN]2024-07-08 15:47:38,389 - spring.jpa.open-in-view is enabled by default. Therefore, database queries may be performed during view rendering. Explicitly configure spring.jpa.open-in-view to disable this warning
[INFO]2024-07-08 15:47:38,521 - Adding welcome page template: index
[INFO]2024-07-08 15:47:38,759 - LiveReload server is running on port 35729
[INFO]2024-07-08 15:47:38,777 - Starting ProtocolHandler ["http-nio-8080"]
[INFO]2024-07-08 15:47:38,793 - Tomcat started on port(s): 8080 (http) with context path ''
[INFO]2024-07-08 15:47:38,808 - Started SpringbootApplication in 3.427 seconds (JVM running for 4.122)
[INFO]2024-07-08 15:47:45,161 - Initializing Spring DispatcherServlet 'dispatcherServlet'
[INFO]2024-07-08 15:47:45,161 - Initializing Servlet 'dispatcherServlet'
[INFO]2024-07-08 15:47:45,162 - Completed initialization in 1 ms
[INFO]2024-07-08 16:04:59,474 - Closing JPA EntityManagerFactory for persistence unit 'default'
[INFO]2024-07-08 16:04:59,476 - HikariPool-1 - Shutdown initiated...
[INFO]2024-07-08 16:04:59,481 - HikariPool-1 - Shutdown completed.
[INFO]2024-07-08 16:05:06,012 - Starting SpringbootApplication using Java 20.0.1 on LAPTOP-L2BN52PD with PID 40664 (E:\shixi\springboot\target\classes started by jiaoy in E:\shixi\springboot)
[INFO]2024-07-08 16:05:06,013 - No active profile set, falling back to 1 default profile: "default"
[INFO]2024-07-08 16:05:06,055 - Devtools property defaults active! Set 'spring.devtools.add-properties' to 'false' to disable
[INFO]2024-07-08 16:05:06,056 - For additional web related logging consider setting the 'logging.level.web' property to 'DEBUG'
[INFO]2024-07-08 16:05:06,728 - Multiple Spring Data modules found, entering strict repository configuration mode
[INFO]2024-07-08 16:05:06,728 - Bootstrapping Spring Data JPA repositories in DEFAULT mode.
[INFO]2024-07-08 16:05:06,743 - Finished Spring Data repository scanning in 8 ms. Found 0 JPA repository interfaces.
[INFO]2024-07-08 16:05:06,755 - Multiple Spring Data modules found, entering strict repository configuration mode
[INFO]2024-07-08 16:05:06,757 - Bootstrapping Spring Data Redis repositories in DEFAULT mode.
[INFO]2024-07-08 16:05:06,767 - Finished Spring Data repository scanning in 5 ms. Found 0 Redis repository interfaces.
[INFO]2024-07-08 16:05:07,289 - Tomcat initialized with port(s): 8080 (http)
[INFO]2024-07-08 16:05:07,290 - Loaded Apache Tomcat Native library [1.3.0] using APR version [1.7.4].
[INFO]2024-07-08 16:05:07,294 - APR capabilities: IPv6 [true], sendfile [true], accept filters [false], random [true], UDS [true].
[INFO]2024-07-08 16:05:07,295 - APR/OpenSSL configuration: useAprConnector [false], useOpenSSL [true]
[INFO]2024-07-08 16:05:07,300 - OpenSSL successfully initialized [OpenSSL 3.0.13 30 Jan 2024]
[INFO]2024-07-08 16:05:07,305 - Initializing ProtocolHandler ["http-nio-8080"]
[INFO]2024-07-08 16:05:07,306 - Starting service [Tomcat]
[INFO]2024-07-08 16:05:07,306 - Starting Servlet engine: [Apache Tomcat/9.0.76]
[INFO]2024-07-08 16:05:07,364 - Initializing Spring embedded WebApplicationContext
[INFO]2024-07-08 16:05:07,364 - Root WebApplicationContext: initialization completed in 1308 ms
[INFO]2024-07-08 16:05:07,495 - HikariPool-1 - Starting...
[WARN]2024-07-08 16:05:07,497 - Registered driver with driverClassName=com.mysql.jdbc.Driver was not found, trying direct instantiation.
[INFO]2024-07-08 16:05:07,591 - HikariPool-1 - Start completed.
[INFO]2024-07-08 16:05:07,649 - HHH000412: Hibernate ORM core version 5.6.15.Final
[INFO]2024-07-08 16:05:07,735 - HCANN000001: Hibernate Commons Annotations {5.1.2.Final}
[INFO]2024-07-08 16:05:07,805 - HHH000400: Using dialect: org.hibernate.dialect.MySQL55Dialect
[INFO]2024-07-08 16:05:07,904 - HHH000490: Using JtaPlatform implementation: [org.hibernate.engine.transaction.jta.platform.internal.NoJtaPlatform]
[INFO]2024-07-08 16:05:07,915 - Initialized JPA EntityManagerFactory for persistence unit 'default'
[INFO]2024-07-08 16:05:08,496 - 自定义Redis配置--
[WARN]2024-07-08 16:05:08,551 - spring.jpa.open-in-view is enabled by default. Therefore, database queries may be performed during view rendering. Explicitly configure spring.jpa.open-in-view to disable this warning
[INFO]2024-07-08 16:05:08,688 - Adding welcome page template: index
[INFO]2024-07-08 16:05:08,912 - LiveReload server is running on port 35729
[INFO]2024-07-08 16:05:08,929 - Starting ProtocolHandler ["http-nio-8080"]
[INFO]2024-07-08 16:05:08,947 - Tomcat started on port(s): 8080 (http) with context path ''
[INFO]2024-07-08 16:05:08,963 - Started SpringbootApplication in 3.262 seconds (JVM running for 4.043)
[INFO]2024-07-08 16:05:19,402 - Initializing Spring DispatcherServlet 'dispatcherServlet'
[INFO]2024-07-08 16:05:19,402 - Initializing Servlet 'dispatcherServlet'
[INFO]2024-07-08 16:05:19,403 - Completed initialization in 1 ms
[INFO]2024-07-08 16:21:45,039 - Closing JPA EntityManagerFactory for persistence unit 'default'
[INFO]2024-07-08 16:21:45,042 - HikariPool-1 - Shutdown initiated...
[INFO]2024-07-08 16:21:45,048 - HikariPool-1 - Shutdown completed.
[INFO]2024-07-08 16:21:52,072 - Starting SpringbootApplication using Java 20.0.1 on LAPTOP-L2BN52PD with PID 45332 (E:\shixi\springboot\target\classes started by jiaoy in E:\shixi\springboot)
[INFO]2024-07-08 16:21:52,073 - No active profile set, falling back to 1 default profile: "default"
[INFO]2024-07-08 16:21:52,122 - Devtools property defaults active! Set 'spring.devtools.add-properties' to 'false' to disable
[INFO]2024-07-08 16:21:52,122 - For additional web related logging consider setting the 'logging.level.web' property to 'DEBUG'
[INFO]2024-07-08 16:21:52,918 - Multiple Spring Data modules found, entering strict repository configuration mode
[INFO]2024-07-08 16:21:52,918 - Bootstrapping Spring Data JPA repositories in DEFAULT mode.
[INFO]2024-07-08 16:21:52,938 - Finished Spring Data repository scanning in 10 ms. Found 0 JPA repository interfaces.
[INFO]2024-07-08 16:21:52,949 - Multiple Spring Data modules found, entering strict repository configuration mode
[INFO]2024-07-08 16:21:52,950 - Bootstrapping Spring Data Redis repositories in DEFAULT mode.
[INFO]2024-07-08 16:21:52,963 - Finished Spring Data repository scanning in 5 ms. Found 0 Redis repository interfaces.
[INFO]2024-07-08 16:21:53,471 - Tomcat initialized with port(s): 8080 (http)
[INFO]2024-07-08 16:21:53,472 - Loaded Apache Tomcat Native library [1.3.0] using APR version [1.7.4].
[INFO]2024-07-08 16:21:53,472 - APR capabilities: IPv6 [true], sendfile [true], accept filters [false], random [true], UDS [true].
[INFO]2024-07-08 16:21:53,472 - APR/OpenSSL configuration: useAprConnector [false], useOpenSSL [true]
[INFO]2024-07-08 16:21:53,478 - OpenSSL successfully initialized [OpenSSL 3.0.13 30 Jan 2024]
[INFO]2024-07-08 16:21:53,487 - Initializing ProtocolHandler ["http-nio-8080"]
[INFO]2024-07-08 16:21:53,488 - Starting service [Tomcat]
[INFO]2024-07-08 16:21:53,488 - Starting Servlet engine: [Apache Tomcat/9.0.76]
[INFO]2024-07-08 16:21:53,558 - Initializing Spring embedded WebApplicationContext
[INFO]2024-07-08 16:21:53,559 - Root WebApplicationContext: initialization completed in 1436 ms
[INFO]2024-07-08 16:21:53,710 - HikariPool-1 - Starting...
[WARN]2024-07-08 16:21:53,712 - Registered driver with driverClassName=com.mysql.jdbc.Driver was not found, trying direct instantiation.
[INFO]2024-07-08 16:21:53,800 - HikariPool-1 - Start completed.
[INFO]2024-07-08 16:21:53,854 - HHH000412: Hibernate ORM core version 5.6.15.Final
[INFO]2024-07-08 16:21:53,938 - HCANN000001: Hibernate Commons Annotations {5.1.2.Final}
[INFO]2024-07-08 16:21:54,003 - HHH000400: Using dialect: org.hibernate.dialect.MySQL55Dialect
[INFO]2024-07-08 16:21:54,087 - HHH000490: Using JtaPlatform implementation: [org.hibernate.engine.transaction.jta.platform.internal.NoJtaPlatform]
[INFO]2024-07-08 16:21:54,094 - Initialized JPA EntityManagerFactory for persistence unit 'default'
[INFO]2024-07-08 16:21:54,542 - 自定义Redis配置--
[WARN]2024-07-08 16:21:54,588 - spring.jpa.open-in-view is enabled by default. Therefore, database queries may be performed during view rendering. Explicitly configure spring.jpa.open-in-view to disable this warning
[INFO]2024-07-08 16:21:54,693 - Adding welcome page template: index
[INFO]2024-07-08 16:21:54,936 - LiveReload server is running on port 35729
[INFO]2024-07-08 16:21:54,955 - Starting ProtocolHandler ["http-nio-8080"]
[INFO]2024-07-08 16:21:54,973 - Tomcat started on port(s): 8080 (http) with context path ''
[INFO]2024-07-08 16:21:54,988 - Started SpringbootApplication in 3.237 seconds (JVM running for 3.964)
[INFO]2024-07-08 16:22:38,675 - Initializing Spring DispatcherServlet 'dispatcherServlet'
[INFO]2024-07-08 16:22:38,675 - Initializing Servlet 'dispatcherServlet'
[INFO]2024-07-08 16:22:38,677 - Completed initialization in 2 ms
[INFO]2024-07-08 16:26:45,873 - Closing JPA EntityManagerFactory for persistence unit 'default'
[INFO]2024-07-08 16:26:45,876 - HikariPool-1 - Shutdown initiated...
[INFO]2024-07-08 16:26:45,882 - HikariPool-1 - Shutdown completed.
[INFO]2024-07-08 16:26:52,327 - Starting SpringbootApplication using Java 20.0.1 on LAPTOP-L2BN52PD with PID 34416 (E:\shixi\springboot\target\classes started by jiaoy in E:\shixi\springboot)
[INFO]2024-07-08 16:26:52,328 - No active profile set, falling back to 1 default profile: "default"
[INFO]2024-07-08 16:26:52,376 - Devtools property defaults active! Set 'spring.devtools.add-properties' to 'false' to disable
[INFO]2024-07-08 16:26:52,377 - For additional web related logging consider setting the 'logging.level.web' property to 'DEBUG'
[INFO]2024-07-08 16:26:53,043 - Multiple Spring Data modules found, entering strict repository configuration mode
[INFO]2024-07-08 16:26:53,043 - Bootstrapping Spring Data JPA repositories in DEFAULT mode.
[INFO]2024-07-08 16:26:53,058 - Finished Spring Data repository scanning in 8 ms. Found 0 JPA repository interfaces.
[INFO]2024-07-08 16:26:53,069 - Multiple Spring Data modules found, entering strict repository configuration mode
[INFO]2024-07-08 16:26:53,069 - Bootstrapping Spring Data Redis repositories in DEFAULT mode.
[INFO]2024-07-08 16:26:53,078 - Finished Spring Data repository scanning in 3 ms. Found 0 Redis repository interfaces.
[INFO]2024-07-08 16:26:53,516 - Tomcat initialized with port(s): 8080 (http)
[INFO]2024-07-08 16:26:53,517 - Loaded Apache Tomcat Native library [1.3.0] using APR version [1.7.4].
[INFO]2024-07-08 16:26:53,517 - APR capabilities: IPv6 [true], sendfile [true], accept filters [false], random [true], UDS [true].
[INFO]2024-07-08 16:26:53,517 - APR/OpenSSL configuration: useAprConnector [false], useOpenSSL [true]
[INFO]2024-07-08 16:26:53,522 - OpenSSL successfully initialized [OpenSSL 3.0.13 30 Jan 2024]
[INFO]2024-07-08 16:26:53,527 - Initializing ProtocolHandler ["http-nio-8080"]
[INFO]2024-07-08 16:26:53,528 - Starting service [Tomcat]
[INFO]2024-07-08 16:26:53,528 - Starting Servlet engine: [Apache Tomcat/9.0.76]
[INFO]2024-07-08 16:26:53,586 - Initializing Spring embedded WebApplicationContext
[INFO]2024-07-08 16:26:53,586 - Root WebApplicationContext: initialization completed in 1209 ms
[INFO]2024-07-08 16:26:53,689 - HikariPool-1 - Starting...
[WARN]2024-07-08 16:26:53,690 - Registered driver with driverClassName=com.mysql.jdbc.Driver was not found, trying direct instantiation.
[INFO]2024-07-08 16:26:53,787 - HikariPool-1 - Start completed.
[INFO]2024-07-08 16:26:53,842 - HHH000412: Hibernate ORM core version 5.6.15.Final
[INFO]2024-07-08 16:26:53,933 - HCANN000001: Hibernate Commons Annotations {5.1.2.Final}
[INFO]2024-07-08 16:26:54,002 - HHH000400: Using dialect: org.hibernate.dialect.MySQL55Dialect
[INFO]2024-07-08 16:26:54,084 - HHH000490: Using JtaPlatform implementation: [org.hibernate.engine.transaction.jta.platform.internal.NoJtaPlatform]
[INFO]2024-07-08 16:26:54,092 - Initialized JPA EntityManagerFactory for persistence unit 'default'
[INFO]2024-07-08 16:26:54,563 - 自定义Redis配置--
[WARN]2024-07-08 16:26:54,605 - spring.jpa.open-in-view is enabled by default. Therefore, database queries may be performed during view rendering. Explicitly configure spring.jpa.open-in-view to disable this warning
[INFO]2024-07-08 16:26:54,720 - Adding welcome page template: index
[INFO]2024-07-08 16:26:54,947 - LiveReload server is running on port 35729
[INFO]2024-07-08 16:26:54,967 - Starting ProtocolHandler ["http-nio-8080"]
[INFO]2024-07-08 16:26:54,981 - Tomcat started on port(s): 8080 (http) with context path ''
[INFO]2024-07-08 16:26:54,996 - Started SpringbootApplication in 3.041 seconds (JVM running for 3.663)
[INFO]2024-07-08 16:27:07,002 - Initializing Spring DispatcherServlet 'dispatcherServlet'
[INFO]2024-07-08 16:27:07,002 - Initializing Servlet 'dispatcherServlet'
[INFO]2024-07-08 16:27:07,003 - Completed initialization in 1 ms
[WARN]2024-07-08 16:36:57,790 - Resolved [org.springframework.web.HttpMediaTypeNotSupportedException: Content type 'multipart/form-data;boundary=--------------------------186086883621448099169859;charset=UTF-8' not supported]
[WARN]2024-07-08 16:38:58,154 - Failed to perform cleanup of multipart items
java.io.UncheckedIOException: Cannot delete C:\Users\jiaoy\AppData\Local\Temp\tomcat.8080.522809976065220442\work\Tomcat\localhost\ROOT\upload_a4e6e357_2cf1_40ec_9810_f4709b95c405_00000003.tmp
	at org.apache.tomcat.util.http.fileupload.disk.DiskFileItem.delete(DiskFileItem.java:431)
	at org.apache.catalina.core.ApplicationPart.delete(ApplicationPart.java:53)
	at org.springframework.web.multipart.support.StandardServletMultipartResolver.cleanupMultipart(StandardServletMultipartResolver.java:134)
	at org.springframework.web.servlet.DispatcherServlet.cleanupMultipart(DispatcherServlet.java:1251)
	at org.springframework.web.servlet.DispatcherServlet.doDispatch(DispatcherServlet.java:1108)
	at org.springframework.web.servlet.DispatcherServlet.doService(DispatcherServlet.java:965)
	at org.springframework.web.servlet.FrameworkServlet.processRequest(FrameworkServlet.java:1006)
	at org.springframework.web.servlet.FrameworkServlet.doPost(FrameworkServlet.java:909)
	at javax.servlet.http.HttpServlet.service(HttpServlet.java:555)
	at org.springframework.web.servlet.FrameworkServlet.service(FrameworkServlet.java:883)
	at javax.servlet.http.HttpServlet.service(HttpServlet.java:623)
	at org.apache.catalina.core.ApplicationFilterChain.internalDoFilter(ApplicationFilterChain.java:209)
	at org.apache.catalina.core.ApplicationFilterChain.doFilter(ApplicationFilterChain.java:153)
	at org.apache.tomcat.websocket.server.WsFilter.doFilter(WsFilter.java:51)
	at org.apache.catalina.core.ApplicationFilterChain.internalDoFilter(ApplicationFilterChain.java:178)
	at org.apache.catalina.core.ApplicationFilterChain.doFilter(ApplicationFilterChain.java:153)
	at org.springframework.web.filter.RequestContextFilter.doFilterInternal(RequestContextFilter.java:100)
	at org.springframework.web.filter.OncePerRequestFilter.doFilter(OncePerRequestFilter.java:117)
	at org.apache.catalina.core.ApplicationFilterChain.internalDoFilter(ApplicationFilterChain.java:178)
	at org.apache.catalina.core.ApplicationFilterChain.doFilter(ApplicationFilterChain.java:153)
	at org.springframework.web.filter.FormContentFilter.doFilterInternal(FormContentFilter.java:93)
	at org.springframework.web.filter.OncePerRequestFilter.doFilter(OncePerRequestFilter.java:117)
	at org.apache.catalina.core.ApplicationFilterChain.internalDoFilter(ApplicationFilterChain.java:178)
	at org.apache.catalina.core.ApplicationFilterChain.doFilter(ApplicationFilterChain.java:153)
	at javax.servlet.http.HttpFilter.doFilter(HttpFilter.java:85)
	at com.hwadee.springboot.config.CorsFilter.doFilter(CorsFilter.java:57)
	at javax.servlet.http.HttpFilter.doFilter(HttpFilter.java:53)
	at org.apache.catalina.core.ApplicationFilterChain.internalDoFilter(ApplicationFilterChain.java:178)
	at org.apache.catalina.core.ApplicationFilterChain.doFilter(ApplicationFilterChain.java:153)
	at org.springframework.web.filter.CharacterEncodingFilter.doFilterInternal(CharacterEncodingFilter.java:201)
	at org.springframework.web.filter.OncePerRequestFilter.doFilter(OncePerRequestFilter.java:117)
	at org.apache.catalina.core.ApplicationFilterChain.internalDoFilter(ApplicationFilterChain.java:178)
	at org.apache.catalina.core.ApplicationFilterChain.doFilter(ApplicationFilterChain.java:153)
	at org.apache.catalina.core.StandardWrapperValve.invoke(StandardWrapperValve.java:167)
	at org.apache.catalina.core.StandardContextValve.invoke(StandardContextValve.java:90)
	at org.apache.catalina.authenticator.AuthenticatorBase.invoke(AuthenticatorBase.java:481)
	at org.apache.catalina.core.StandardHostValve.invoke(StandardHostValve.java:130)
	at org.apache.catalina.valves.ErrorReportValve.invoke(ErrorReportValve.java:93)
	at org.apache.catalina.core.StandardEngineValve.invoke(StandardEngineValve.java:74)
	at org.apache.catalina.connector.CoyoteAdapter.service(CoyoteAdapter.java:343)
	at org.apache.coyote.http11.Http11Processor.service(Http11Processor.java:390)
	at org.apache.coyote.AbstractProcessorLight.process(AbstractProcessorLight.java:63)
	at org.apache.coyote.AbstractProtocol$ConnectionHandler.process(AbstractProtocol.java:926)
	at org.apache.tomcat.util.net.NioEndpoint$SocketProcessor.doRun(NioEndpoint.java:1791)
	at org.apache.tomcat.util.net.SocketProcessorBase.run(SocketProcessorBase.java:52)
	at org.apache.tomcat.util.threads.ThreadPoolExecutor.runWorker(ThreadPoolExecutor.java:1191)
	at org.apache.tomcat.util.threads.ThreadPoolExecutor$Worker.run(ThreadPoolExecutor.java:659)
	at org.apache.tomcat.util.threads.TaskThread$WrappingRunnable.run(TaskThread.java:61)
	at java.base/java.lang.Thread.run(Thread.java:1623)
Caused by: java.io.IOException: Cannot delete C:\Users\jiaoy\AppData\Local\Temp\tomcat.8080.522809976065220442\work\Tomcat\localhost\ROOT\upload_a4e6e357_2cf1_40ec_9810_f4709b95c405_00000003.tmp
	... 49 common frames omitted
[ERROR]2024-07-08 16:38:58,156 - Error processing request
java.io.UncheckedIOException: Cannot delete C:\Users\jiaoy\AppData\Local\Temp\tomcat.8080.522809976065220442\work\Tomcat\localhost\ROOT\upload_a4e6e357_2cf1_40ec_9810_f4709b95c405_00000003.tmp
	at org.apache.tomcat.util.http.fileupload.disk.DiskFileItem.delete(DiskFileItem.java:431)
	at org.apache.catalina.core.ApplicationPart.delete(ApplicationPart.java:53)
	at org.apache.catalina.connector.Request.recycle(Request.java:474)
	at org.apache.catalina.connector.CoyoteAdapter.service(CoyoteAdapter.java:421)
	at org.apache.coyote.http11.Http11Processor.service(Http11Processor.java:390)
	at org.apache.coyote.AbstractProcessorLight.process(AbstractProcessorLight.java:63)
	at org.apache.coyote.AbstractProtocol$ConnectionHandler.process(AbstractProtocol.java:926)
	at org.apache.tomcat.util.net.NioEndpoint$SocketProcessor.doRun(NioEndpoint.java:1791)
	at org.apache.tomcat.util.net.SocketProcessorBase.run(SocketProcessorBase.java:52)
	at org.apache.tomcat.util.threads.ThreadPoolExecutor.runWorker(ThreadPoolExecutor.java:1191)
	at org.apache.tomcat.util.threads.ThreadPoolExecutor$Worker.run(ThreadPoolExecutor.java:659)
	at org.apache.tomcat.util.threads.TaskThread$WrappingRunnable.run(TaskThread.java:61)
	at java.base/java.lang.Thread.run(Thread.java:1623)
Caused by: java.io.IOException: Cannot delete C:\Users\jiaoy\AppData\Local\Temp\tomcat.8080.522809976065220442\work\Tomcat\localhost\ROOT\upload_a4e6e357_2cf1_40ec_9810_f4709b95c405_00000003.tmp
	... 13 common frames omitted
[ERROR]2024-07-08 16:38:58,157 - Error reading request, ignored
java.io.UncheckedIOException: Cannot delete C:\Users\jiaoy\AppData\Local\Temp\tomcat.8080.522809976065220442\work\Tomcat\localhost\ROOT\upload_a4e6e357_2cf1_40ec_9810_f4709b95c405_00000003.tmp
	at org.apache.tomcat.util.http.fileupload.disk.DiskFileItem.delete(DiskFileItem.java:431)
	at org.apache.catalina.core.ApplicationPart.delete(ApplicationPart.java:53)
	at org.apache.catalina.connector.Request.recycle(Request.java:474)
	at org.apache.catalina.connector.CoyoteAdapter.log(CoyoteAdapter.java:494)
	at org.apache.coyote.http11.Http11Processor.service(Http11Processor.java:420)
	at org.apache.coyote.AbstractProcessorLight.process(AbstractProcessorLight.java:63)
	at org.apache.coyote.AbstractProtocol$ConnectionHandler.process(AbstractProtocol.java:926)
	at org.apache.tomcat.util.net.NioEndpoint$SocketProcessor.doRun(NioEndpoint.java:1791)
	at org.apache.tomcat.util.net.SocketProcessorBase.run(SocketProcessorBase.java:52)
	at org.apache.tomcat.util.threads.ThreadPoolExecutor.runWorker(ThreadPoolExecutor.java:1191)
	at org.apache.tomcat.util.threads.ThreadPoolExecutor$Worker.run(ThreadPoolExecutor.java:659)
	at org.apache.tomcat.util.threads.TaskThread$WrappingRunnable.run(TaskThread.java:61)
	at java.base/java.lang.Thread.run(Thread.java:1623)
Caused by: java.io.IOException: Cannot delete C:\Users\jiaoy\AppData\Local\Temp\tomcat.8080.522809976065220442\work\Tomcat\localhost\ROOT\upload_a4e6e357_2cf1_40ec_9810_f4709b95c405_00000003.tmp
	... 13 common frames omitted
[ERROR]2024-07-08 16:38:58,158 - Error running socket processor
java.io.UncheckedIOException: Cannot delete C:\Users\jiaoy\AppData\Local\Temp\tomcat.8080.522809976065220442\work\Tomcat\localhost\ROOT\upload_a4e6e357_2cf1_40ec_9810_f4709b95c405_00000003.tmp
	at org.apache.tomcat.util.http.fileupload.disk.DiskFileItem.delete(DiskFileItem.java:431)
	at org.apache.catalina.core.ApplicationPart.delete(ApplicationPart.java:53)
	at org.apache.catalina.connector.Request.recycle(Request.java:474)
	at org.apache.catalina.connector.CoyoteAdapter.log(CoyoteAdapter.java:494)
	at org.apache.catalina.connector.CoyoteAdapter.checkRecycled(CoyoteAdapter.java:517)
	at org.apache.coyote.http11.Http11Processor.recycle(Http11Processor.java:1417)
	at org.apache.coyote.AbstractProtocol$ConnectionHandler.release(AbstractProtocol.java:1129)
	at org.apache.coyote.AbstractProtocol$ConnectionHandler.process(AbstractProtocol.java:1090)
	at org.apache.tomcat.util.net.NioEndpoint$SocketProcessor.doRun(NioEndpoint.java:1791)
	at org.apache.tomcat.util.net.SocketProcessorBase.run(SocketProcessorBase.java:52)
	at org.apache.tomcat.util.threads.ThreadPoolExecutor.runWorker(ThreadPoolExecutor.java:1191)
	at org.apache.tomcat.util.threads.ThreadPoolExecutor$Worker.run(ThreadPoolExecutor.java:659)
	at org.apache.tomcat.util.threads.TaskThread$WrappingRunnable.run(TaskThread.java:61)
	at java.base/java.lang.Thread.run(Thread.java:1623)
Caused by: java.io.IOException: Cannot delete C:\Users\jiaoy\AppData\Local\Temp\tomcat.8080.522809976065220442\work\Tomcat\localhost\ROOT\upload_a4e6e357_2cf1_40ec_9810_f4709b95c405_00000003.tmp
	... 14 common frames omitted
[INFO]2024-07-08 16:39:07,112 - Closing JPA EntityManagerFactory for persistence unit 'default'
[INFO]2024-07-08 16:39:07,115 - HikariPool-1 - Shutdown initiated...
[INFO]2024-07-08 16:39:07,120 - HikariPool-1 - Shutdown completed.
[INFO]2024-07-08 16:39:12,725 - Starting SpringbootApplication using Java 20.0.1 on LAPTOP-L2BN52PD with PID 22724 (E:\shixi\springboot\target\classes started by jiaoy in E:\shixi\springboot)
[INFO]2024-07-08 16:39:12,726 - No active profile set, falling back to 1 default profile: "default"
[INFO]2024-07-08 16:39:12,772 - Devtools property defaults active! Set 'spring.devtools.add-properties' to 'false' to disable
[INFO]2024-07-08 16:39:12,772 - For additional web related logging consider setting the 'logging.level.web' property to 'DEBUG'
[INFO]2024-07-08 16:39:13,443 - Multiple Spring Data modules found, entering strict repository configuration mode
[INFO]2024-07-08 16:39:13,444 - Bootstrapping Spring Data JPA repositories in DEFAULT mode.
[INFO]2024-07-08 16:39:13,461 - Finished Spring Data repository scanning in 9 ms. Found 0 JPA repository interfaces.
[INFO]2024-07-08 16:39:13,474 - Multiple Spring Data modules found, entering strict repository configuration mode
[INFO]2024-07-08 16:39:13,475 - Bootstrapping Spring Data Redis repositories in DEFAULT mode.
[INFO]2024-07-08 16:39:13,485 - Finished Spring Data repository scanning in 4 ms. Found 0 Redis repository interfaces.
[INFO]2024-07-08 16:39:13,996 - Tomcat initialized with port(s): 8080 (http)
[INFO]2024-07-08 16:39:13,996 - Loaded Apache Tomcat Native library [1.3.0] using APR version [1.7.4].
[INFO]2024-07-08 16:39:13,996 - APR capabilities: IPv6 [true], sendfile [true], accept filters [false], random [true], UDS [true].
[INFO]2024-07-08 16:39:13,996 - APR/OpenSSL configuration: useAprConnector [false], useOpenSSL [true]
[INFO]2024-07-08 16:39:14,001 - OpenSSL successfully initialized [OpenSSL 3.0.13 30 Jan 2024]
[INFO]2024-07-08 16:39:14,007 - Initializing ProtocolHandler ["http-nio-8080"]
[INFO]2024-07-08 16:39:14,008 - Starting service [Tomcat]
[INFO]2024-07-08 16:39:14,008 - Starting Servlet engine: [Apache Tomcat/9.0.76]
[INFO]2024-07-08 16:39:14,135 - Initializing Spring embedded WebApplicationContext
[INFO]2024-07-08 16:39:14,135 - Root WebApplicationContext: initialization completed in 1363 ms
[INFO]2024-07-08 16:39:14,285 - HikariPool-1 - Starting...
[WARN]2024-07-08 16:39:14,287 - Registered driver with driverClassName=com.mysql.jdbc.Driver was not found, trying direct instantiation.
[INFO]2024-07-08 16:39:14,382 - HikariPool-1 - Start completed.
[INFO]2024-07-08 16:39:14,443 - HHH000412: Hibernate ORM core version 5.6.15.Final
[INFO]2024-07-08 16:39:14,532 - HCANN000001: Hibernate Commons Annotations {5.1.2.Final}
[INFO]2024-07-08 16:39:14,609 - HHH000400: Using dialect: org.hibernate.dialect.MySQL55Dialect
[INFO]2024-07-08 16:39:14,701 - HHH000490: Using JtaPlatform implementation: [org.hibernate.engine.transaction.jta.platform.internal.NoJtaPlatform]
[INFO]2024-07-08 16:39:14,708 - Initialized JPA EntityManagerFactory for persistence unit 'default'
[INFO]2024-07-08 16:39:15,201 - 自定义Redis配置--
[WARN]2024-07-08 16:39:15,249 - spring.jpa.open-in-view is enabled by default. Therefore, database queries may be performed during view rendering. Explicitly configure spring.jpa.open-in-view to disable this warning
[INFO]2024-07-08 16:39:15,363 - Adding welcome page template: index
[INFO]2024-07-08 16:39:15,608 - LiveReload server is running on port 35729
[INFO]2024-07-08 16:39:15,628 - Starting ProtocolHandler ["http-nio-8080"]
[INFO]2024-07-08 16:39:15,647 - Tomcat started on port(s): 8080 (http) with context path ''
[INFO]2024-07-08 16:39:15,661 - Started SpringbootApplication in 3.277 seconds (JVM running for 3.987)
[INFO]2024-07-08 16:39:27,686 - Initializing Spring DispatcherServlet 'dispatcherServlet'
[INFO]2024-07-08 16:39:27,686 - Initializing Servlet 'dispatcherServlet'
[INFO]2024-07-08 16:39:27,687 - Completed initialization in 1 ms
[WARN]2024-07-08 16:40:47,643 - Resolved [org.springframework.web.bind.MissingServletRequestParameterException: Required request parameter 'teamId' for method parameter type String is not present]
[WARN]2024-07-08 16:40:54,080 - Resolved [org.springframework.web.bind.MissingServletRequestParameterException: Required request parameter 'teamId' for method parameter type String is not present]
[WARN]2024-07-08 16:41:25,895 - Failed to perform cleanup of multipart items
java.io.UncheckedIOException: Cannot delete C:\Users\jiaoy\AppData\Local\Temp\tomcat.8080.2071747647797070200\work\Tomcat\localhost\ROOT\upload_015b364a_2dc3_430f_93ca_25ca0b2fd895_00000004.tmp
	at org.apache.tomcat.util.http.fileupload.disk.DiskFileItem.delete(DiskFileItem.java:431)
	at org.apache.catalina.core.ApplicationPart.delete(ApplicationPart.java:53)
	at org.springframework.web.multipart.support.StandardServletMultipartResolver.cleanupMultipart(StandardServletMultipartResolver.java:134)
	at org.springframework.web.servlet.DispatcherServlet.cleanupMultipart(DispatcherServlet.java:1251)
	at org.springframework.web.servlet.DispatcherServlet.doDispatch(DispatcherServlet.java:1108)
	at org.springframework.web.servlet.DispatcherServlet.doService(DispatcherServlet.java:965)
	at org.springframework.web.servlet.FrameworkServlet.processRequest(FrameworkServlet.java:1006)
	at org.springframework.web.servlet.FrameworkServlet.doPost(FrameworkServlet.java:909)
	at javax.servlet.http.HttpServlet.service(HttpServlet.java:555)
	at org.springframework.web.servlet.FrameworkServlet.service(FrameworkServlet.java:883)
	at javax.servlet.http.HttpServlet.service(HttpServlet.java:623)
	at org.apache.catalina.core.ApplicationFilterChain.internalDoFilter(ApplicationFilterChain.java:209)
	at org.apache.catalina.core.ApplicationFilterChain.doFilter(ApplicationFilterChain.java:153)
	at org.apache.tomcat.websocket.server.WsFilter.doFilter(WsFilter.java:51)
	at org.apache.catalina.core.ApplicationFilterChain.internalDoFilter(ApplicationFilterChain.java:178)
	at org.apache.catalina.core.ApplicationFilterChain.doFilter(ApplicationFilterChain.java:153)
	at org.springframework.web.filter.RequestContextFilter.doFilterInternal(RequestContextFilter.java:100)
	at org.springframework.web.filter.OncePerRequestFilter.doFilter(OncePerRequestFilter.java:117)
	at org.apache.catalina.core.ApplicationFilterChain.internalDoFilter(ApplicationFilterChain.java:178)
	at org.apache.catalina.core.ApplicationFilterChain.doFilter(ApplicationFilterChain.java:153)
	at org.springframework.web.filter.FormContentFilter.doFilterInternal(FormContentFilter.java:93)
	at org.springframework.web.filter.OncePerRequestFilter.doFilter(OncePerRequestFilter.java:117)
	at org.apache.catalina.core.ApplicationFilterChain.internalDoFilter(ApplicationFilterChain.java:178)
	at org.apache.catalina.core.ApplicationFilterChain.doFilter(ApplicationFilterChain.java:153)
	at javax.servlet.http.HttpFilter.doFilter(HttpFilter.java:85)
	at com.hwadee.springboot.config.CorsFilter.doFilter(CorsFilter.java:57)
	at javax.servlet.http.HttpFilter.doFilter(HttpFilter.java:53)
	at org.apache.catalina.core.ApplicationFilterChain.internalDoFilter(ApplicationFilterChain.java:178)
	at org.apache.catalina.core.ApplicationFilterChain.doFilter(ApplicationFilterChain.java:153)
	at org.springframework.web.filter.CharacterEncodingFilter.doFilterInternal(CharacterEncodingFilter.java:201)
	at org.springframework.web.filter.OncePerRequestFilter.doFilter(OncePerRequestFilter.java:117)
	at org.apache.catalina.core.ApplicationFilterChain.internalDoFilter(ApplicationFilterChain.java:178)
	at org.apache.catalina.core.ApplicationFilterChain.doFilter(ApplicationFilterChain.java:153)
	at org.apache.catalina.core.StandardWrapperValve.invoke(StandardWrapperValve.java:167)
	at org.apache.catalina.core.StandardContextValve.invoke(StandardContextValve.java:90)
	at org.apache.catalina.authenticator.AuthenticatorBase.invoke(AuthenticatorBase.java:481)
	at org.apache.catalina.core.StandardHostValve.invoke(StandardHostValve.java:130)
	at org.apache.catalina.valves.ErrorReportValve.invoke(ErrorReportValve.java:93)
	at org.apache.catalina.core.StandardEngineValve.invoke(StandardEngineValve.java:74)
	at org.apache.catalina.connector.CoyoteAdapter.service(CoyoteAdapter.java:343)
	at org.apache.coyote.http11.Http11Processor.service(Http11Processor.java:390)
	at org.apache.coyote.AbstractProcessorLight.process(AbstractProcessorLight.java:63)
	at org.apache.coyote.AbstractProtocol$ConnectionHandler.process(AbstractProtocol.java:926)
	at org.apache.tomcat.util.net.NioEndpoint$SocketProcessor.doRun(NioEndpoint.java:1791)
	at org.apache.tomcat.util.net.SocketProcessorBase.run(SocketProcessorBase.java:52)
	at org.apache.tomcat.util.threads.ThreadPoolExecutor.runWorker(ThreadPoolExecutor.java:1191)
	at org.apache.tomcat.util.threads.ThreadPoolExecutor$Worker.run(ThreadPoolExecutor.java:659)
	at org.apache.tomcat.util.threads.TaskThread$WrappingRunnable.run(TaskThread.java:61)
	at java.base/java.lang.Thread.run(Thread.java:1623)
Caused by: java.io.IOException: Cannot delete C:\Users\jiaoy\AppData\Local\Temp\tomcat.8080.2071747647797070200\work\Tomcat\localhost\ROOT\upload_015b364a_2dc3_430f_93ca_25ca0b2fd895_00000004.tmp
	... 49 common frames omitted
[ERROR]2024-07-08 16:41:25,897 - Error processing request
java.io.UncheckedIOException: Cannot delete C:\Users\jiaoy\AppData\Local\Temp\tomcat.8080.2071747647797070200\work\Tomcat\localhost\ROOT\upload_015b364a_2dc3_430f_93ca_25ca0b2fd895_00000004.tmp
	at org.apache.tomcat.util.http.fileupload.disk.DiskFileItem.delete(DiskFileItem.java:431)
	at org.apache.catalina.core.ApplicationPart.delete(ApplicationPart.java:53)
	at org.apache.catalina.connector.Request.recycle(Request.java:474)
	at org.apache.catalina.connector.CoyoteAdapter.service(CoyoteAdapter.java:421)
	at org.apache.coyote.http11.Http11Processor.service(Http11Processor.java:390)
	at org.apache.coyote.AbstractProcessorLight.process(AbstractProcessorLight.java:63)
	at org.apache.coyote.AbstractProtocol$ConnectionHandler.process(AbstractProtocol.java:926)
	at org.apache.tomcat.util.net.NioEndpoint$SocketProcessor.doRun(NioEndpoint.java:1791)
	at org.apache.tomcat.util.net.SocketProcessorBase.run(SocketProcessorBase.java:52)
	at org.apache.tomcat.util.threads.ThreadPoolExecutor.runWorker(ThreadPoolExecutor.java:1191)
	at org.apache.tomcat.util.threads.ThreadPoolExecutor$Worker.run(ThreadPoolExecutor.java:659)
	at org.apache.tomcat.util.threads.TaskThread$WrappingRunnable.run(TaskThread.java:61)
	at java.base/java.lang.Thread.run(Thread.java:1623)
Caused by: java.io.IOException: Cannot delete C:\Users\jiaoy\AppData\Local\Temp\tomcat.8080.2071747647797070200\work\Tomcat\localhost\ROOT\upload_015b364a_2dc3_430f_93ca_25ca0b2fd895_00000004.tmp
	... 13 common frames omitted
[ERROR]2024-07-08 16:41:25,898 - Error reading request, ignored
java.io.UncheckedIOException: Cannot delete C:\Users\jiaoy\AppData\Local\Temp\tomcat.8080.2071747647797070200\work\Tomcat\localhost\ROOT\upload_015b364a_2dc3_430f_93ca_25ca0b2fd895_00000004.tmp
	at org.apache.tomcat.util.http.fileupload.disk.DiskFileItem.delete(DiskFileItem.java:431)
	at org.apache.catalina.core.ApplicationPart.delete(ApplicationPart.java:53)
	at org.apache.catalina.connector.Request.recycle(Request.java:474)
	at org.apache.catalina.connector.CoyoteAdapter.log(CoyoteAdapter.java:494)
	at org.apache.coyote.http11.Http11Processor.service(Http11Processor.java:420)
	at org.apache.coyote.AbstractProcessorLight.process(AbstractProcessorLight.java:63)
	at org.apache.coyote.AbstractProtocol$ConnectionHandler.process(AbstractProtocol.java:926)
	at org.apache.tomcat.util.net.NioEndpoint$SocketProcessor.doRun(NioEndpoint.java:1791)
	at org.apache.tomcat.util.net.SocketProcessorBase.run(SocketProcessorBase.java:52)
	at org.apache.tomcat.util.threads.ThreadPoolExecutor.runWorker(ThreadPoolExecutor.java:1191)
	at org.apache.tomcat.util.threads.ThreadPoolExecutor$Worker.run(ThreadPoolExecutor.java:659)
	at org.apache.tomcat.util.threads.TaskThread$WrappingRunnable.run(TaskThread.java:61)
	at java.base/java.lang.Thread.run(Thread.java:1623)
Caused by: java.io.IOException: Cannot delete C:\Users\jiaoy\AppData\Local\Temp\tomcat.8080.2071747647797070200\work\Tomcat\localhost\ROOT\upload_015b364a_2dc3_430f_93ca_25ca0b2fd895_00000004.tmp
	... 13 common frames omitted
[ERROR]2024-07-08 16:41:25,899 - Error running socket processor
java.io.UncheckedIOException: Cannot delete C:\Users\jiaoy\AppData\Local\Temp\tomcat.8080.2071747647797070200\work\Tomcat\localhost\ROOT\upload_015b364a_2dc3_430f_93ca_25ca0b2fd895_00000004.tmp
	at org.apache.tomcat.util.http.fileupload.disk.DiskFileItem.delete(DiskFileItem.java:431)
	at org.apache.catalina.core.ApplicationPart.delete(ApplicationPart.java:53)
	at org.apache.catalina.connector.Request.recycle(Request.java:474)
	at org.apache.catalina.connector.CoyoteAdapter.log(CoyoteAdapter.java:494)
	at org.apache.catalina.connector.CoyoteAdapter.checkRecycled(CoyoteAdapter.java:517)
	at org.apache.coyote.http11.Http11Processor.recycle(Http11Processor.java:1417)
	at org.apache.coyote.AbstractProtocol$ConnectionHandler.release(AbstractProtocol.java:1129)
	at org.apache.coyote.AbstractProtocol$ConnectionHandler.process(AbstractProtocol.java:1090)
	at org.apache.tomcat.util.net.NioEndpoint$SocketProcessor.doRun(NioEndpoint.java:1791)
	at org.apache.tomcat.util.net.SocketProcessorBase.run(SocketProcessorBase.java:52)
	at org.apache.tomcat.util.threads.ThreadPoolExecutor.runWorker(ThreadPoolExecutor.java:1191)
	at org.apache.tomcat.util.threads.ThreadPoolExecutor$Worker.run(ThreadPoolExecutor.java:659)
	at org.apache.tomcat.util.threads.TaskThread$WrappingRunnable.run(TaskThread.java:61)
	at java.base/java.lang.Thread.run(Thread.java:1623)
Caused by: java.io.IOException: Cannot delete C:\Users\jiaoy\AppData\Local\Temp\tomcat.8080.2071747647797070200\work\Tomcat\localhost\ROOT\upload_015b364a_2dc3_430f_93ca_25ca0b2fd895_00000004.tmp
	... 14 common frames omitted
[INFO]2024-07-08 16:41:30,699 - Closing JPA EntityManagerFactory for persistence unit 'default'
[INFO]2024-07-08 16:41:30,702 - HikariPool-1 - Shutdown initiated...
[INFO]2024-07-08 16:41:30,706 - HikariPool-1 - Shutdown completed.
[INFO]2024-07-08 16:41:35,940 - Starting SpringbootApplication using Java 20.0.1 on LAPTOP-L2BN52PD with PID 36712 (E:\shixi\springboot\target\classes started by jiaoy in E:\shixi\springboot)
[INFO]2024-07-08 16:41:35,941 - No active profile set, falling back to 1 default profile: "default"
[INFO]2024-07-08 16:41:35,989 - Devtools property defaults active! Set 'spring.devtools.add-properties' to 'false' to disable
[INFO]2024-07-08 16:41:35,989 - For additional web related logging consider setting the 'logging.level.web' property to 'DEBUG'
[INFO]2024-07-08 16:41:36,604 - Multiple Spring Data modules found, entering strict repository configuration mode
[INFO]2024-07-08 16:41:36,604 - Bootstrapping Spring Data JPA repositories in DEFAULT mode.
[INFO]2024-07-08 16:41:36,622 - Finished Spring Data repository scanning in 11 ms. Found 0 JPA repository interfaces.
[INFO]2024-07-08 16:41:36,633 - Multiple Spring Data modules found, entering strict repository configuration mode
[INFO]2024-07-08 16:41:36,633 - Bootstrapping Spring Data Redis repositories in DEFAULT mode.
[INFO]2024-07-08 16:41:36,641 - Finished Spring Data repository scanning in 3 ms. Found 0 Redis repository interfaces.
[INFO]2024-07-08 16:41:37,079 - Tomcat initialized with port(s): 8080 (http)
[INFO]2024-07-08 16:41:37,080 - Loaded Apache Tomcat Native library [1.3.0] using APR version [1.7.4].
[INFO]2024-07-08 16:41:37,080 - APR capabilities: IPv6 [true], sendfile [true], accept filters [false], random [true], UDS [true].
[INFO]2024-07-08 16:41:37,080 - APR/OpenSSL configuration: useAprConnector [false], useOpenSSL [true]
[INFO]2024-07-08 16:41:37,085 - OpenSSL successfully initialized [OpenSSL 3.0.13 30 Jan 2024]
[INFO]2024-07-08 16:41:37,090 - Initializing ProtocolHandler ["http-nio-8080"]
[INFO]2024-07-08 16:41:37,091 - Starting service [Tomcat]
[INFO]2024-07-08 16:41:37,091 - Starting Servlet engine: [Apache Tomcat/9.0.76]
[INFO]2024-07-08 16:41:37,150 - Initializing Spring embedded WebApplicationContext
[INFO]2024-07-08 16:41:37,150 - Root WebApplicationContext: initialization completed in 1161 ms
[INFO]2024-07-08 16:41:37,258 - HikariPool-1 - Starting...
[WARN]2024-07-08 16:41:37,261 - Registered driver with driverClassName=com.mysql.jdbc.Driver was not found, trying direct instantiation.
[INFO]2024-07-08 16:41:37,360 - HikariPool-1 - Start completed.
[INFO]2024-07-08 16:41:37,423 - HHH000412: Hibernate ORM core version 5.6.15.Final
[INFO]2024-07-08 16:41:37,521 - HCANN000001: Hibernate Commons Annotations {5.1.2.Final}
[INFO]2024-07-08 16:41:37,598 - HHH000400: Using dialect: org.hibernate.dialect.MySQL55Dialect
[INFO]2024-07-08 16:41:37,683 - HHH000490: Using JtaPlatform implementation: [org.hibernate.engine.transaction.jta.platform.internal.NoJtaPlatform]
[INFO]2024-07-08 16:41:37,691 - Initialized JPA EntityManagerFactory for persistence unit 'default'
[INFO]2024-07-08 16:41:38,120 - 自定义Redis配置--
[WARN]2024-07-08 16:41:38,168 - spring.jpa.open-in-view is enabled by default. Therefore, database queries may be performed during view rendering. Explicitly configure spring.jpa.open-in-view to disable this warning
[INFO]2024-07-08 16:41:38,294 - Adding welcome page template: index
[INFO]2024-07-08 16:41:38,530 - LiveReload server is running on port 35729
[INFO]2024-07-08 16:41:38,550 - Starting ProtocolHandler ["http-nio-8080"]
[INFO]2024-07-08 16:41:38,563 - Tomcat started on port(s): 8080 (http) with context path ''
[INFO]2024-07-08 16:41:38,579 - Started SpringbootApplication in 2.992 seconds (JVM running for 3.611)
[INFO]2024-07-08 16:41:47,096 - Initializing Spring DispatcherServlet 'dispatcherServlet'
[INFO]2024-07-08 16:41:47,096 - Initializing Servlet 'dispatcherServlet'
[INFO]2024-07-08 16:41:47,098 - Completed initialization in 2 ms
[WARN]2024-07-08 16:47:52,818 - Resolved [org.springframework.web.multipart.support.MissingServletRequestPartException: Required request part 'avatar' is not present]
[WARN]2024-07-08 16:48:02,835 - Failed to perform cleanup of multipart items
java.io.UncheckedIOException: Cannot delete C:\Users\jiaoy\AppData\Local\Temp\tomcat.8080.12188086316766462991\work\Tomcat\localhost\ROOT\upload_e0ae3716_a64c_476a_8180_3629c755a707_00000001.tmp
	at org.apache.tomcat.util.http.fileupload.disk.DiskFileItem.delete(DiskFileItem.java:431)
	at org.apache.catalina.core.ApplicationPart.delete(ApplicationPart.java:53)
	at org.springframework.web.multipart.support.StandardServletMultipartResolver.cleanupMultipart(StandardServletMultipartResolver.java:134)
	at org.springframework.web.servlet.DispatcherServlet.cleanupMultipart(DispatcherServlet.java:1251)
	at org.springframework.web.servlet.DispatcherServlet.doDispatch(DispatcherServlet.java:1108)
	at org.springframework.web.servlet.DispatcherServlet.doService(DispatcherServlet.java:965)
	at org.springframework.web.servlet.FrameworkServlet.processRequest(FrameworkServlet.java:1006)
	at org.springframework.web.servlet.FrameworkServlet.doPost(FrameworkServlet.java:909)
	at javax.servlet.http.HttpServlet.service(HttpServlet.java:555)
	at org.springframework.web.servlet.FrameworkServlet.service(FrameworkServlet.java:883)
	at javax.servlet.http.HttpServlet.service(HttpServlet.java:623)
	at org.apache.catalina.core.ApplicationFilterChain.internalDoFilter(ApplicationFilterChain.java:209)
	at org.apache.catalina.core.ApplicationFilterChain.doFilter(ApplicationFilterChain.java:153)
	at org.apache.tomcat.websocket.server.WsFilter.doFilter(WsFilter.java:51)
	at org.apache.catalina.core.ApplicationFilterChain.internalDoFilter(ApplicationFilterChain.java:178)
	at org.apache.catalina.core.ApplicationFilterChain.doFilter(ApplicationFilterChain.java:153)
	at org.springframework.web.filter.RequestContextFilter.doFilterInternal(RequestContextFilter.java:100)
	at org.springframework.web.filter.OncePerRequestFilter.doFilter(OncePerRequestFilter.java:117)
	at org.apache.catalina.core.ApplicationFilterChain.internalDoFilter(ApplicationFilterChain.java:178)
	at org.apache.catalina.core.ApplicationFilterChain.doFilter(ApplicationFilterChain.java:153)
	at org.springframework.web.filter.FormContentFilter.doFilterInternal(FormContentFilter.java:93)
	at org.springframework.web.filter.OncePerRequestFilter.doFilter(OncePerRequestFilter.java:117)
	at org.apache.catalina.core.ApplicationFilterChain.internalDoFilter(ApplicationFilterChain.java:178)
	at org.apache.catalina.core.ApplicationFilterChain.doFilter(ApplicationFilterChain.java:153)
	at javax.servlet.http.HttpFilter.doFilter(HttpFilter.java:85)
	at com.hwadee.springboot.config.CorsFilter.doFilter(CorsFilter.java:57)
	at javax.servlet.http.HttpFilter.doFilter(HttpFilter.java:53)
	at org.apache.catalina.core.ApplicationFilterChain.internalDoFilter(ApplicationFilterChain.java:178)
	at org.apache.catalina.core.ApplicationFilterChain.doFilter(ApplicationFilterChain.java:153)
	at org.springframework.web.filter.CharacterEncodingFilter.doFilterInternal(CharacterEncodingFilter.java:201)
	at org.springframework.web.filter.OncePerRequestFilter.doFilter(OncePerRequestFilter.java:117)
	at org.apache.catalina.core.ApplicationFilterChain.internalDoFilter(ApplicationFilterChain.java:178)
	at org.apache.catalina.core.ApplicationFilterChain.doFilter(ApplicationFilterChain.java:153)
	at org.apache.catalina.core.StandardWrapperValve.invoke(StandardWrapperValve.java:167)
	at org.apache.catalina.core.StandardContextValve.invoke(StandardContextValve.java:90)
	at org.apache.catalina.authenticator.AuthenticatorBase.invoke(AuthenticatorBase.java:481)
	at org.apache.catalina.core.StandardHostValve.invoke(StandardHostValve.java:130)
	at org.apache.catalina.valves.ErrorReportValve.invoke(ErrorReportValve.java:93)
	at org.apache.catalina.core.StandardEngineValve.invoke(StandardEngineValve.java:74)
	at org.apache.catalina.connector.CoyoteAdapter.service(CoyoteAdapter.java:343)
	at org.apache.coyote.http11.Http11Processor.service(Http11Processor.java:390)
	at org.apache.coyote.AbstractProcessorLight.process(AbstractProcessorLight.java:63)
	at org.apache.coyote.AbstractProtocol$ConnectionHandler.process(AbstractProtocol.java:926)
	at org.apache.tomcat.util.net.NioEndpoint$SocketProcessor.doRun(NioEndpoint.java:1791)
	at org.apache.tomcat.util.net.SocketProcessorBase.run(SocketProcessorBase.java:52)
	at org.apache.tomcat.util.threads.ThreadPoolExecutor.runWorker(ThreadPoolExecutor.java:1191)
	at org.apache.tomcat.util.threads.ThreadPoolExecutor$Worker.run(ThreadPoolExecutor.java:659)
	at org.apache.tomcat.util.threads.TaskThread$WrappingRunnable.run(TaskThread.java:61)
	at java.base/java.lang.Thread.run(Thread.java:1623)
Caused by: java.io.IOException: Cannot delete C:\Users\jiaoy\AppData\Local\Temp\tomcat.8080.12188086316766462991\work\Tomcat\localhost\ROOT\upload_e0ae3716_a64c_476a_8180_3629c755a707_00000001.tmp
	... 49 common frames omitted
[ERROR]2024-07-08 16:48:02,836 - Error processing request
java.io.UncheckedIOException: Cannot delete C:\Users\jiaoy\AppData\Local\Temp\tomcat.8080.12188086316766462991\work\Tomcat\localhost\ROOT\upload_e0ae3716_a64c_476a_8180_3629c755a707_00000001.tmp
	at org.apache.tomcat.util.http.fileupload.disk.DiskFileItem.delete(DiskFileItem.java:431)
	at org.apache.catalina.core.ApplicationPart.delete(ApplicationPart.java:53)
	at org.apache.catalina.connector.Request.recycle(Request.java:474)
	at org.apache.catalina.connector.CoyoteAdapter.service(CoyoteAdapter.java:421)
	at org.apache.coyote.http11.Http11Processor.service(Http11Processor.java:390)
	at org.apache.coyote.AbstractProcessorLight.process(AbstractProcessorLight.java:63)
	at org.apache.coyote.AbstractProtocol$ConnectionHandler.process(AbstractProtocol.java:926)
	at org.apache.tomcat.util.net.NioEndpoint$SocketProcessor.doRun(NioEndpoint.java:1791)
	at org.apache.tomcat.util.net.SocketProcessorBase.run(SocketProcessorBase.java:52)
	at org.apache.tomcat.util.threads.ThreadPoolExecutor.runWorker(ThreadPoolExecutor.java:1191)
	at org.apache.tomcat.util.threads.ThreadPoolExecutor$Worker.run(ThreadPoolExecutor.java:659)
	at org.apache.tomcat.util.threads.TaskThread$WrappingRunnable.run(TaskThread.java:61)
	at java.base/java.lang.Thread.run(Thread.java:1623)
Caused by: java.io.IOException: Cannot delete C:\Users\jiaoy\AppData\Local\Temp\tomcat.8080.12188086316766462991\work\Tomcat\localhost\ROOT\upload_e0ae3716_a64c_476a_8180_3629c755a707_00000001.tmp
	... 13 common frames omitted
[ERROR]2024-07-08 16:48:02,837 - Error reading request, ignored
java.io.UncheckedIOException: Cannot delete C:\Users\jiaoy\AppData\Local\Temp\tomcat.8080.12188086316766462991\work\Tomcat\localhost\ROOT\upload_e0ae3716_a64c_476a_8180_3629c755a707_00000001.tmp
	at org.apache.tomcat.util.http.fileupload.disk.DiskFileItem.delete(DiskFileItem.java:431)
	at org.apache.catalina.core.ApplicationPart.delete(ApplicationPart.java:53)
	at org.apache.catalina.connector.Request.recycle(Request.java:474)
	at org.apache.catalina.connector.CoyoteAdapter.log(CoyoteAdapter.java:494)
	at org.apache.coyote.http11.Http11Processor.service(Http11Processor.java:420)
	at org.apache.coyote.AbstractProcessorLight.process(AbstractProcessorLight.java:63)
	at org.apache.coyote.AbstractProtocol$ConnectionHandler.process(AbstractProtocol.java:926)
	at org.apache.tomcat.util.net.NioEndpoint$SocketProcessor.doRun(NioEndpoint.java:1791)
	at org.apache.tomcat.util.net.SocketProcessorBase.run(SocketProcessorBase.java:52)
	at org.apache.tomcat.util.threads.ThreadPoolExecutor.runWorker(ThreadPoolExecutor.java:1191)
	at org.apache.tomcat.util.threads.ThreadPoolExecutor$Worker.run(ThreadPoolExecutor.java:659)
	at org.apache.tomcat.util.threads.TaskThread$WrappingRunnable.run(TaskThread.java:61)
	at java.base/java.lang.Thread.run(Thread.java:1623)
Caused by: java.io.IOException: Cannot delete C:\Users\jiaoy\AppData\Local\Temp\tomcat.8080.12188086316766462991\work\Tomcat\localhost\ROOT\upload_e0ae3716_a64c_476a_8180_3629c755a707_00000001.tmp
	... 13 common frames omitted
[ERROR]2024-07-08 16:48:02,837 - Error running socket processor
java.io.UncheckedIOException: Cannot delete C:\Users\jiaoy\AppData\Local\Temp\tomcat.8080.12188086316766462991\work\Tomcat\localhost\ROOT\upload_e0ae3716_a64c_476a_8180_3629c755a707_00000001.tmp
	at org.apache.tomcat.util.http.fileupload.disk.DiskFileItem.delete(DiskFileItem.java:431)
	at org.apache.catalina.core.ApplicationPart.delete(ApplicationPart.java:53)
	at org.apache.catalina.connector.Request.recycle(Request.java:474)
	at org.apache.catalina.connector.CoyoteAdapter.log(CoyoteAdapter.java:494)
	at org.apache.catalina.connector.CoyoteAdapter.checkRecycled(CoyoteAdapter.java:517)
	at org.apache.coyote.http11.Http11Processor.recycle(Http11Processor.java:1417)
	at org.apache.coyote.AbstractProtocol$ConnectionHandler.release(AbstractProtocol.java:1129)
	at org.apache.coyote.AbstractProtocol$ConnectionHandler.process(AbstractProtocol.java:1090)
	at org.apache.tomcat.util.net.NioEndpoint$SocketProcessor.doRun(NioEndpoint.java:1791)
	at org.apache.tomcat.util.net.SocketProcessorBase.run(SocketProcessorBase.java:52)
	at org.apache.tomcat.util.threads.ThreadPoolExecutor.runWorker(ThreadPoolExecutor.java:1191)
	at org.apache.tomcat.util.threads.ThreadPoolExecutor$Worker.run(ThreadPoolExecutor.java:659)
	at org.apache.tomcat.util.threads.TaskThread$WrappingRunnable.run(TaskThread.java:61)
	at java.base/java.lang.Thread.run(Thread.java:1623)
Caused by: java.io.IOException: Cannot delete C:\Users\jiaoy\AppData\Local\Temp\tomcat.8080.12188086316766462991\work\Tomcat\localhost\ROOT\upload_e0ae3716_a64c_476a_8180_3629c755a707_00000001.tmp
	... 14 common frames omitted
[INFO]2024-07-08 16:48:14,434 - Closing JPA EntityManagerFactory for persistence unit 'default'
[INFO]2024-07-08 16:48:14,437 - HikariPool-1 - Shutdown initiated...
[INFO]2024-07-08 16:48:14,442 - HikariPool-1 - Shutdown completed.
[INFO]2024-07-08 16:48:21,501 - Starting SpringbootApplication using Java 20.0.1 on LAPTOP-L2BN52PD with PID 46740 (E:\shixi\springboot\target\classes started by jiaoy in E:\shixi\springboot)
[INFO]2024-07-08 16:48:21,501 - No active profile set, falling back to 1 default profile: "default"
[INFO]2024-07-08 16:48:21,550 - Devtools property defaults active! Set 'spring.devtools.add-properties' to 'false' to disable
[INFO]2024-07-08 16:48:21,550 - For additional web related logging consider setting the 'logging.level.web' property to 'DEBUG'
[INFO]2024-07-08 16:48:22,375 - Multiple Spring Data modules found, entering strict repository configuration mode
[INFO]2024-07-08 16:48:22,375 - Bootstrapping Spring Data JPA repositories in DEFAULT mode.
[INFO]2024-07-08 16:48:22,394 - Finished Spring Data repository scanning in 10 ms. Found 0 JPA repository interfaces.
[INFO]2024-07-08 16:48:22,405 - Multiple Spring Data modules found, entering strict repository configuration mode
[INFO]2024-07-08 16:48:22,406 - Bootstrapping Spring Data Redis repositories in DEFAULT mode.
[INFO]2024-07-08 16:48:22,415 - Finished Spring Data repository scanning in 4 ms. Found 0 Redis repository interfaces.
[INFO]2024-07-08 16:48:22,910 - Tomcat initialized with port(s): 8080 (http)
[INFO]2024-07-08 16:48:22,911 - Loaded Apache Tomcat Native library [1.3.0] using APR version [1.7.4].
[INFO]2024-07-08 16:48:22,911 - APR capabilities: IPv6 [true], sendfile [true], accept filters [false], random [true], UDS [true].
[INFO]2024-07-08 16:48:22,911 - APR/OpenSSL configuration: useAprConnector [false], useOpenSSL [true]
[INFO]2024-07-08 16:48:22,917 - OpenSSL successfully initialized [OpenSSL 3.0.13 30 Jan 2024]
[INFO]2024-07-08 16:48:22,922 - Initializing ProtocolHandler ["http-nio-8080"]
[INFO]2024-07-08 16:48:22,923 - Starting service [Tomcat]
[INFO]2024-07-08 16:48:22,923 - Starting Servlet engine: [Apache Tomcat/9.0.76]
[INFO]2024-07-08 16:48:22,987 - Initializing Spring embedded WebApplicationContext
[INFO]2024-07-08 16:48:22,987 - Root WebApplicationContext: initialization completed in 1437 ms
[INFO]2024-07-08 16:48:23,105 - HikariPool-1 - Starting...
[WARN]2024-07-08 16:48:23,106 - Registered driver with driverClassName=com.mysql.jdbc.Driver was not found, trying direct instantiation.
[INFO]2024-07-08 16:48:23,203 - HikariPool-1 - Start completed.
[INFO]2024-07-08 16:48:23,264 - HHH000412: Hibernate ORM core version 5.6.15.Final
[INFO]2024-07-08 16:48:23,357 - HCANN000001: Hibernate Commons Annotations {5.1.2.Final}
[INFO]2024-07-08 16:48:23,433 - HHH000400: Using dialect: org.hibernate.dialect.MySQL55Dialect
[INFO]2024-07-08 16:48:23,521 - HHH000490: Using JtaPlatform implementation: [org.hibernate.engine.transaction.jta.platform.internal.NoJtaPlatform]
[INFO]2024-07-08 16:48:23,529 - Initialized JPA EntityManagerFactory for persistence unit 'default'
[INFO]2024-07-08 16:48:23,991 - 自定义Redis配置--
[WARN]2024-07-08 16:48:24,039 - spring.jpa.open-in-view is enabled by default. Therefore, database queries may be performed during view rendering. Explicitly configure spring.jpa.open-in-view to disable this warning
[INFO]2024-07-08 16:48:24,164 - Adding welcome page template: index
[INFO]2024-07-08 16:48:24,425 - LiveReload server is running on port 35729
[INFO]2024-07-08 16:48:24,449 - Starting ProtocolHandler ["http-nio-8080"]
[INFO]2024-07-08 16:48:24,463 - Tomcat started on port(s): 8080 (http) with context path ''
[INFO]2024-07-08 16:48:24,481 - Started SpringbootApplication in 3.347 seconds (JVM running for 3.967)
[INFO]2024-07-08 16:48:37,830 - Initializing Spring DispatcherServlet 'dispatcherServlet'
[INFO]2024-07-08 16:48:37,830 - Initializing Servlet 'dispatcherServlet'
[INFO]2024-07-08 16:48:37,831 - Completed initialization in 1 ms
[INFO]2024-07-08 16:49:21,998 - Closing JPA EntityManagerFactory for persistence unit 'default'
[INFO]2024-07-08 16:49:22,003 - HikariPool-1 - Shutdown initiated...
[INFO]2024-07-08 16:49:22,011 - HikariPool-1 - Shutdown completed.
[INFO]2024-07-08 16:49:28,509 - Starting SpringbootApplication using Java 20.0.1 on LAPTOP-L2BN52PD with PID 16032 (E:\shixi\springboot\target\classes started by jiaoy in E:\shixi\springboot)
[INFO]2024-07-08 16:49:28,509 - No active profile set, falling back to 1 default profile: "default"
[INFO]2024-07-08 16:49:28,549 - Devtools property defaults active! Set 'spring.devtools.add-properties' to 'false' to disable
[INFO]2024-07-08 16:49:28,549 - For additional web related logging consider setting the 'logging.level.web' property to 'DEBUG'
[INFO]2024-07-08 16:49:29,207 - Multiple Spring Data modules found, entering strict repository configuration mode
[INFO]2024-07-08 16:49:29,207 - Bootstrapping Spring Data JPA repositories in DEFAULT mode.
[INFO]2024-07-08 16:49:29,224 - Finished Spring Data repository scanning in 10 ms. Found 0 JPA repository interfaces.
[INFO]2024-07-08 16:49:29,240 - Multiple Spring Data modules found, entering strict repository configuration mode
[INFO]2024-07-08 16:49:29,240 - Bootstrapping Spring Data Redis repositories in DEFAULT mode.
[INFO]2024-07-08 16:49:29,249 - Finished Spring Data repository scanning in 3 ms. Found 0 Redis repository interfaces.
[INFO]2024-07-08 16:49:29,731 - Tomcat initialized with port(s): 8080 (http)
[INFO]2024-07-08 16:49:29,732 - Loaded Apache Tomcat Native library [1.3.0] using APR version [1.7.4].
[INFO]2024-07-08 16:49:29,732 - APR capabilities: IPv6 [true], sendfile [true], accept filters [false], random [true], UDS [true].
[INFO]2024-07-08 16:49:29,733 - APR/OpenSSL configuration: useAprConnector [false], useOpenSSL [true]
[INFO]2024-07-08 16:49:29,737 - OpenSSL successfully initialized [OpenSSL 3.0.13 30 Jan 2024]
[INFO]2024-07-08 16:49:29,742 - Initializing ProtocolHandler ["http-nio-8080"]
[INFO]2024-07-08 16:49:29,743 - Starting service [Tomcat]
[INFO]2024-07-08 16:49:29,744 - Starting Servlet engine: [Apache Tomcat/9.0.76]
[INFO]2024-07-08 16:49:29,799 - Initializing Spring embedded WebApplicationContext
[INFO]2024-07-08 16:49:29,799 - Root WebApplicationContext: initialization completed in 1250 ms
[INFO]2024-07-08 16:49:29,908 - HikariPool-1 - Starting...
[WARN]2024-07-08 16:49:29,910 - Registered driver with driverClassName=com.mysql.jdbc.Driver was not found, trying direct instantiation.
[INFO]2024-07-08 16:49:29,996 - HikariPool-1 - Start completed.
[INFO]2024-07-08 16:49:30,053 - HHH000412: Hibernate ORM core version 5.6.15.Final
[INFO]2024-07-08 16:49:30,144 - HCANN000001: Hibernate Commons Annotations {5.1.2.Final}
[INFO]2024-07-08 16:49:30,219 - HHH000400: Using dialect: org.hibernate.dialect.MySQL55Dialect
[INFO]2024-07-08 16:49:30,306 - HHH000490: Using JtaPlatform implementation: [org.hibernate.engine.transaction.jta.platform.internal.NoJtaPlatform]
[INFO]2024-07-08 16:49:30,313 - Initialized JPA EntityManagerFactory for persistence unit 'default'
[INFO]2024-07-08 16:49:30,752 - 自定义Redis配置--
[WARN]2024-07-08 16:49:30,797 - spring.jpa.open-in-view is enabled by default. Therefore, database queries may be performed during view rendering. Explicitly configure spring.jpa.open-in-view to disable this warning
[INFO]2024-07-08 16:49:30,912 - Adding welcome page template: index
[INFO]2024-07-08 16:49:31,125 - LiveReload server is running on port 35729
[INFO]2024-07-08 16:49:31,142 - Starting ProtocolHandler ["http-nio-8080"]
[INFO]2024-07-08 16:49:31,164 - Tomcat started on port(s): 8080 (http) with context path ''
[INFO]2024-07-08 16:49:31,181 - Started SpringbootApplication in 3.033 seconds (JVM running for 3.701)
[INFO]2024-07-08 16:49:32,946 - Initializing Spring DispatcherServlet 'dispatcherServlet'
[INFO]2024-07-08 16:49:32,947 - Initializing Servlet 'dispatcherServlet'
[INFO]2024-07-08 16:49:32,948 - Completed initialization in 1 ms
[WARN]2024-07-08 16:49:33,294 - Failure in @ExceptionHandler com.hwadee.springboot.exception.GlobalExceptionHandler#exceptionHandler(Exception)
org.apache.catalina.connector.ClientAbortException: java.io.IOException: 你的主机中的软件中止了一个已建立的连接。
	at org.apache.catalina.connector.OutputBuffer.realWriteBytes(OutputBuffer.java:351)
	at org.apache.catalina.connector.OutputBuffer.flushByteBuffer(OutputBuffer.java:784)
	at org.apache.catalina.connector.OutputBuffer.doFlush(OutputBuffer.java:298)
	at org.apache.catalina.connector.OutputBuffer.flush(OutputBuffer.java:271)
	at org.apache.catalina.connector.CoyoteOutputStream.flush(CoyoteOutputStream.java:120)
	at java.base/java.io.FilterOutputStream.flush(FilterOutputStream.java:154)
	at com.fasterxml.jackson.core.json.UTF8JsonGenerator.flush(UTF8JsonGenerator.java:1187)
	at com.fasterxml.jackson.databind.ObjectWriter.writeValue(ObjectWriter.java:1009)
	at org.springframework.http.converter.json.AbstractJackson2HttpMessageConverter.writeInternal(AbstractJackson2HttpMessageConverter.java:456)
	at org.springframework.http.converter.AbstractGenericHttpMessageConverter.write(AbstractGenericHttpMessageConverter.java:104)
	at org.springframework.web.servlet.mvc.method.annotation.AbstractMessageConverterMethodProcessor.writeWithMessageConverters(AbstractMessageConverterMethodProcessor.java:290)
	at org.springframework.web.servlet.mvc.method.annotation.RequestResponseBodyMethodProcessor.handleReturnValue(RequestResponseBodyMethodProcessor.java:183)
	at org.springframework.web.method.support.HandlerMethodReturnValueHandlerComposite.handleReturnValue(HandlerMethodReturnValueHandlerComposite.java:78)
	at org.springframework.web.servlet.mvc.method.annotation.ServletInvocableHandlerMethod.invokeAndHandle(ServletInvocableHandlerMethod.java:135)
	at org.springframework.web.servlet.mvc.method.annotation.ExceptionHandlerExceptionResolver.doResolveHandlerMethodException(ExceptionHandlerExceptionResolver.java:428)
	at org.springframework.web.servlet.handler.AbstractHandlerMethodExceptionResolver.doResolveException(AbstractHandlerMethodExceptionResolver.java:75)
	at org.springframework.web.servlet.handler.AbstractHandlerExceptionResolver.resolveException(AbstractHandlerExceptionResolver.java:142)
	at org.springframework.web.servlet.handler.HandlerExceptionResolverComposite.resolveException(HandlerExceptionResolverComposite.java:80)
	at org.springframework.web.servlet.DispatcherServlet.processHandlerException(DispatcherServlet.java:1332)
	at org.springframework.web.servlet.DispatcherServlet.processDispatchResult(DispatcherServlet.java:1143)
	at org.springframework.web.servlet.DispatcherServlet.doDispatch(DispatcherServlet.java:1089)
	at org.springframework.web.servlet.DispatcherServlet.doService(DispatcherServlet.java:965)
	at org.springframework.web.servlet.FrameworkServlet.processRequest(FrameworkServlet.java:1006)
	at org.springframework.web.servlet.FrameworkServlet.doPost(FrameworkServlet.java:909)
	at javax.servlet.http.HttpServlet.service(HttpServlet.java:555)
	at org.springframework.web.servlet.FrameworkServlet.service(FrameworkServlet.java:883)
	at javax.servlet.http.HttpServlet.service(HttpServlet.java:623)
	at org.apache.catalina.core.ApplicationFilterChain.internalDoFilter(ApplicationFilterChain.java:209)
	at org.apache.catalina.core.ApplicationFilterChain.doFilter(ApplicationFilterChain.java:153)
	at org.apache.tomcat.websocket.server.WsFilter.doFilter(WsFilter.java:51)
	at org.apache.catalina.core.ApplicationFilterChain.internalDoFilter(ApplicationFilterChain.java:178)
	at org.apache.catalina.core.ApplicationFilterChain.doFilter(ApplicationFilterChain.java:153)
	at org.springframework.web.filter.RequestContextFilter.doFilterInternal(RequestContextFilter.java:100)
	at org.springframework.web.filter.OncePerRequestFilter.doFilter(OncePerRequestFilter.java:117)
	at org.apache.catalina.core.ApplicationFilterChain.internalDoFilter(ApplicationFilterChain.java:178)
	at org.apache.catalina.core.ApplicationFilterChain.doFilter(ApplicationFilterChain.java:153)
	at org.springframework.web.filter.FormContentFilter.doFilterInternal(FormContentFilter.java:93)
	at org.springframework.web.filter.OncePerRequestFilter.doFilter(OncePerRequestFilter.java:117)
	at org.apache.catalina.core.ApplicationFilterChain.internalDoFilter(ApplicationFilterChain.java:178)
	at org.apache.catalina.core.ApplicationFilterChain.doFilter(ApplicationFilterChain.java:153)
	at javax.servlet.http.HttpFilter.doFilter(HttpFilter.java:85)
	at com.hwadee.springboot.config.CorsFilter.doFilter(CorsFilter.java:57)
	at javax.servlet.http.HttpFilter.doFilter(HttpFilter.java:53)
	at org.apache.catalina.core.ApplicationFilterChain.internalDoFilter(ApplicationFilterChain.java:178)
	at org.apache.catalina.core.ApplicationFilterChain.doFilter(ApplicationFilterChain.java:153)
	at org.springframework.web.filter.CharacterEncodingFilter.doFilterInternal(CharacterEncodingFilter.java:201)
	at org.springframework.web.filter.OncePerRequestFilter.doFilter(OncePerRequestFilter.java:117)
	at org.apache.catalina.core.ApplicationFilterChain.internalDoFilter(ApplicationFilterChain.java:178)
	at org.apache.catalina.core.ApplicationFilterChain.doFilter(ApplicationFilterChain.java:153)
	at org.apache.catalina.core.StandardWrapperValve.invoke(StandardWrapperValve.java:167)
	at org.apache.catalina.core.StandardContextValve.invoke(StandardContextValve.java:90)
	at org.apache.catalina.authenticator.AuthenticatorBase.invoke(AuthenticatorBase.java:481)
	at org.apache.catalina.core.StandardHostValve.invoke(StandardHostValve.java:130)
	at org.apache.catalina.valves.ErrorReportValve.invoke(ErrorReportValve.java:93)
	at org.apache.catalina.core.StandardEngineValve.invoke(StandardEngineValve.java:74)
	at org.apache.catalina.connector.CoyoteAdapter.service(CoyoteAdapter.java:343)
	at org.apache.coyote.http11.Http11Processor.service(Http11Processor.java:390)
	at org.apache.coyote.AbstractProcessorLight.process(AbstractProcessorLight.java:63)
	at org.apache.coyote.AbstractProtocol$ConnectionHandler.process(AbstractProtocol.java:926)
	at org.apache.tomcat.util.net.NioEndpoint$SocketProcessor.doRun(NioEndpoint.java:1791)
	at org.apache.tomcat.util.net.SocketProcessorBase.run(SocketProcessorBase.java:52)
	at org.apache.tomcat.util.threads.ThreadPoolExecutor.runWorker(ThreadPoolExecutor.java:1191)
	at org.apache.tomcat.util.threads.ThreadPoolExecutor$Worker.run(ThreadPoolExecutor.java:659)
	at org.apache.tomcat.util.threads.TaskThread$WrappingRunnable.run(TaskThread.java:61)
	at java.base/java.lang.Thread.run(Thread.java:1623)
Caused by: java.io.IOException: 你的主机中的软件中止了一个已建立的连接。
	at java.base/sun.nio.ch.SocketDispatcher.write0(Native Method)
	at java.base/sun.nio.ch.SocketDispatcher.write(SocketDispatcher.java:54)
	at java.base/sun.nio.ch.IOUtil.writeFromNativeBuffer(IOUtil.java:137)
	at java.base/sun.nio.ch.IOUtil.write(IOUtil.java:102)
	at java.base/sun.nio.ch.IOUtil.write(IOUtil.java:58)
	at java.base/sun.nio.ch.SocketChannelImpl.write(SocketChannelImpl.java:542)
	at org.apache.tomcat.util.net.NioChannel.write(NioChannel.java:136)
	at org.apache.tomcat.util.net.NioEndpoint$NioSocketWrapper.doWrite(NioEndpoint.java:1431)
	at org.apache.tomcat.util.net.SocketWrapperBase.doWrite(SocketWrapperBase.java:775)
	at org.apache.tomcat.util.net.SocketWrapperBase.writeBlocking(SocketWrapperBase.java:600)
	at org.apache.tomcat.util.net.SocketWrapperBase.write(SocketWrapperBase.java:544)
	at org.apache.coyote.http11.Http11OutputBuffer$SocketOutputBuffer.doWrite(Http11OutputBuffer.java:540)
	at org.apache.coyote.http11.filters.IdentityOutputFilter.doWrite(IdentityOutputFilter.java:73)
	at org.apache.coyote.http11.Http11OutputBuffer.doWrite(Http11OutputBuffer.java:193)
	at org.apache.coyote.Response.doWrite(Response.java:603)
	at org.apache.catalina.connector.OutputBuffer.realWriteBytes(OutputBuffer.java:338)
	... 64 common frames omitted
[ERROR]2024-07-08 16:50:06,747 - Servlet.service() for servlet [dispatcherServlet] in context with path [] threw exception [Request processing failed; nested exception is org.springframework.web.multipart.MaxUploadSizeExceededException: Maximum upload size exceeded; nested exception is java.lang.IllegalStateException: org.apache.tomcat.util.http.fileupload.impl.FileSizeLimitExceededException: The field avatar exceeds its maximum permitted size of 1048576 bytes.] with root cause
org.apache.tomcat.util.http.fileupload.impl.FileSizeLimitExceededException: The field avatar exceeds its maximum permitted size of 1048576 bytes.
	at org.apache.tomcat.util.http.fileupload.impl.FileItemStreamImpl$1.raiseError(FileItemStreamImpl.java:117)
	at org.apache.tomcat.util.http.fileupload.util.LimitedInputStream.checkLimit(LimitedInputStream.java:76)
	at org.apache.tomcat.util.http.fileupload.util.LimitedInputStream.read(LimitedInputStream.java:135)
	at java.base/java.io.FilterInputStream.read(FilterInputStream.java:95)
	at org.apache.tomcat.util.http.fileupload.util.Streams.copy(Streams.java:97)
	at org.apache.tomcat.util.http.fileupload.FileUploadBase.parseRequest(FileUploadBase.java:317)
	at org.apache.catalina.connector.Request.parseParts(Request.java:2849)
	at org.apache.catalina.connector.Request.getParts(Request.java:2750)
	at org.apache.catalina.connector.RequestFacade.getParts(RequestFacade.java:796)
	at org.springframework.web.multipart.support.StandardMultipartHttpServletRequest.parseRequest(StandardMultipartHttpServletRequest.java:95)
	at org.springframework.web.multipart.support.StandardMultipartHttpServletRequest.<init>(StandardMultipartHttpServletRequest.java:88)
	at org.springframework.web.multipart.support.StandardServletMultipartResolver.resolveMultipart(StandardServletMultipartResolver.java:122)
	at org.springframework.web.servlet.DispatcherServlet.checkMultipart(DispatcherServlet.java:1210)
	at org.springframework.web.servlet.DispatcherServlet.doDispatch(DispatcherServlet.java:1044)
	at org.springframework.web.servlet.DispatcherServlet.doService(DispatcherServlet.java:965)
	at org.springframework.web.servlet.FrameworkServlet.processRequest(FrameworkServlet.java:1006)
	at org.springframework.web.servlet.FrameworkServlet.doPost(FrameworkServlet.java:909)
	at javax.servlet.http.HttpServlet.service(HttpServlet.java:555)
	at org.springframework.web.servlet.FrameworkServlet.service(FrameworkServlet.java:883)
	at javax.servlet.http.HttpServlet.service(HttpServlet.java:623)
	at org.apache.catalina.core.ApplicationFilterChain.internalDoFilter(ApplicationFilterChain.java:209)
	at org.apache.catalina.core.ApplicationFilterChain.doFilter(ApplicationFilterChain.java:153)
	at org.apache.tomcat.websocket.server.WsFilter.doFilter(WsFilter.java:51)
	at org.apache.catalina.core.ApplicationFilterChain.internalDoFilter(ApplicationFilterChain.java:178)
	at org.apache.catalina.core.ApplicationFilterChain.doFilter(ApplicationFilterChain.java:153)
	at org.springframework.web.filter.RequestContextFilter.doFilterInternal(RequestContextFilter.java:100)
	at org.springframework.web.filter.OncePerRequestFilter.doFilter(OncePerRequestFilter.java:117)
	at org.apache.catalina.core.ApplicationFilterChain.internalDoFilter(ApplicationFilterChain.java:178)
	at org.apache.catalina.core.ApplicationFilterChain.doFilter(ApplicationFilterChain.java:153)
	at org.springframework.web.filter.FormContentFilter.doFilterInternal(FormContentFilter.java:93)
	at org.springframework.web.filter.OncePerRequestFilter.doFilter(OncePerRequestFilter.java:117)
	at org.apache.catalina.core.ApplicationFilterChain.internalDoFilter(ApplicationFilterChain.java:178)
	at org.apache.catalina.core.ApplicationFilterChain.doFilter(ApplicationFilterChain.java:153)
	at javax.servlet.http.HttpFilter.doFilter(HttpFilter.java:85)
	at com.hwadee.springboot.config.CorsFilter.doFilter(CorsFilter.java:57)
	at javax.servlet.http.HttpFilter.doFilter(HttpFilter.java:53)
	at org.apache.catalina.core.ApplicationFilterChain.internalDoFilter(ApplicationFilterChain.java:178)
	at org.apache.catalina.core.ApplicationFilterChain.doFilter(ApplicationFilterChain.java:153)
	at org.springframework.web.filter.CharacterEncodingFilter.doFilterInternal(CharacterEncodingFilter.java:201)
	at org.springframework.web.filter.OncePerRequestFilter.doFilter(OncePerRequestFilter.java:117)
	at org.apache.catalina.core.ApplicationFilterChain.internalDoFilter(ApplicationFilterChain.java:178)
	at org.apache.catalina.core.ApplicationFilterChain.doFilter(ApplicationFilterChain.java:153)
	at org.apache.catalina.core.StandardWrapperValve.invoke(StandardWrapperValve.java:167)
	at org.apache.catalina.core.StandardContextValve.invoke(StandardContextValve.java:90)
	at org.apache.catalina.authenticator.AuthenticatorBase.invoke(AuthenticatorBase.java:481)
	at org.apache.catalina.core.StandardHostValve.invoke(StandardHostValve.java:130)
	at org.apache.catalina.valves.ErrorReportValve.invoke(ErrorReportValve.java:93)
	at org.apache.catalina.core.StandardEngineValve.invoke(StandardEngineValve.java:74)
	at org.apache.catalina.connector.CoyoteAdapter.service(CoyoteAdapter.java:343)
	at org.apache.coyote.http11.Http11Processor.service(Http11Processor.java:390)
	at org.apache.coyote.AbstractProcessorLight.process(AbstractProcessorLight.java:63)
	at org.apache.coyote.AbstractProtocol$ConnectionHandler.process(AbstractProtocol.java:926)
	at org.apache.tomcat.util.net.NioEndpoint$SocketProcessor.doRun(NioEndpoint.java:1791)
	at org.apache.tomcat.util.net.SocketProcessorBase.run(SocketProcessorBase.java:52)
	at org.apache.tomcat.util.threads.ThreadPoolExecutor.runWorker(ThreadPoolExecutor.java:1191)
	at org.apache.tomcat.util.threads.ThreadPoolExecutor$Worker.run(ThreadPoolExecutor.java:659)
	at org.apache.tomcat.util.threads.TaskThread$WrappingRunnable.run(TaskThread.java:61)
	at java.base/java.lang.Thread.run(Thread.java:1623)
[ERROR]2024-07-08 16:51:03,629 - Servlet.service() for servlet [dispatcherServlet] in context with path [] threw exception [Request processing failed; nested exception is org.springframework.web.multipart.MaxUploadSizeExceededException: Maximum upload size exceeded; nested exception is java.lang.IllegalStateException: org.apache.tomcat.util.http.fileupload.impl.FileSizeLimitExceededException: The field avatar exceeds its maximum permitted size of 1048576 bytes.] with root cause
org.apache.tomcat.util.http.fileupload.impl.FileSizeLimitExceededException: The field avatar exceeds its maximum permitted size of 1048576 bytes.
	at org.apache.tomcat.util.http.fileupload.impl.FileItemStreamImpl$1.raiseError(FileItemStreamImpl.java:117)
	at org.apache.tomcat.util.http.fileupload.util.LimitedInputStream.checkLimit(LimitedInputStream.java:76)
	at org.apache.tomcat.util.http.fileupload.util.LimitedInputStream.read(LimitedInputStream.java:135)
	at java.base/java.io.FilterInputStream.read(FilterInputStream.java:95)
	at org.apache.tomcat.util.http.fileupload.util.Streams.copy(Streams.java:97)
	at org.apache.tomcat.util.http.fileupload.FileUploadBase.parseRequest(FileUploadBase.java:317)
	at org.apache.catalina.connector.Request.parseParts(Request.java:2849)
	at org.apache.catalina.connector.Request.getParts(Request.java:2750)
	at org.apache.catalina.connector.RequestFacade.getParts(RequestFacade.java:796)
	at org.springframework.web.multipart.support.StandardMultipartHttpServletRequest.parseRequest(StandardMultipartHttpServletRequest.java:95)
	at org.springframework.web.multipart.support.StandardMultipartHttpServletRequest.<init>(StandardMultipartHttpServletRequest.java:88)
	at org.springframework.web.multipart.support.StandardServletMultipartResolver.resolveMultipart(StandardServletMultipartResolver.java:122)
	at org.springframework.web.servlet.DispatcherServlet.checkMultipart(DispatcherServlet.java:1210)
	at org.springframework.web.servlet.DispatcherServlet.doDispatch(DispatcherServlet.java:1044)
	at org.springframework.web.servlet.DispatcherServlet.doService(DispatcherServlet.java:965)
	at org.springframework.web.servlet.FrameworkServlet.processRequest(FrameworkServlet.java:1006)
	at org.springframework.web.servlet.FrameworkServlet.doPost(FrameworkServlet.java:909)
	at javax.servlet.http.HttpServlet.service(HttpServlet.java:555)
	at org.springframework.web.servlet.FrameworkServlet.service(FrameworkServlet.java:883)
	at javax.servlet.http.HttpServlet.service(HttpServlet.java:623)
	at org.apache.catalina.core.ApplicationFilterChain.internalDoFilter(ApplicationFilterChain.java:209)
	at org.apache.catalina.core.ApplicationFilterChain.doFilter(ApplicationFilterChain.java:153)
	at org.apache.tomcat.websocket.server.WsFilter.doFilter(WsFilter.java:51)
	at org.apache.catalina.core.ApplicationFilterChain.internalDoFilter(ApplicationFilterChain.java:178)
	at org.apache.catalina.core.ApplicationFilterChain.doFilter(ApplicationFilterChain.java:153)
	at org.springframework.web.filter.RequestContextFilter.doFilterInternal(RequestContextFilter.java:100)
	at org.springframework.web.filter.OncePerRequestFilter.doFilter(OncePerRequestFilter.java:117)
	at org.apache.catalina.core.ApplicationFilterChain.internalDoFilter(ApplicationFilterChain.java:178)
	at org.apache.catalina.core.ApplicationFilterChain.doFilter(ApplicationFilterChain.java:153)
	at org.springframework.web.filter.FormContentFilter.doFilterInternal(FormContentFilter.java:93)
	at org.springframework.web.filter.OncePerRequestFilter.doFilter(OncePerRequestFilter.java:117)
	at org.apache.catalina.core.ApplicationFilterChain.internalDoFilter(ApplicationFilterChain.java:178)
	at org.apache.catalina.core.ApplicationFilterChain.doFilter(ApplicationFilterChain.java:153)
	at javax.servlet.http.HttpFilter.doFilter(HttpFilter.java:85)
	at com.hwadee.springboot.config.CorsFilter.doFilter(CorsFilter.java:57)
	at javax.servlet.http.HttpFilter.doFilter(HttpFilter.java:53)
	at org.apache.catalina.core.ApplicationFilterChain.internalDoFilter(ApplicationFilterChain.java:178)
	at org.apache.catalina.core.ApplicationFilterChain.doFilter(ApplicationFilterChain.java:153)
	at org.springframework.web.filter.CharacterEncodingFilter.doFilterInternal(CharacterEncodingFilter.java:201)
	at org.springframework.web.filter.OncePerRequestFilter.doFilter(OncePerRequestFilter.java:117)
	at org.apache.catalina.core.ApplicationFilterChain.internalDoFilter(ApplicationFilterChain.java:178)
	at org.apache.catalina.core.ApplicationFilterChain.doFilter(ApplicationFilterChain.java:153)
	at org.apache.catalina.core.StandardWrapperValve.invoke(StandardWrapperValve.java:167)
	at org.apache.catalina.core.StandardContextValve.invoke(StandardContextValve.java:90)
	at org.apache.catalina.authenticator.AuthenticatorBase.invoke(AuthenticatorBase.java:481)
	at org.apache.catalina.core.StandardHostValve.invoke(StandardHostValve.java:130)
	at org.apache.catalina.valves.ErrorReportValve.invoke(ErrorReportValve.java:93)
	at org.apache.catalina.core.StandardEngineValve.invoke(StandardEngineValve.java:74)
	at org.apache.catalina.connector.CoyoteAdapter.service(CoyoteAdapter.java:343)
	at org.apache.coyote.http11.Http11Processor.service(Http11Processor.java:390)
	at org.apache.coyote.AbstractProcessorLight.process(AbstractProcessorLight.java:63)
	at org.apache.coyote.AbstractProtocol$ConnectionHandler.process(AbstractProtocol.java:926)
	at org.apache.tomcat.util.net.NioEndpoint$SocketProcessor.doRun(NioEndpoint.java:1791)
	at org.apache.tomcat.util.net.SocketProcessorBase.run(SocketProcessorBase.java:52)
	at org.apache.tomcat.util.threads.ThreadPoolExecutor.runWorker(ThreadPoolExecutor.java:1191)
	at org.apache.tomcat.util.threads.ThreadPoolExecutor$Worker.run(ThreadPoolExecutor.java:659)
	at org.apache.tomcat.util.threads.TaskThread$WrappingRunnable.run(TaskThread.java:61)
	at java.base/java.lang.Thread.run(Thread.java:1623)
[INFO]2024-07-08 17:15:40,585 - Closing JPA EntityManagerFactory for persistence unit 'default'
[INFO]2024-07-08 17:15:40,591 - HikariPool-1 - Shutdown initiated...
[INFO]2024-07-08 17:15:40,599 - HikariPool-1 - Shutdown completed.
[INFO]2024-07-08 17:15:46,862 - Starting SpringbootApplication using Java 20.0.1 on LAPTOP-L2BN52PD with PID 23504 (E:\shixi\springboot\target\classes started by jiaoy in E:\shixi\springboot)
[INFO]2024-07-08 17:15:46,863 - No active profile set, falling back to 1 default profile: "default"
[INFO]2024-07-08 17:15:46,914 - Devtools property defaults active! Set 'spring.devtools.add-properties' to 'false' to disable
[INFO]2024-07-08 17:15:46,914 - For additional web related logging consider setting the 'logging.level.web' property to 'DEBUG'
[INFO]2024-07-08 17:15:47,665 - Multiple Spring Data modules found, entering strict repository configuration mode
[INFO]2024-07-08 17:15:47,665 - Bootstrapping Spring Data JPA repositories in DEFAULT mode.
[INFO]2024-07-08 17:15:47,681 - Finished Spring Data repository scanning in 8 ms. Found 0 JPA repository interfaces.
[INFO]2024-07-08 17:15:47,694 - Multiple Spring Data modules found, entering strict repository configuration mode
[INFO]2024-07-08 17:15:47,695 - Bootstrapping Spring Data Redis repositories in DEFAULT mode.
[INFO]2024-07-08 17:15:47,706 - Finished Spring Data repository scanning in 5 ms. Found 0 Redis repository interfaces.
[INFO]2024-07-08 17:15:48,161 - Tomcat initialized with port(s): 8080 (http)
[INFO]2024-07-08 17:15:48,162 - Loaded Apache Tomcat Native library [1.3.0] using APR version [1.7.4].
[INFO]2024-07-08 17:15:48,162 - APR capabilities: IPv6 [true], sendfile [true], accept filters [false], random [true], UDS [true].
[INFO]2024-07-08 17:15:48,162 - APR/OpenSSL configuration: useAprConnector [false], useOpenSSL [true]
[INFO]2024-07-08 17:15:48,167 - OpenSSL successfully initialized [OpenSSL 3.0.13 30 Jan 2024]
[INFO]2024-07-08 17:15:48,173 - Initializing ProtocolHandler ["http-nio-8080"]
[INFO]2024-07-08 17:15:48,173 - Starting service [Tomcat]
[INFO]2024-07-08 17:15:48,174 - Starting Servlet engine: [Apache Tomcat/9.0.76]
[INFO]2024-07-08 17:15:48,241 - Initializing Spring embedded WebApplicationContext
[INFO]2024-07-08 17:15:48,241 - Root WebApplicationContext: initialization completed in 1327 ms
[INFO]2024-07-08 17:15:48,346 - HikariPool-1 - Starting...
[WARN]2024-07-08 17:15:48,349 - Registered driver with driverClassName=com.mysql.jdbc.Driver was not found, trying direct instantiation.
[INFO]2024-07-08 17:15:48,444 - HikariPool-1 - Start completed.
[INFO]2024-07-08 17:15:48,506 - HHH000412: Hibernate ORM core version 5.6.15.Final
[INFO]2024-07-08 17:15:48,597 - HCANN000001: Hibernate Commons Annotations {5.1.2.Final}
[INFO]2024-07-08 17:15:48,668 - HHH000400: Using dialect: org.hibernate.dialect.MySQL55Dialect
[INFO]2024-07-08 17:15:48,758 - HHH000490: Using JtaPlatform implementation: [org.hibernate.engine.transaction.jta.platform.internal.NoJtaPlatform]
[INFO]2024-07-08 17:15:48,765 - Initialized JPA EntityManagerFactory for persistence unit 'default'
[INFO]2024-07-08 17:15:49,292 - 自定义Redis配置--
[WARN]2024-07-08 17:15:49,429 - spring.jpa.open-in-view is enabled by default. Therefore, database queries may be performed during view rendering. Explicitly configure spring.jpa.open-in-view to disable this warning
[INFO]2024-07-08 17:15:49,565 - Adding welcome page template: index
[INFO]2024-07-08 17:15:49,892 - LiveReload server is running on port 35729
[INFO]2024-07-08 17:15:49,915 - Starting ProtocolHandler ["http-nio-8080"]
[INFO]2024-07-08 17:15:49,932 - Tomcat started on port(s): 8080 (http) with context path ''
[INFO]2024-07-08 17:15:49,947 - Started SpringbootApplication in 3.437 seconds (JVM running for 4.083)
[INFO]2024-07-08 17:15:51,852 - Initializing Spring DispatcherServlet 'dispatcherServlet'
[INFO]2024-07-08 17:15:51,852 - Initializing Servlet 'dispatcherServlet'
[INFO]2024-07-08 17:15:51,854 - Completed initialization in 1 ms
[WARN]2024-07-08 17:33:02,474 - Failed to perform cleanup of multipart items
java.io.UncheckedIOException: Cannot delete C:\Users\jiaoy\AppData\Local\Temp\tomcat.8080.17803446248471057161\work\Tomcat\localhost\ROOT\upload_0a401c2d_1c94_405d_895b_693da1998495_00000001.tmp
	at org.apache.tomcat.util.http.fileupload.disk.DiskFileItem.delete(DiskFileItem.java:431)
	at org.apache.catalina.core.ApplicationPart.delete(ApplicationPart.java:53)
	at org.springframework.web.multipart.support.StandardServletMultipartResolver.cleanupMultipart(StandardServletMultipartResolver.java:134)
	at org.springframework.web.servlet.DispatcherServlet.cleanupMultipart(DispatcherServlet.java:1251)
	at org.springframework.web.servlet.DispatcherServlet.doDispatch(DispatcherServlet.java:1108)
	at org.springframework.web.servlet.DispatcherServlet.doService(DispatcherServlet.java:965)
	at org.springframework.web.servlet.FrameworkServlet.processRequest(FrameworkServlet.java:1006)
	at org.springframework.web.servlet.FrameworkServlet.doPost(FrameworkServlet.java:909)
	at javax.servlet.http.HttpServlet.service(HttpServlet.java:555)
	at org.springframework.web.servlet.FrameworkServlet.service(FrameworkServlet.java:883)
	at javax.servlet.http.HttpServlet.service(HttpServlet.java:623)
	at org.apache.catalina.core.ApplicationFilterChain.internalDoFilter(ApplicationFilterChain.java:209)
	at org.apache.catalina.core.ApplicationFilterChain.doFilter(ApplicationFilterChain.java:153)
	at org.apache.tomcat.websocket.server.WsFilter.doFilter(WsFilter.java:51)
	at org.apache.catalina.core.ApplicationFilterChain.internalDoFilter(ApplicationFilterChain.java:178)
	at org.apache.catalina.core.ApplicationFilterChain.doFilter(ApplicationFilterChain.java:153)
	at org.springframework.web.filter.RequestContextFilter.doFilterInternal(RequestContextFilter.java:100)
	at org.springframework.web.filter.OncePerRequestFilter.doFilter(OncePerRequestFilter.java:117)
	at org.apache.catalina.core.ApplicationFilterChain.internalDoFilter(ApplicationFilterChain.java:178)
	at org.apache.catalina.core.ApplicationFilterChain.doFilter(ApplicationFilterChain.java:153)
	at org.springframework.web.filter.FormContentFilter.doFilterInternal(FormContentFilter.java:93)
	at org.springframework.web.filter.OncePerRequestFilter.doFilter(OncePerRequestFilter.java:117)
	at org.apache.catalina.core.ApplicationFilterChain.internalDoFilter(ApplicationFilterChain.java:178)
	at org.apache.catalina.core.ApplicationFilterChain.doFilter(ApplicationFilterChain.java:153)
	at javax.servlet.http.HttpFilter.doFilter(HttpFilter.java:85)
	at com.hwadee.springboot.config.CorsFilter.doFilter(CorsFilter.java:57)
	at javax.servlet.http.HttpFilter.doFilter(HttpFilter.java:53)
	at org.apache.catalina.core.ApplicationFilterChain.internalDoFilter(ApplicationFilterChain.java:178)
	at org.apache.catalina.core.ApplicationFilterChain.doFilter(ApplicationFilterChain.java:153)
	at org.springframework.web.filter.CharacterEncodingFilter.doFilterInternal(CharacterEncodingFilter.java:201)
	at org.springframework.web.filter.OncePerRequestFilter.doFilter(OncePerRequestFilter.java:117)
	at org.apache.catalina.core.ApplicationFilterChain.internalDoFilter(ApplicationFilterChain.java:178)
	at org.apache.catalina.core.ApplicationFilterChain.doFilter(ApplicationFilterChain.java:153)
	at org.apache.catalina.core.StandardWrapperValve.invoke(StandardWrapperValve.java:167)
	at org.apache.catalina.core.StandardContextValve.invoke(StandardContextValve.java:90)
	at org.apache.catalina.authenticator.AuthenticatorBase.invoke(AuthenticatorBase.java:481)
	at org.apache.catalina.core.StandardHostValve.invoke(StandardHostValve.java:130)
	at org.apache.catalina.valves.ErrorReportValve.invoke(ErrorReportValve.java:93)
	at org.apache.catalina.core.StandardEngineValve.invoke(StandardEngineValve.java:74)
	at org.apache.catalina.connector.CoyoteAdapter.service(CoyoteAdapter.java:343)
	at org.apache.coyote.http11.Http11Processor.service(Http11Processor.java:390)
	at org.apache.coyote.AbstractProcessorLight.process(AbstractProcessorLight.java:63)
	at org.apache.coyote.AbstractProtocol$ConnectionHandler.process(AbstractProtocol.java:926)
	at org.apache.tomcat.util.net.NioEndpoint$SocketProcessor.doRun(NioEndpoint.java:1791)
	at org.apache.tomcat.util.net.SocketProcessorBase.run(SocketProcessorBase.java:52)
	at org.apache.tomcat.util.threads.ThreadPoolExecutor.runWorker(ThreadPoolExecutor.java:1191)
	at org.apache.tomcat.util.threads.ThreadPoolExecutor$Worker.run(ThreadPoolExecutor.java:659)
	at org.apache.tomcat.util.threads.TaskThread$WrappingRunnable.run(TaskThread.java:61)
	at java.base/java.lang.Thread.run(Thread.java:1623)
Caused by: java.io.IOException: Cannot delete C:\Users\jiaoy\AppData\Local\Temp\tomcat.8080.17803446248471057161\work\Tomcat\localhost\ROOT\upload_0a401c2d_1c94_405d_895b_693da1998495_00000001.tmp
	... 49 common frames omitted
[ERROR]2024-07-08 17:33:02,476 - Error processing request
java.io.UncheckedIOException: Cannot delete C:\Users\jiaoy\AppData\Local\Temp\tomcat.8080.17803446248471057161\work\Tomcat\localhost\ROOT\upload_0a401c2d_1c94_405d_895b_693da1998495_00000001.tmp
	at org.apache.tomcat.util.http.fileupload.disk.DiskFileItem.delete(DiskFileItem.java:431)
	at org.apache.catalina.core.ApplicationPart.delete(ApplicationPart.java:53)
	at org.apache.catalina.connector.Request.recycle(Request.java:474)
	at org.apache.catalina.connector.CoyoteAdapter.service(CoyoteAdapter.java:421)
	at org.apache.coyote.http11.Http11Processor.service(Http11Processor.java:390)
	at org.apache.coyote.AbstractProcessorLight.process(AbstractProcessorLight.java:63)
	at org.apache.coyote.AbstractProtocol$ConnectionHandler.process(AbstractProtocol.java:926)
	at org.apache.tomcat.util.net.NioEndpoint$SocketProcessor.doRun(NioEndpoint.java:1791)
	at org.apache.tomcat.util.net.SocketProcessorBase.run(SocketProcessorBase.java:52)
	at org.apache.tomcat.util.threads.ThreadPoolExecutor.runWorker(ThreadPoolExecutor.java:1191)
	at org.apache.tomcat.util.threads.ThreadPoolExecutor$Worker.run(ThreadPoolExecutor.java:659)
	at org.apache.tomcat.util.threads.TaskThread$WrappingRunnable.run(TaskThread.java:61)
	at java.base/java.lang.Thread.run(Thread.java:1623)
Caused by: java.io.IOException: Cannot delete C:\Users\jiaoy\AppData\Local\Temp\tomcat.8080.17803446248471057161\work\Tomcat\localhost\ROOT\upload_0a401c2d_1c94_405d_895b_693da1998495_00000001.tmp
	... 13 common frames omitted
[ERROR]2024-07-08 17:33:02,477 - Error reading request, ignored
java.io.UncheckedIOException: Cannot delete C:\Users\jiaoy\AppData\Local\Temp\tomcat.8080.17803446248471057161\work\Tomcat\localhost\ROOT\upload_0a401c2d_1c94_405d_895b_693da1998495_00000001.tmp
	at org.apache.tomcat.util.http.fileupload.disk.DiskFileItem.delete(DiskFileItem.java:431)
	at org.apache.catalina.core.ApplicationPart.delete(ApplicationPart.java:53)
	at org.apache.catalina.connector.Request.recycle(Request.java:474)
	at org.apache.catalina.connector.CoyoteAdapter.log(CoyoteAdapter.java:494)
	at org.apache.coyote.http11.Http11Processor.service(Http11Processor.java:420)
	at org.apache.coyote.AbstractProcessorLight.process(AbstractProcessorLight.java:63)
	at org.apache.coyote.AbstractProtocol$ConnectionHandler.process(AbstractProtocol.java:926)
	at org.apache.tomcat.util.net.NioEndpoint$SocketProcessor.doRun(NioEndpoint.java:1791)
	at org.apache.tomcat.util.net.SocketProcessorBase.run(SocketProcessorBase.java:52)
	at org.apache.tomcat.util.threads.ThreadPoolExecutor.runWorker(ThreadPoolExecutor.java:1191)
	at org.apache.tomcat.util.threads.ThreadPoolExecutor$Worker.run(ThreadPoolExecutor.java:659)
	at org.apache.tomcat.util.threads.TaskThread$WrappingRunnable.run(TaskThread.java:61)
	at java.base/java.lang.Thread.run(Thread.java:1623)
Caused by: java.io.IOException: Cannot delete C:\Users\jiaoy\AppData\Local\Temp\tomcat.8080.17803446248471057161\work\Tomcat\localhost\ROOT\upload_0a401c2d_1c94_405d_895b_693da1998495_00000001.tmp
	... 13 common frames omitted
[ERROR]2024-07-08 17:33:02,478 - Error running socket processor
java.io.UncheckedIOException: Cannot delete C:\Users\jiaoy\AppData\Local\Temp\tomcat.8080.17803446248471057161\work\Tomcat\localhost\ROOT\upload_0a401c2d_1c94_405d_895b_693da1998495_00000001.tmp
	at org.apache.tomcat.util.http.fileupload.disk.DiskFileItem.delete(DiskFileItem.java:431)
	at org.apache.catalina.core.ApplicationPart.delete(ApplicationPart.java:53)
	at org.apache.catalina.connector.Request.recycle(Request.java:474)
	at org.apache.catalina.connector.CoyoteAdapter.log(CoyoteAdapter.java:494)
	at org.apache.catalina.connector.CoyoteAdapter.checkRecycled(CoyoteAdapter.java:517)
	at org.apache.coyote.http11.Http11Processor.recycle(Http11Processor.java:1417)
	at org.apache.coyote.AbstractProtocol$ConnectionHandler.release(AbstractProtocol.java:1129)
	at org.apache.coyote.AbstractProtocol$ConnectionHandler.process(AbstractProtocol.java:1090)
	at org.apache.tomcat.util.net.NioEndpoint$SocketProcessor.doRun(NioEndpoint.java:1791)
	at org.apache.tomcat.util.net.SocketProcessorBase.run(SocketProcessorBase.java:52)
	at org.apache.tomcat.util.threads.ThreadPoolExecutor.runWorker(ThreadPoolExecutor.java:1191)
	at org.apache.tomcat.util.threads.ThreadPoolExecutor$Worker.run(ThreadPoolExecutor.java:659)
	at org.apache.tomcat.util.threads.TaskThread$WrappingRunnable.run(TaskThread.java:61)
	at java.base/java.lang.Thread.run(Thread.java:1623)
Caused by: java.io.IOException: Cannot delete C:\Users\jiaoy\AppData\Local\Temp\tomcat.8080.17803446248471057161\work\Tomcat\localhost\ROOT\upload_0a401c2d_1c94_405d_895b_693da1998495_00000001.tmp
	... 14 common frames omitted
[WARN]2024-07-08 17:35:08,406 - Failed to perform cleanup of multipart items
java.io.UncheckedIOException: Cannot delete C:\Users\jiaoy\AppData\Local\Temp\tomcat.8080.17803446248471057161\work\Tomcat\localhost\ROOT\upload_0a401c2d_1c94_405d_895b_693da1998495_00000003.tmp
	at org.apache.tomcat.util.http.fileupload.disk.DiskFileItem.delete(DiskFileItem.java:431)
	at org.apache.catalina.core.ApplicationPart.delete(ApplicationPart.java:53)
	at org.springframework.web.multipart.support.StandardServletMultipartResolver.cleanupMultipart(StandardServletMultipartResolver.java:134)
	at org.springframework.web.servlet.DispatcherServlet.cleanupMultipart(DispatcherServlet.java:1251)
	at org.springframework.web.servlet.DispatcherServlet.doDispatch(DispatcherServlet.java:1108)
	at org.springframework.web.servlet.DispatcherServlet.doService(DispatcherServlet.java:965)
	at org.springframework.web.servlet.FrameworkServlet.processRequest(FrameworkServlet.java:1006)
	at org.springframework.web.servlet.FrameworkServlet.doPost(FrameworkServlet.java:909)
	at javax.servlet.http.HttpServlet.service(HttpServlet.java:555)
	at org.springframework.web.servlet.FrameworkServlet.service(FrameworkServlet.java:883)
	at javax.servlet.http.HttpServlet.service(HttpServlet.java:623)
	at org.apache.catalina.core.ApplicationFilterChain.internalDoFilter(ApplicationFilterChain.java:209)
	at org.apache.catalina.core.ApplicationFilterChain.doFilter(ApplicationFilterChain.java:153)
	at org.apache.tomcat.websocket.server.WsFilter.doFilter(WsFilter.java:51)
	at org.apache.catalina.core.ApplicationFilterChain.internalDoFilter(ApplicationFilterChain.java:178)
	at org.apache.catalina.core.ApplicationFilterChain.doFilter(ApplicationFilterChain.java:153)
	at org.springframework.web.filter.RequestContextFilter.doFilterInternal(RequestContextFilter.java:100)
	at org.springframework.web.filter.OncePerRequestFilter.doFilter(OncePerRequestFilter.java:117)
	at org.apache.catalina.core.ApplicationFilterChain.internalDoFilter(ApplicationFilterChain.java:178)
	at org.apache.catalina.core.ApplicationFilterChain.doFilter(ApplicationFilterChain.java:153)
	at org.springframework.web.filter.FormContentFilter.doFilterInternal(FormContentFilter.java:93)
	at org.springframework.web.filter.OncePerRequestFilter.doFilter(OncePerRequestFilter.java:117)
	at org.apache.catalina.core.ApplicationFilterChain.internalDoFilter(ApplicationFilterChain.java:178)
	at org.apache.catalina.core.ApplicationFilterChain.doFilter(ApplicationFilterChain.java:153)
	at javax.servlet.http.HttpFilter.doFilter(HttpFilter.java:85)
	at com.hwadee.springboot.config.CorsFilter.doFilter(CorsFilter.java:57)
	at javax.servlet.http.HttpFilter.doFilter(HttpFilter.java:53)
	at org.apache.catalina.core.ApplicationFilterChain.internalDoFilter(ApplicationFilterChain.java:178)
	at org.apache.catalina.core.ApplicationFilterChain.doFilter(ApplicationFilterChain.java:153)
	at org.springframework.web.filter.CharacterEncodingFilter.doFilterInternal(CharacterEncodingFilter.java:201)
	at org.springframework.web.filter.OncePerRequestFilter.doFilter(OncePerRequestFilter.java:117)
	at org.apache.catalina.core.ApplicationFilterChain.internalDoFilter(ApplicationFilterChain.java:178)
	at org.apache.catalina.core.ApplicationFilterChain.doFilter(ApplicationFilterChain.java:153)
	at org.apache.catalina.core.StandardWrapperValve.invoke(StandardWrapperValve.java:167)
	at org.apache.catalina.core.StandardContextValve.invoke(StandardContextValve.java:90)
	at org.apache.catalina.authenticator.AuthenticatorBase.invoke(AuthenticatorBase.java:481)
	at org.apache.catalina.core.StandardHostValve.invoke(StandardHostValve.java:130)
	at org.apache.catalina.valves.ErrorReportValve.invoke(ErrorReportValve.java:93)
	at org.apache.catalina.core.StandardEngineValve.invoke(StandardEngineValve.java:74)
	at org.apache.catalina.connector.CoyoteAdapter.service(CoyoteAdapter.java:343)
	at org.apache.coyote.http11.Http11Processor.service(Http11Processor.java:390)
	at org.apache.coyote.AbstractProcessorLight.process(AbstractProcessorLight.java:63)
	at org.apache.coyote.AbstractProtocol$ConnectionHandler.process(AbstractProtocol.java:926)
	at org.apache.tomcat.util.net.NioEndpoint$SocketProcessor.doRun(NioEndpoint.java:1791)
	at org.apache.tomcat.util.net.SocketProcessorBase.run(SocketProcessorBase.java:52)
	at org.apache.tomcat.util.threads.ThreadPoolExecutor.runWorker(ThreadPoolExecutor.java:1191)
	at org.apache.tomcat.util.threads.ThreadPoolExecutor$Worker.run(ThreadPoolExecutor.java:659)
	at org.apache.tomcat.util.threads.TaskThread$WrappingRunnable.run(TaskThread.java:61)
	at java.base/java.lang.Thread.run(Thread.java:1623)
Caused by: java.io.IOException: Cannot delete C:\Users\jiaoy\AppData\Local\Temp\tomcat.8080.17803446248471057161\work\Tomcat\localhost\ROOT\upload_0a401c2d_1c94_405d_895b_693da1998495_00000003.tmp
	... 49 common frames omitted
[ERROR]2024-07-08 17:35:08,407 - Error processing request
java.io.UncheckedIOException: Cannot delete C:\Users\jiaoy\AppData\Local\Temp\tomcat.8080.17803446248471057161\work\Tomcat\localhost\ROOT\upload_0a401c2d_1c94_405d_895b_693da1998495_00000003.tmp
	at org.apache.tomcat.util.http.fileupload.disk.DiskFileItem.delete(DiskFileItem.java:431)
	at org.apache.catalina.core.ApplicationPart.delete(ApplicationPart.java:53)
	at org.apache.catalina.connector.Request.recycle(Request.java:474)
	at org.apache.catalina.connector.CoyoteAdapter.service(CoyoteAdapter.java:421)
	at org.apache.coyote.http11.Http11Processor.service(Http11Processor.java:390)
	at org.apache.coyote.AbstractProcessorLight.process(AbstractProcessorLight.java:63)
	at org.apache.coyote.AbstractProtocol$ConnectionHandler.process(AbstractProtocol.java:926)
	at org.apache.tomcat.util.net.NioEndpoint$SocketProcessor.doRun(NioEndpoint.java:1791)
	at org.apache.tomcat.util.net.SocketProcessorBase.run(SocketProcessorBase.java:52)
	at org.apache.tomcat.util.threads.ThreadPoolExecutor.runWorker(ThreadPoolExecutor.java:1191)
	at org.apache.tomcat.util.threads.ThreadPoolExecutor$Worker.run(ThreadPoolExecutor.java:659)
	at org.apache.tomcat.util.threads.TaskThread$WrappingRunnable.run(TaskThread.java:61)
	at java.base/java.lang.Thread.run(Thread.java:1623)
Caused by: java.io.IOException: Cannot delete C:\Users\jiaoy\AppData\Local\Temp\tomcat.8080.17803446248471057161\work\Tomcat\localhost\ROOT\upload_0a401c2d_1c94_405d_895b_693da1998495_00000003.tmp
	... 13 common frames omitted
[ERROR]2024-07-08 17:35:08,408 - Error reading request, ignored
java.io.UncheckedIOException: Cannot delete C:\Users\jiaoy\AppData\Local\Temp\tomcat.8080.17803446248471057161\work\Tomcat\localhost\ROOT\upload_0a401c2d_1c94_405d_895b_693da1998495_00000003.tmp
	at org.apache.tomcat.util.http.fileupload.disk.DiskFileItem.delete(DiskFileItem.java:431)
	at org.apache.catalina.core.ApplicationPart.delete(ApplicationPart.java:53)
	at org.apache.catalina.connector.Request.recycle(Request.java:474)
	at org.apache.catalina.connector.CoyoteAdapter.log(CoyoteAdapter.java:494)
	at org.apache.coyote.http11.Http11Processor.service(Http11Processor.java:420)
	at org.apache.coyote.AbstractProcessorLight.process(AbstractProcessorLight.java:63)
	at org.apache.coyote.AbstractProtocol$ConnectionHandler.process(AbstractProtocol.java:926)
	at org.apache.tomcat.util.net.NioEndpoint$SocketProcessor.doRun(NioEndpoint.java:1791)
	at org.apache.tomcat.util.net.SocketProcessorBase.run(SocketProcessorBase.java:52)
	at org.apache.tomcat.util.threads.ThreadPoolExecutor.runWorker(ThreadPoolExecutor.java:1191)
	at org.apache.tomcat.util.threads.ThreadPoolExecutor$Worker.run(ThreadPoolExecutor.java:659)
	at org.apache.tomcat.util.threads.TaskThread$WrappingRunnable.run(TaskThread.java:61)
	at java.base/java.lang.Thread.run(Thread.java:1623)
Caused by: java.io.IOException: Cannot delete C:\Users\jiaoy\AppData\Local\Temp\tomcat.8080.17803446248471057161\work\Tomcat\localhost\ROOT\upload_0a401c2d_1c94_405d_895b_693da1998495_00000003.tmp
	... 13 common frames omitted
[ERROR]2024-07-08 17:35:08,409 - Error running socket processor
java.io.UncheckedIOException: Cannot delete C:\Users\jiaoy\AppData\Local\Temp\tomcat.8080.17803446248471057161\work\Tomcat\localhost\ROOT\upload_0a401c2d_1c94_405d_895b_693da1998495_00000003.tmp
	at org.apache.tomcat.util.http.fileupload.disk.DiskFileItem.delete(DiskFileItem.java:431)
	at org.apache.catalina.core.ApplicationPart.delete(ApplicationPart.java:53)
	at org.apache.catalina.connector.Request.recycle(Request.java:474)
	at org.apache.catalina.connector.CoyoteAdapter.log(CoyoteAdapter.java:494)
	at org.apache.catalina.connector.CoyoteAdapter.checkRecycled(CoyoteAdapter.java:517)
	at org.apache.coyote.http11.Http11Processor.recycle(Http11Processor.java:1417)
	at org.apache.coyote.AbstractProtocol$ConnectionHandler.release(AbstractProtocol.java:1129)
	at org.apache.coyote.AbstractProtocol$ConnectionHandler.process(AbstractProtocol.java:1090)
	at org.apache.tomcat.util.net.NioEndpoint$SocketProcessor.doRun(NioEndpoint.java:1791)
	at org.apache.tomcat.util.net.SocketProcessorBase.run(SocketProcessorBase.java:52)
	at org.apache.tomcat.util.threads.ThreadPoolExecutor.runWorker(ThreadPoolExecutor.java:1191)
	at org.apache.tomcat.util.threads.ThreadPoolExecutor$Worker.run(ThreadPoolExecutor.java:659)
	at org.apache.tomcat.util.threads.TaskThread$WrappingRunnable.run(TaskThread.java:61)
	at java.base/java.lang.Thread.run(Thread.java:1623)
Caused by: java.io.IOException: Cannot delete C:\Users\jiaoy\AppData\Local\Temp\tomcat.8080.17803446248471057161\work\Tomcat\localhost\ROOT\upload_0a401c2d_1c94_405d_895b_693da1998495_00000003.tmp
	... 14 common frames omitted
[WARN]2024-07-08 17:44:43,742 - HikariPool-1 - Thread starvation or clock leap detected (housekeeper delta=3m54s788ms550µs100ns).
[INFO]2024-07-08 17:47:51,745 - Closing JPA EntityManagerFactory for persistence unit 'default'
[INFO]2024-07-08 17:47:51,745 - HikariPool-1 - Shutdown initiated...
[INFO]2024-07-08 17:47:51,745 - HikariPool-1 - Shutdown completed.
[INFO]2024-07-08 17:47:57,498 - Starting SpringbootApplication using Java 20.0.1 on LAPTOP-L2BN52PD with PID 20796 (E:\shixi\springboot\target\classes started by jiaoy in E:\shixi\springboot)
[INFO]2024-07-08 17:47:57,498 - No active profile set, falling back to 1 default profile: "default"
[INFO]2024-07-08 17:47:57,546 - Devtools property defaults active! Set 'spring.devtools.add-properties' to 'false' to disable
[INFO]2024-07-08 17:47:57,546 - For additional web related logging consider setting the 'logging.level.web' property to 'DEBUG'
[INFO]2024-07-08 17:47:58,518 - Multiple Spring Data modules found, entering strict repository configuration mode
[INFO]2024-07-08 17:47:58,518 - Bootstrapping Spring Data JPA repositories in DEFAULT mode.
[INFO]2024-07-08 17:47:58,518 - Finished Spring Data repository scanning in 8 ms. Found 0 JPA repository interfaces.
[INFO]2024-07-08 17:47:58,533 - Multiple Spring Data modules found, entering strict repository configuration mode
[INFO]2024-07-08 17:47:58,533 - Bootstrapping Spring Data Redis repositories in DEFAULT mode.
[INFO]2024-07-08 17:47:58,549 - Finished Spring Data repository scanning in 4 ms. Found 0 Redis repository interfaces.
[INFO]2024-07-08 17:47:59,003 - Tomcat initialized with port(s): 8080 (http)
[INFO]2024-07-08 17:47:59,003 - Loaded Apache Tomcat Native library [1.3.0] using APR version [1.7.4].
[INFO]2024-07-08 17:47:59,003 - APR capabilities: IPv6 [true], sendfile [true], accept filters [false], random [true], UDS [true].
[INFO]2024-07-08 17:47:59,003 - APR/OpenSSL configuration: useAprConnector [false], useOpenSSL [true]
[INFO]2024-07-08 17:47:59,019 - OpenSSL successfully initialized [OpenSSL 3.0.13 30 Jan 2024]
[INFO]2024-07-08 17:47:59,019 - Initializing ProtocolHandler ["http-nio-8080"]
[INFO]2024-07-08 17:47:59,019 - Starting service [Tomcat]
[INFO]2024-07-08 17:47:59,019 - Starting Servlet engine: [Apache Tomcat/9.0.76]
[INFO]2024-07-08 17:47:59,065 - Initializing Spring embedded WebApplicationContext
[INFO]2024-07-08 17:47:59,065 - Root WebApplicationContext: initialization completed in 1519 ms
[INFO]2024-07-08 17:47:59,175 - HikariPool-1 - Starting...
[WARN]2024-07-08 17:47:59,175 - Registered driver with driverClassName=com.mysql.jdbc.Driver was not found, trying direct instantiation.
[INFO]2024-07-08 17:47:59,257 - HikariPool-1 - Start completed.
[INFO]2024-07-08 17:47:59,319 - HHH000412: Hibernate ORM core version 5.6.15.Final
[INFO]2024-07-08 17:47:59,397 - HCANN000001: Hibernate Commons Annotations {5.1.2.Final}
[INFO]2024-07-08 17:47:59,460 - HHH000400: Using dialect: org.hibernate.dialect.MySQL55Dialect
[INFO]2024-07-08 17:47:59,540 - HHH000490: Using JtaPlatform implementation: [org.hibernate.engine.transaction.jta.platform.internal.NoJtaPlatform]
[INFO]2024-07-08 17:47:59,556 - Initialized JPA EntityManagerFactory for persistence unit 'default'
[INFO]2024-07-08 17:48:00,077 - 自定义Redis配置--
[WARN]2024-07-08 17:48:00,124 - spring.jpa.open-in-view is enabled by default. Therefore, database queries may be performed during view rendering. Explicitly configure spring.jpa.open-in-view to disable this warning
[INFO]2024-07-08 17:48:00,249 - Adding welcome page template: index
[INFO]2024-07-08 17:48:00,486 - LiveReload server is running on port 35729
[INFO]2024-07-08 17:48:00,501 - Starting ProtocolHandler ["http-nio-8080"]
[INFO]2024-07-08 17:48:00,517 - Tomcat started on port(s): 8080 (http) with context path ''
[INFO]2024-07-08 17:48:00,532 - Started SpringbootApplication in 3.326 seconds (JVM running for 6.605)
[INFO]2024-07-08 17:50:11,201 - Initializing Spring DispatcherServlet 'dispatcherServlet'
[INFO]2024-07-08 17:50:11,201 - Initializing Servlet 'dispatcherServlet'
[INFO]2024-07-08 17:50:11,201 - Completed initialization in 0 ms
[WARN]2024-07-08 18:56:55,917 - Resolved [org.springframework.web.HttpMediaTypeNotSupportedException: Content type 'application/x-www-form-urlencoded;charset=UTF-8' not supported]
[WARN]2024-07-08 18:56:55,917 - Resolved [org.springframework.web.HttpMediaTypeNotSupportedException: Content type 'application/x-www-form-urlencoded;charset=UTF-8' not supported]
[WARN]2024-07-08 18:56:55,932 - Resolved [org.springframework.web.HttpMediaTypeNotSupportedException: Content type 'application/x-www-form-urlencoded;charset=UTF-8' not supported]
[WARN]2024-07-08 18:56:55,932 - Resolved [org.springframework.web.HttpMediaTypeNotSupportedException: Content type 'application/x-www-form-urlencoded;charset=UTF-8' not supported]
[WARN]2024-07-08 18:57:03,385 - Resolved [org.springframework.web.HttpMediaTypeNotSupportedException: Content type 'application/x-www-form-urlencoded;charset=UTF-8' not supported]
[WARN]2024-07-08 18:57:03,385 - Resolved [org.springframework.web.HttpMediaTypeNotSupportedException: Content type 'application/x-www-form-urlencoded;charset=UTF-8' not supported]
[WARN]2024-07-08 18:57:03,400 - Resolved [org.springframework.web.HttpMediaTypeNotSupportedException: Content type 'application/x-www-form-urlencoded;charset=UTF-8' not supported]
[WARN]2024-07-08 18:57:03,400 - Resolved [org.springframework.web.HttpMediaTypeNotSupportedException: Content type 'application/x-www-form-urlencoded;charset=UTF-8' not supported]
[WARN]2024-07-08 18:58:34,865 - Resolved [org.springframework.web.HttpMediaTypeNotSupportedException: Content type 'application/x-www-form-urlencoded;charset=UTF-8' not supported]
[WARN]2024-07-08 18:58:34,865 - Resolved [org.springframework.web.HttpMediaTypeNotSupportedException: Content type 'application/x-www-form-urlencoded;charset=UTF-8' not supported]
[WARN]2024-07-08 18:58:40,138 - Resolved [org.springframework.web.HttpMediaTypeNotSupportedException: Content type 'application/x-www-form-urlencoded;charset=UTF-8' not supported]
[WARN]2024-07-08 18:58:40,138 - Resolved [org.springframework.web.HttpMediaTypeNotSupportedException: Content type 'application/x-www-form-urlencoded;charset=UTF-8' not supported]
[WARN]2024-07-08 22:02:32,039 - Resolved [org.springframework.http.converter.HttpMessageNotReadableException: Required request body is missing: public com.hwadee.springboot.entity.Result com.hwadee.springboot.controller.VolunteerServiceRecordController.checkVolunteerActivityStatus(java.util.Map<java.lang.String, java.lang.Object>)]
[WARN]2024-07-08 22:02:32,065 - Resolved [org.springframework.http.converter.HttpMessageNotReadableException: Required request body is missing: public com.hwadee.springboot.entity.Result com.hwadee.springboot.controller.VolunteerServiceRecordController.checkVolunteerActivityStatus(java.util.Map<java.lang.String, java.lang.Object>)]
[WARN]2024-07-08 22:02:32,065 - Resolved [org.springframework.http.converter.HttpMessageNotReadableException: Required request body is missing: public com.hwadee.springboot.entity.Result com.hwadee.springboot.controller.VolunteerServiceRecordController.checkVolunteerActivityStatus(java.util.Map<java.lang.String, java.lang.Object>)]
[WARN]2024-07-08 22:02:32,065 - Resolved [org.springframework.http.converter.HttpMessageNotReadableException: Required request body is missing: public com.hwadee.springboot.entity.Result com.hwadee.springboot.controller.VolunteerServiceRecordController.checkVolunteerActivityStatus(java.util.Map<java.lang.String, java.lang.Object>)]
[WARN]2024-07-08 22:04:42,230 - Resolved [org.springframework.http.converter.HttpMessageNotReadableException: Required request body is missing: public com.hwadee.springboot.entity.Result com.hwadee.springboot.controller.VolunteerServiceRecordController.checkVolunteerActivityStatus(java.util.Map<java.lang.String, java.lang.Object>)]
[WARN]2024-07-08 22:04:42,246 - Resolved [org.springframework.http.converter.HttpMessageNotReadableException: Required request body is missing: public com.hwadee.springboot.entity.Result com.hwadee.springboot.controller.VolunteerServiceRecordController.checkVolunteerActivityStatus(java.util.Map<java.lang.String, java.lang.Object>)]
[WARN]2024-07-08 22:04:42,246 - Resolved [org.springframework.http.converter.HttpMessageNotReadableException: Required request body is missing: public com.hwadee.springboot.entity.Result com.hwadee.springboot.controller.VolunteerServiceRecordController.checkVolunteerActivityStatus(java.util.Map<java.lang.String, java.lang.Object>)]
[WARN]2024-07-08 22:04:42,246 - Resolved [org.springframework.http.converter.HttpMessageNotReadableException: Required request body is missing: public com.hwadee.springboot.entity.Result com.hwadee.springboot.controller.VolunteerServiceRecordController.checkVolunteerActivityStatus(java.util.Map<java.lang.String, java.lang.Object>)]
[WARN]2024-07-08 23:21:01,976 - Failure in @ExceptionHandler com.hwadee.springboot.exception.GlobalExceptionHandler#exceptionHandler(Exception)
org.apache.catalina.connector.ClientAbortException: java.io.IOException: 你的主机中的软件中止了一个已建立的连接。
	at org.apache.catalina.connector.OutputBuffer.realWriteBytes(OutputBuffer.java:351)
	at org.apache.catalina.connector.OutputBuffer.flushByteBuffer(OutputBuffer.java:784)
	at org.apache.catalina.connector.OutputBuffer.doFlush(OutputBuffer.java:298)
	at org.apache.catalina.connector.OutputBuffer.flush(OutputBuffer.java:271)
	at org.apache.catalina.connector.CoyoteOutputStream.flush(CoyoteOutputStream.java:120)
	at java.base/java.io.FilterOutputStream.flush(FilterOutputStream.java:154)
	at com.fasterxml.jackson.core.json.UTF8JsonGenerator.flush(UTF8JsonGenerator.java:1187)
	at com.fasterxml.jackson.databind.ObjectWriter.writeValue(ObjectWriter.java:1009)
	at org.springframework.http.converter.json.AbstractJackson2HttpMessageConverter.writeInternal(AbstractJackson2HttpMessageConverter.java:456)
	at org.springframework.http.converter.AbstractGenericHttpMessageConverter.write(AbstractGenericHttpMessageConverter.java:104)
	at org.springframework.web.servlet.mvc.method.annotation.AbstractMessageConverterMethodProcessor.writeWithMessageConverters(AbstractMessageConverterMethodProcessor.java:290)
	at org.springframework.web.servlet.mvc.method.annotation.RequestResponseBodyMethodProcessor.handleReturnValue(RequestResponseBodyMethodProcessor.java:183)
	at org.springframework.web.method.support.HandlerMethodReturnValueHandlerComposite.handleReturnValue(HandlerMethodReturnValueHandlerComposite.java:78)
	at org.springframework.web.servlet.mvc.method.annotation.ServletInvocableHandlerMethod.invokeAndHandle(ServletInvocableHandlerMethod.java:135)
	at org.springframework.web.servlet.mvc.method.annotation.ExceptionHandlerExceptionResolver.doResolveHandlerMethodException(ExceptionHandlerExceptionResolver.java:428)
	at org.springframework.web.servlet.handler.AbstractHandlerMethodExceptionResolver.doResolveException(AbstractHandlerMethodExceptionResolver.java:75)
	at org.springframework.web.servlet.handler.AbstractHandlerExceptionResolver.resolveException(AbstractHandlerExceptionResolver.java:142)
	at org.springframework.web.servlet.handler.HandlerExceptionResolverComposite.resolveException(HandlerExceptionResolverComposite.java:80)
	at org.springframework.web.servlet.DispatcherServlet.processHandlerException(DispatcherServlet.java:1332)
	at org.springframework.web.servlet.DispatcherServlet.processDispatchResult(DispatcherServlet.java:1143)
	at org.springframework.web.servlet.DispatcherServlet.doDispatch(DispatcherServlet.java:1089)
	at org.springframework.web.servlet.DispatcherServlet.doService(DispatcherServlet.java:965)
	at org.springframework.web.servlet.FrameworkServlet.processRequest(FrameworkServlet.java:1006)
	at org.springframework.web.servlet.FrameworkServlet.doPost(FrameworkServlet.java:909)
	at javax.servlet.http.HttpServlet.service(HttpServlet.java:555)
	at org.springframework.web.servlet.FrameworkServlet.service(FrameworkServlet.java:883)
	at javax.servlet.http.HttpServlet.service(HttpServlet.java:623)
	at org.apache.catalina.core.ApplicationFilterChain.internalDoFilter(ApplicationFilterChain.java:209)
	at org.apache.catalina.core.ApplicationFilterChain.doFilter(ApplicationFilterChain.java:153)
	at org.apache.tomcat.websocket.server.WsFilter.doFilter(WsFilter.java:51)
	at org.apache.catalina.core.ApplicationFilterChain.internalDoFilter(ApplicationFilterChain.java:178)
	at org.apache.catalina.core.ApplicationFilterChain.doFilter(ApplicationFilterChain.java:153)
	at org.springframework.web.filter.RequestContextFilter.doFilterInternal(RequestContextFilter.java:100)
	at org.springframework.web.filter.OncePerRequestFilter.doFilter(OncePerRequestFilter.java:117)
	at org.apache.catalina.core.ApplicationFilterChain.internalDoFilter(ApplicationFilterChain.java:178)
	at org.apache.catalina.core.ApplicationFilterChain.doFilter(ApplicationFilterChain.java:153)
	at org.springframework.web.filter.FormContentFilter.doFilterInternal(FormContentFilter.java:93)
	at org.springframework.web.filter.OncePerRequestFilter.doFilter(OncePerRequestFilter.java:117)
	at org.apache.catalina.core.ApplicationFilterChain.internalDoFilter(ApplicationFilterChain.java:178)
	at org.apache.catalina.core.ApplicationFilterChain.doFilter(ApplicationFilterChain.java:153)
	at javax.servlet.http.HttpFilter.doFilter(HttpFilter.java:85)
	at com.hwadee.springboot.config.CorsFilter.doFilter(CorsFilter.java:57)
	at javax.servlet.http.HttpFilter.doFilter(HttpFilter.java:53)
	at org.apache.catalina.core.ApplicationFilterChain.internalDoFilter(ApplicationFilterChain.java:178)
	at org.apache.catalina.core.ApplicationFilterChain.doFilter(ApplicationFilterChain.java:153)
	at org.springframework.web.filter.CharacterEncodingFilter.doFilterInternal(CharacterEncodingFilter.java:201)
	at org.springframework.web.filter.OncePerRequestFilter.doFilter(OncePerRequestFilter.java:117)
	at org.apache.catalina.core.ApplicationFilterChain.internalDoFilter(ApplicationFilterChain.java:178)
	at org.apache.catalina.core.ApplicationFilterChain.doFilter(ApplicationFilterChain.java:153)
	at org.apache.catalina.core.StandardWrapperValve.invoke(StandardWrapperValve.java:167)
	at org.apache.catalina.core.StandardContextValve.invoke(StandardContextValve.java:90)
	at org.apache.catalina.authenticator.AuthenticatorBase.invoke(AuthenticatorBase.java:481)
	at org.apache.catalina.core.StandardHostValve.invoke(StandardHostValve.java:130)
	at org.apache.catalina.valves.ErrorReportValve.invoke(ErrorReportValve.java:93)
	at org.apache.catalina.core.StandardEngineValve.invoke(StandardEngineValve.java:74)
	at org.apache.catalina.connector.CoyoteAdapter.service(CoyoteAdapter.java:343)
	at org.apache.coyote.http11.Http11Processor.service(Http11Processor.java:390)
	at org.apache.coyote.AbstractProcessorLight.process(AbstractProcessorLight.java:63)
	at org.apache.coyote.AbstractProtocol$ConnectionHandler.process(AbstractProtocol.java:926)
	at org.apache.tomcat.util.net.NioEndpoint$SocketProcessor.doRun(NioEndpoint.java:1791)
	at org.apache.tomcat.util.net.SocketProcessorBase.run(SocketProcessorBase.java:52)
	at org.apache.tomcat.util.threads.ThreadPoolExecutor.runWorker(ThreadPoolExecutor.java:1191)
	at org.apache.tomcat.util.threads.ThreadPoolExecutor$Worker.run(ThreadPoolExecutor.java:659)
	at org.apache.tomcat.util.threads.TaskThread$WrappingRunnable.run(TaskThread.java:61)
	at java.base/java.lang.Thread.run(Thread.java:1623)
Caused by: java.io.IOException: 你的主机中的软件中止了一个已建立的连接。
	at java.base/sun.nio.ch.SocketDispatcher.write0(Native Method)
	at java.base/sun.nio.ch.SocketDispatcher.write(SocketDispatcher.java:54)
	at java.base/sun.nio.ch.IOUtil.writeFromNativeBuffer(IOUtil.java:137)
	at java.base/sun.nio.ch.IOUtil.write(IOUtil.java:102)
	at java.base/sun.nio.ch.IOUtil.write(IOUtil.java:58)
	at java.base/sun.nio.ch.SocketChannelImpl.write(SocketChannelImpl.java:542)
	at org.apache.tomcat.util.net.NioChannel.write(NioChannel.java:136)
	at org.apache.tomcat.util.net.NioEndpoint$NioSocketWrapper.doWrite(NioEndpoint.java:1431)
	at org.apache.tomcat.util.net.SocketWrapperBase.doWrite(SocketWrapperBase.java:775)
	at org.apache.tomcat.util.net.SocketWrapperBase.writeBlocking(SocketWrapperBase.java:600)
	at org.apache.tomcat.util.net.SocketWrapperBase.write(SocketWrapperBase.java:544)
	at org.apache.coyote.http11.Http11OutputBuffer$SocketOutputBuffer.doWrite(Http11OutputBuffer.java:540)
	at org.apache.coyote.http11.filters.IdentityOutputFilter.doWrite(IdentityOutputFilter.java:73)
	at org.apache.coyote.http11.Http11OutputBuffer.doWrite(Http11OutputBuffer.java:193)
	at org.apache.coyote.Response.doWrite(Response.java:603)
	at org.apache.catalina.connector.OutputBuffer.realWriteBytes(OutputBuffer.java:338)
	... 64 common frames omitted
[WARN]2024-07-08 23:21:34,684 - Failure in @ExceptionHandler com.hwadee.springboot.exception.GlobalExceptionHandler#exceptionHandler(Exception)
org.apache.catalina.connector.ClientAbortException: java.io.IOException: 你的主机中的软件中止了一个已建立的连接。
	at org.apache.catalina.connector.OutputBuffer.realWriteBytes(OutputBuffer.java:351)
	at org.apache.catalina.connector.OutputBuffer.flushByteBuffer(OutputBuffer.java:784)
	at org.apache.catalina.connector.OutputBuffer.doFlush(OutputBuffer.java:298)
	at org.apache.catalina.connector.OutputBuffer.flush(OutputBuffer.java:271)
	at org.apache.catalina.connector.CoyoteOutputStream.flush(CoyoteOutputStream.java:120)
	at java.base/java.io.FilterOutputStream.flush(FilterOutputStream.java:154)
	at com.fasterxml.jackson.core.json.UTF8JsonGenerator.flush(UTF8JsonGenerator.java:1187)
	at com.fasterxml.jackson.databind.ObjectWriter.writeValue(ObjectWriter.java:1009)
	at org.springframework.http.converter.json.AbstractJackson2HttpMessageConverter.writeInternal(AbstractJackson2HttpMessageConverter.java:456)
	at org.springframework.http.converter.AbstractGenericHttpMessageConverter.write(AbstractGenericHttpMessageConverter.java:104)
	at org.springframework.web.servlet.mvc.method.annotation.AbstractMessageConverterMethodProcessor.writeWithMessageConverters(AbstractMessageConverterMethodProcessor.java:290)
	at org.springframework.web.servlet.mvc.method.annotation.RequestResponseBodyMethodProcessor.handleReturnValue(RequestResponseBodyMethodProcessor.java:183)
	at org.springframework.web.method.support.HandlerMethodReturnValueHandlerComposite.handleReturnValue(HandlerMethodReturnValueHandlerComposite.java:78)
	at org.springframework.web.servlet.mvc.method.annotation.ServletInvocableHandlerMethod.invokeAndHandle(ServletInvocableHandlerMethod.java:135)
	at org.springframework.web.servlet.mvc.method.annotation.ExceptionHandlerExceptionResolver.doResolveHandlerMethodException(ExceptionHandlerExceptionResolver.java:428)
	at org.springframework.web.servlet.handler.AbstractHandlerMethodExceptionResolver.doResolveException(AbstractHandlerMethodExceptionResolver.java:75)
	at org.springframework.web.servlet.handler.AbstractHandlerExceptionResolver.resolveException(AbstractHandlerExceptionResolver.java:142)
	at org.springframework.web.servlet.handler.HandlerExceptionResolverComposite.resolveException(HandlerExceptionResolverComposite.java:80)
	at org.springframework.web.servlet.DispatcherServlet.processHandlerException(DispatcherServlet.java:1332)
	at org.springframework.web.servlet.DispatcherServlet.processDispatchResult(DispatcherServlet.java:1143)
	at org.springframework.web.servlet.DispatcherServlet.doDispatch(DispatcherServlet.java:1089)
	at org.springframework.web.servlet.DispatcherServlet.doService(DispatcherServlet.java:965)
	at org.springframework.web.servlet.FrameworkServlet.processRequest(FrameworkServlet.java:1006)
	at org.springframework.web.servlet.FrameworkServlet.doPost(FrameworkServlet.java:909)
	at javax.servlet.http.HttpServlet.service(HttpServlet.java:555)
	at org.springframework.web.servlet.FrameworkServlet.service(FrameworkServlet.java:883)
	at javax.servlet.http.HttpServlet.service(HttpServlet.java:623)
	at org.apache.catalina.core.ApplicationFilterChain.internalDoFilter(ApplicationFilterChain.java:209)
	at org.apache.catalina.core.ApplicationFilterChain.doFilter(ApplicationFilterChain.java:153)
	at org.apache.tomcat.websocket.server.WsFilter.doFilter(WsFilter.java:51)
	at org.apache.catalina.core.ApplicationFilterChain.internalDoFilter(ApplicationFilterChain.java:178)
	at org.apache.catalina.core.ApplicationFilterChain.doFilter(ApplicationFilterChain.java:153)
	at org.springframework.web.filter.RequestContextFilter.doFilterInternal(RequestContextFilter.java:100)
	at org.springframework.web.filter.OncePerRequestFilter.doFilter(OncePerRequestFilter.java:117)
	at org.apache.catalina.core.ApplicationFilterChain.internalDoFilter(ApplicationFilterChain.java:178)
	at org.apache.catalina.core.ApplicationFilterChain.doFilter(ApplicationFilterChain.java:153)
	at org.springframework.web.filter.FormContentFilter.doFilterInternal(FormContentFilter.java:93)
	at org.springframework.web.filter.OncePerRequestFilter.doFilter(OncePerRequestFilter.java:117)
	at org.apache.catalina.core.ApplicationFilterChain.internalDoFilter(ApplicationFilterChain.java:178)
	at org.apache.catalina.core.ApplicationFilterChain.doFilter(ApplicationFilterChain.java:153)
	at javax.servlet.http.HttpFilter.doFilter(HttpFilter.java:85)
	at com.hwadee.springboot.config.CorsFilter.doFilter(CorsFilter.java:57)
	at javax.servlet.http.HttpFilter.doFilter(HttpFilter.java:53)
	at org.apache.catalina.core.ApplicationFilterChain.internalDoFilter(ApplicationFilterChain.java:178)
	at org.apache.catalina.core.ApplicationFilterChain.doFilter(ApplicationFilterChain.java:153)
	at org.springframework.web.filter.CharacterEncodingFilter.doFilterInternal(CharacterEncodingFilter.java:201)
	at org.springframework.web.filter.OncePerRequestFilter.doFilter(OncePerRequestFilter.java:117)
	at org.apache.catalina.core.ApplicationFilterChain.internalDoFilter(ApplicationFilterChain.java:178)
	at org.apache.catalina.core.ApplicationFilterChain.doFilter(ApplicationFilterChain.java:153)
	at org.apache.catalina.core.StandardWrapperValve.invoke(StandardWrapperValve.java:167)
	at org.apache.catalina.core.StandardContextValve.invoke(StandardContextValve.java:90)
	at org.apache.catalina.authenticator.AuthenticatorBase.invoke(AuthenticatorBase.java:481)
	at org.apache.catalina.core.StandardHostValve.invoke(StandardHostValve.java:130)
	at org.apache.catalina.valves.ErrorReportValve.invoke(ErrorReportValve.java:93)
	at org.apache.catalina.core.StandardEngineValve.invoke(StandardEngineValve.java:74)
	at org.apache.catalina.connector.CoyoteAdapter.service(CoyoteAdapter.java:343)
	at org.apache.coyote.http11.Http11Processor.service(Http11Processor.java:390)
	at org.apache.coyote.AbstractProcessorLight.process(AbstractProcessorLight.java:63)
	at org.apache.coyote.AbstractProtocol$ConnectionHandler.process(AbstractProtocol.java:926)
	at org.apache.tomcat.util.net.NioEndpoint$SocketProcessor.doRun(NioEndpoint.java:1791)
	at org.apache.tomcat.util.net.SocketProcessorBase.run(SocketProcessorBase.java:52)
	at org.apache.tomcat.util.threads.ThreadPoolExecutor.runWorker(ThreadPoolExecutor.java:1191)
	at org.apache.tomcat.util.threads.ThreadPoolExecutor$Worker.run(ThreadPoolExecutor.java:659)
	at org.apache.tomcat.util.threads.TaskThread$WrappingRunnable.run(TaskThread.java:61)
	at java.base/java.lang.Thread.run(Thread.java:1623)
Caused by: java.io.IOException: 你的主机中的软件中止了一个已建立的连接。
	at java.base/sun.nio.ch.SocketDispatcher.write0(Native Method)
	at java.base/sun.nio.ch.SocketDispatcher.write(SocketDispatcher.java:54)
	at java.base/sun.nio.ch.IOUtil.writeFromNativeBuffer(IOUtil.java:137)
	at java.base/sun.nio.ch.IOUtil.write(IOUtil.java:102)
	at java.base/sun.nio.ch.IOUtil.write(IOUtil.java:58)
	at java.base/sun.nio.ch.SocketChannelImpl.write(SocketChannelImpl.java:542)
	at org.apache.tomcat.util.net.NioChannel.write(NioChannel.java:136)
	at org.apache.tomcat.util.net.NioEndpoint$NioSocketWrapper.doWrite(NioEndpoint.java:1431)
	at org.apache.tomcat.util.net.SocketWrapperBase.doWrite(SocketWrapperBase.java:775)
	at org.apache.tomcat.util.net.SocketWrapperBase.writeBlocking(SocketWrapperBase.java:600)
	at org.apache.tomcat.util.net.SocketWrapperBase.write(SocketWrapperBase.java:544)
	at org.apache.coyote.http11.Http11OutputBuffer$SocketOutputBuffer.doWrite(Http11OutputBuffer.java:540)
	at org.apache.coyote.http11.filters.IdentityOutputFilter.doWrite(IdentityOutputFilter.java:73)
	at org.apache.coyote.http11.Http11OutputBuffer.doWrite(Http11OutputBuffer.java:193)
	at org.apache.coyote.Response.doWrite(Response.java:603)
	at org.apache.catalina.connector.OutputBuffer.realWriteBytes(OutputBuffer.java:338)
	... 64 common frames omitted
