[INFO]2024-07-02 00:02:47,333 - Initializing Spring DispatcherServlet 'dispatcherServlet'
[INFO]2024-07-02 00:02:47,334 - Initializing Servlet 'dispatcherServlet'
[INFO]2024-07-02 00:02:47,336 - Completed initialization in 2 ms
[WARN]2024-07-02 00:04:10,729 - Resolved [org.springframework.web.method.annotation.MethodArgumentTypeMismatchException: Failed to convert value of type 'java.lang.String' to required type 'java.lang.Long'; nested exception is java.lang.NumberFormatException: For input string: "{id=1}"]
[WARN]2024-07-02 00:04:22,434 - Resolved [org.springframework.web.method.annotation.MethodArgumentTypeMismatchException: Failed to convert value of type 'java.lang.String' to required type 'java.lang.Long'; nested exception is java.lang.NumberFormatException: For input string: "{id=1}"]
[INFO]2024-07-02 00:05:35,955 - Closing JPA EntityManagerFactory for persistence unit 'default'
[INFO]2024-07-02 00:05:35,958 - HikariPool-1 - Shutdown initiated...
[INFO]2024-07-02 00:05:35,969 - HikariPool-1 - Shutdown completed.
[INFO]2024-07-02 00:05:37,910 - Starting SpringbootApplication using Java 20.0.1 on LAPTOP-L2BN52PD with PID 28552 (E:\shixi\springboot\target\classes started by jiaoy in E:\shixi\springboot)
[INFO]2024-07-02 00:05:37,910 - No active profile set, falling back to 1 default profile: "default"
[INFO]2024-07-02 00:05:37,955 - Devtools property defaults active! Set 'spring.devtools.add-properties' to 'false' to disable
[INFO]2024-07-02 00:05:37,955 - For additional web related logging consider setting the 'logging.level.web' property to 'DEBUG'
[INFO]2024-07-02 00:05:38,608 - Multiple Spring Data modules found, entering strict repository configuration mode
[INFO]2024-07-02 00:05:38,608 - Bootstrapping Spring Data JPA repositories in DEFAULT mode.
[INFO]2024-07-02 00:05:38,630 - Finished Spring Data repository scanning in 13 ms. Found 0 JPA repository interfaces.
[INFO]2024-07-02 00:05:38,642 - Multiple Spring Data modules found, entering strict repository configuration mode
[INFO]2024-07-02 00:05:38,643 - Bootstrapping Spring Data Redis repositories in DEFAULT mode.
[INFO]2024-07-02 00:05:38,654 - Finished Spring Data repository scanning in 3 ms. Found 0 Redis repository interfaces.
[INFO]2024-07-02 00:05:39,147 - Tomcat initialized with port(s): 8080 (http)
[INFO]2024-07-02 00:05:39,148 - Loaded Apache Tomcat Native library [1.3.0] using APR version [1.7.4].
[INFO]2024-07-02 00:05:39,148 - APR capabilities: IPv6 [true], sendfile [true], accept filters [false], random [true], UDS [true].
[INFO]2024-07-02 00:05:39,148 - APR/OpenSSL configuration: useAprConnector [false], useOpenSSL [true]
[INFO]2024-07-02 00:05:39,155 - OpenSSL successfully initialized [OpenSSL 3.0.13 30 Jan 2024]
[INFO]2024-07-02 00:05:39,162 - Initializing ProtocolHandler ["http-nio-8080"]
[INFO]2024-07-02 00:05:39,163 - Starting service [Tomcat]
[INFO]2024-07-02 00:05:39,163 - Starting Servlet engine: [Apache Tomcat/9.0.76]
[INFO]2024-07-02 00:05:39,240 - Initializing Spring embedded WebApplicationContext
[INFO]2024-07-02 00:05:39,241 - Root WebApplicationContext: initialization completed in 1286 ms
[INFO]2024-07-02 00:05:39,354 - HikariPool-1 - Starting...
[WARN]2024-07-02 00:05:39,356 - Registered driver with driverClassName=com.mysql.jdbc.Driver was not found, trying direct instantiation.
[INFO]2024-07-02 00:05:39,460 - HikariPool-1 - Start completed.
[INFO]2024-07-02 00:05:39,514 - HHH000412: Hibernate ORM core version 5.6.15.Final
[INFO]2024-07-02 00:05:39,606 - HCANN000001: Hibernate Commons Annotations {5.1.2.Final}
[INFO]2024-07-02 00:05:39,678 - HHH000400: Using dialect: org.hibernate.dialect.MySQL55Dialect
[INFO]2024-07-02 00:05:39,769 - HHH000490: Using JtaPlatform implementation: [org.hibernate.engine.transaction.jta.platform.internal.NoJtaPlatform]
[INFO]2024-07-02 00:05:39,777 - Initialized JPA EntityManagerFactory for persistence unit 'default'
[INFO]2024-07-02 00:05:40,159 - 自定义Redis配置--
[WARN]2024-07-02 00:05:40,302 - spring.jpa.open-in-view is enabled by default. Therefore, database queries may be performed during view rendering. Explicitly configure spring.jpa.open-in-view to disable this warning
[INFO]2024-07-02 00:05:40,427 - Adding welcome page template: index
[INFO]2024-07-02 00:05:40,658 - LiveReload server is running on port 35729
[INFO]2024-07-02 00:05:40,677 - Starting ProtocolHandler ["http-nio-8080"]
[INFO]2024-07-02 00:05:40,691 - Tomcat started on port(s): 8080 (http) with context path ''
[INFO]2024-07-02 00:05:40,705 - Started SpringbootApplication in 3.13 seconds (JVM running for 3.794)
[INFO]2024-07-02 00:06:16,581 - Initializing Spring DispatcherServlet 'dispatcherServlet'
[INFO]2024-07-02 00:06:16,581 - Initializing Servlet 'dispatcherServlet'
[INFO]2024-07-02 00:06:16,582 - Completed initialization in 1 ms
[INFO]2024-07-02 00:12:58,759 - Closing JPA EntityManagerFactory for persistence unit 'default'
[INFO]2024-07-02 00:12:58,761 - HikariPool-1 - Shutdown initiated...
[INFO]2024-07-02 00:12:58,768 - HikariPool-1 - Shutdown completed.
[ERROR]2024-07-02 00:13:01,439 - Application run failed
java.lang.IllegalStateException: java.lang.IllegalStateException: Logback configuration error detected: 
ERROR in ch.qos.logback.core.joran.action.AppenderRefAction - Could not find an appender named [consoleLog]. Did you define it below instead of above in the configuration file?
ERROR in ch.qos.logback.core.joran.action.AppenderRefAction - See http://logback.qos.ch/codes.html#appender_order for more details.
	at org.springframework.boot.context.logging.LoggingApplicationListener.initializeSystem(LoggingApplicationListener.java:344)
	at org.springframework.boot.context.logging.LoggingApplicationListener.initialize(LoggingApplicationListener.java:298)
	at org.springframework.boot.context.logging.LoggingApplicationListener.onApplicationEnvironmentPreparedEvent(LoggingApplicationListener.java:246)
	at org.springframework.boot.context.logging.LoggingApplicationListener.onApplicationEvent(LoggingApplicationListener.java:223)
	at org.springframework.context.event.SimpleApplicationEventMulticaster.doInvokeListener(SimpleApplicationEventMulticaster.java:176)
	at org.springframework.context.event.SimpleApplicationEventMulticaster.invokeListener(SimpleApplicationEventMulticaster.java:169)
	at org.springframework.context.event.SimpleApplicationEventMulticaster.multicastEvent(SimpleApplicationEventMulticaster.java:143)
	at org.springframework.context.event.SimpleApplicationEventMulticaster.multicastEvent(SimpleApplicationEventMulticaster.java:131)
	at org.springframework.boot.context.event.EventPublishingRunListener.environmentPrepared(EventPublishingRunListener.java:85)
	at org.springframework.boot.SpringApplicationRunListeners.lambda$environmentPrepared$2(SpringApplicationRunListeners.java:66)
	at java.base/java.util.ArrayList.forEach(ArrayList.java:1511)
	at org.springframework.boot.SpringApplicationRunListeners.doWithListeners(SpringApplicationRunListeners.java:120)
	at org.springframework.boot.SpringApplicationRunListeners.doWithListeners(SpringApplicationRunListeners.java:114)
	at org.springframework.boot.SpringApplicationRunListeners.environmentPrepared(SpringApplicationRunListeners.java:65)
	at org.springframework.boot.SpringApplication.prepareEnvironment(SpringApplication.java:343)
	at org.springframework.boot.SpringApplication.run(SpringApplication.java:301)
	at org.springframework.boot.SpringApplication.run(SpringApplication.java:1303)
	at org.springframework.boot.SpringApplication.run(SpringApplication.java:1292)
	at com.hwadee.springboot.SpringbootApplication.main(SpringbootApplication.java:14)
	at java.base/jdk.internal.reflect.DirectMethodHandleAccessor.invoke(DirectMethodHandleAccessor.java:104)
	at java.base/java.lang.reflect.Method.invoke(Method.java:578)
	at org.springframework.boot.devtools.restart.RestartLauncher.run(RestartLauncher.java:50)
Caused by: java.lang.IllegalStateException: Logback configuration error detected: 
ERROR in ch.qos.logback.core.joran.action.AppenderRefAction - Could not find an appender named [consoleLog]. Did you define it below instead of above in the configuration file?
ERROR in ch.qos.logback.core.joran.action.AppenderRefAction - See http://logback.qos.ch/codes.html#appender_order for more details.
	at org.springframework.boot.logging.logback.LogbackLoggingSystem.loadConfiguration(LogbackLoggingSystem.java:179)
	at org.springframework.boot.logging.AbstractLoggingSystem.initializeWithSpecificConfig(AbstractLoggingSystem.java:66)
	at org.springframework.boot.logging.AbstractLoggingSystem.initialize(AbstractLoggingSystem.java:57)
	at org.springframework.boot.logging.logback.LogbackLoggingSystem.initialize(LogbackLoggingSystem.java:132)
	at org.springframework.boot.context.logging.LoggingApplicationListener.initializeSystem(LoggingApplicationListener.java:332)
	... 21 common frames omitted
[INFO]2024-07-02 00:14:19,912 - Starting SpringbootApplication using Java 20.0.1 on LAPTOP-L2BN52PD with PID 20164 (E:\shixi\springboot\target\classes started by jiaoy in E:\shixi\springboot)
[INFO]2024-07-02 00:14:19,913 - No active profile set, falling back to 1 default profile: "default"
[INFO]2024-07-02 00:14:19,964 - Devtools property defaults active! Set 'spring.devtools.add-properties' to 'false' to disable
[INFO]2024-07-02 00:14:19,964 - For additional web related logging consider setting the 'logging.level.web' property to 'DEBUG'
[INFO]2024-07-02 00:14:20,577 - Multiple Spring Data modules found, entering strict repository configuration mode
[INFO]2024-07-02 00:14:20,577 - Bootstrapping Spring Data JPA repositories in DEFAULT mode.
[INFO]2024-07-02 00:14:20,592 - Finished Spring Data repository scanning in 7 ms. Found 0 JPA repository interfaces.
[INFO]2024-07-02 00:14:20,604 - Multiple Spring Data modules found, entering strict repository configuration mode
[INFO]2024-07-02 00:14:20,605 - Bootstrapping Spring Data Redis repositories in DEFAULT mode.
[INFO]2024-07-02 00:14:20,613 - Finished Spring Data repository scanning in 2 ms. Found 0 Redis repository interfaces.
[INFO]2024-07-02 00:14:21,042 - Tomcat initialized with port(s): 8080 (http)
[INFO]2024-07-02 00:14:21,043 - Loaded Apache Tomcat Native library [1.3.0] using APR version [1.7.4].
[INFO]2024-07-02 00:14:21,043 - APR capabilities: IPv6 [true], sendfile [true], accept filters [false], random [true], UDS [true].
[INFO]2024-07-02 00:14:21,043 - APR/OpenSSL configuration: useAprConnector [false], useOpenSSL [true]
[INFO]2024-07-02 00:14:21,047 - OpenSSL successfully initialized [OpenSSL 3.0.13 30 Jan 2024]
[INFO]2024-07-02 00:14:21,053 - Initializing ProtocolHandler ["http-nio-8080"]
[INFO]2024-07-02 00:14:21,053 - Starting service [Tomcat]
[INFO]2024-07-02 00:14:21,053 - Starting Servlet engine: [Apache Tomcat/9.0.76]
[INFO]2024-07-02 00:14:21,106 - Initializing Spring embedded WebApplicationContext
[INFO]2024-07-02 00:14:21,106 - Root WebApplicationContext: initialization completed in 1141 ms
[INFO]2024-07-02 00:14:21,206 - HikariPool-1 - Starting...
[WARN]2024-07-02 00:14:21,208 - Registered driver with driverClassName=com.mysql.jdbc.Driver was not found, trying direct instantiation.
[INFO]2024-07-02 00:14:21,301 - HikariPool-1 - Start completed.
[INFO]2024-07-02 00:14:21,352 - HHH000412: Hibernate ORM core version 5.6.15.Final
[INFO]2024-07-02 00:14:21,436 - HCANN000001: Hibernate Commons Annotations {5.1.2.Final}
[INFO]2024-07-02 00:14:21,502 - HHH000400: Using dialect: org.hibernate.dialect.MySQL55Dialect
[INFO]2024-07-02 00:14:21,589 - HHH000490: Using JtaPlatform implementation: [org.hibernate.engine.transaction.jta.platform.internal.NoJtaPlatform]
[INFO]2024-07-02 00:14:21,596 - Initialized JPA EntityManagerFactory for persistence unit 'default'
[INFO]2024-07-02 00:14:21,947 - 自定义Redis配置--
[WARN]2024-07-02 00:14:21,991 - spring.jpa.open-in-view is enabled by default. Therefore, database queries may be performed during view rendering. Explicitly configure spring.jpa.open-in-view to disable this warning
[INFO]2024-07-02 00:14:22,103 - Adding welcome page template: index
[INFO]2024-07-02 00:14:22,306 - LiveReload server is running on port 35729
[INFO]2024-07-02 00:14:22,324 - Starting ProtocolHandler ["http-nio-8080"]
[INFO]2024-07-02 00:14:22,338 - Tomcat started on port(s): 8080 (http) with context path ''
[INFO]2024-07-02 00:14:22,351 - Started SpringbootApplication in 2.81 seconds (JVM running for 3.439)
[INFO]2024-07-02 00:14:43,081 - Closing JPA EntityManagerFactory for persistence unit 'default'
[INFO]2024-07-02 00:14:43,086 - HikariPool-1 - Shutdown initiated...
[INFO]2024-07-02 00:14:43,091 - HikariPool-1 - Shutdown completed.
[INFO]2024-07-02 00:14:45,712 - Starting SpringbootApplication using Java 20.0.1 on LAPTOP-L2BN52PD with PID 15184 (E:\shixi\springboot\target\classes started by jiaoy in E:\shixi\springboot)
[INFO]2024-07-02 00:14:45,712 - No active profile set, falling back to 1 default profile: "default"
[INFO]2024-07-02 00:14:45,754 - Devtools property defaults active! Set 'spring.devtools.add-properties' to 'false' to disable
[INFO]2024-07-02 00:14:45,755 - For additional web related logging consider setting the 'logging.level.web' property to 'DEBUG'
[INFO]2024-07-02 00:14:46,369 - Multiple Spring Data modules found, entering strict repository configuration mode
[INFO]2024-07-02 00:14:46,369 - Bootstrapping Spring Data JPA repositories in DEFAULT mode.
[INFO]2024-07-02 00:14:46,382 - Finished Spring Data repository scanning in 6 ms. Found 0 JPA repository interfaces.
[INFO]2024-07-02 00:14:46,393 - Multiple Spring Data modules found, entering strict repository configuration mode
[INFO]2024-07-02 00:14:46,394 - Bootstrapping Spring Data Redis repositories in DEFAULT mode.
[INFO]2024-07-02 00:14:46,402 - Finished Spring Data repository scanning in 2 ms. Found 0 Redis repository interfaces.
[INFO]2024-07-02 00:14:46,855 - Tomcat initialized with port(s): 8080 (http)
[INFO]2024-07-02 00:14:46,856 - Loaded Apache Tomcat Native library [1.3.0] using APR version [1.7.4].
[INFO]2024-07-02 00:14:46,856 - APR capabilities: IPv6 [true], sendfile [true], accept filters [false], random [true], UDS [true].
[INFO]2024-07-02 00:14:46,856 - APR/OpenSSL configuration: useAprConnector [false], useOpenSSL [true]
[INFO]2024-07-02 00:14:46,861 - OpenSSL successfully initialized [OpenSSL 3.0.13 30 Jan 2024]
[INFO]2024-07-02 00:14:46,866 - Initializing ProtocolHandler ["http-nio-8080"]
[INFO]2024-07-02 00:14:46,867 - Starting service [Tomcat]
[INFO]2024-07-02 00:14:46,867 - Starting Servlet engine: [Apache Tomcat/9.0.76]
[INFO]2024-07-02 00:14:46,930 - Initializing Spring embedded WebApplicationContext
[INFO]2024-07-02 00:14:46,930 - Root WebApplicationContext: initialization completed in 1175 ms
[INFO]2024-07-02 00:14:47,038 - HikariPool-1 - Starting...
[WARN]2024-07-02 00:14:47,039 - Registered driver with driverClassName=com.mysql.jdbc.Driver was not found, trying direct instantiation.
[INFO]2024-07-02 00:14:47,138 - HikariPool-1 - Start completed.
[INFO]2024-07-02 00:14:47,193 - HHH000412: Hibernate ORM core version 5.6.15.Final
[INFO]2024-07-02 00:14:47,283 - HCANN000001: Hibernate Commons Annotations {5.1.2.Final}
[INFO]2024-07-02 00:14:47,355 - HHH000400: Using dialect: org.hibernate.dialect.MySQL55Dialect
[INFO]2024-07-02 00:14:47,443 - HHH000490: Using JtaPlatform implementation: [org.hibernate.engine.transaction.jta.platform.internal.NoJtaPlatform]
[INFO]2024-07-02 00:14:47,450 - Initialized JPA EntityManagerFactory for persistence unit 'default'
[INFO]2024-07-02 00:14:47,913 - 自定义Redis配置--
[WARN]2024-07-02 00:14:47,960 - spring.jpa.open-in-view is enabled by default. Therefore, database queries may be performed during view rendering. Explicitly configure spring.jpa.open-in-view to disable this warning
[INFO]2024-07-02 00:14:48,096 - Adding welcome page template: index
[INFO]2024-07-02 00:14:48,320 - LiveReload server is running on port 35729
[INFO]2024-07-02 00:14:48,338 - Starting ProtocolHandler ["http-nio-8080"]
[INFO]2024-07-02 00:14:48,351 - Tomcat started on port(s): 8080 (http) with context path ''
[INFO]2024-07-02 00:14:48,364 - Started SpringbootApplication in 2.996 seconds (JVM running for 3.652)
[INFO]2024-07-02 00:16:00,791 - Initializing Spring DispatcherServlet 'dispatcherServlet'
[INFO]2024-07-02 00:16:00,791 - Initializing Servlet 'dispatcherServlet'
[INFO]2024-07-02 00:16:00,792 - Completed initialization in 1 ms
[INFO]2024-07-02 00:17:50,502 - Closing JPA EntityManagerFactory for persistence unit 'default'
[INFO]2024-07-02 00:17:50,505 - HikariPool-1 - Shutdown initiated...
[INFO]2024-07-02 00:17:50,511 - HikariPool-1 - Shutdown completed.
[INFO]2024-07-02 00:17:53,142 - Starting SpringbootApplication using Java 20.0.1 on LAPTOP-L2BN52PD with PID 9188 (E:\shixi\springboot\target\classes started by jiaoy in E:\shixi\springboot)
[INFO]2024-07-02 00:17:53,143 - No active profile set, falling back to 1 default profile: "default"
[INFO]2024-07-02 00:17:53,188 - Devtools property defaults active! Set 'spring.devtools.add-properties' to 'false' to disable
[INFO]2024-07-02 00:17:53,188 - For additional web related logging consider setting the 'logging.level.web' property to 'DEBUG'
[INFO]2024-07-02 00:17:53,860 - Multiple Spring Data modules found, entering strict repository configuration mode
[INFO]2024-07-02 00:17:53,860 - Bootstrapping Spring Data JPA repositories in DEFAULT mode.
[INFO]2024-07-02 00:17:53,880 - Finished Spring Data repository scanning in 7 ms. Found 0 JPA repository interfaces.
[INFO]2024-07-02 00:17:53,892 - Multiple Spring Data modules found, entering strict repository configuration mode
[INFO]2024-07-02 00:17:53,893 - Bootstrapping Spring Data Redis repositories in DEFAULT mode.
[INFO]2024-07-02 00:17:53,902 - Finished Spring Data repository scanning in 2 ms. Found 0 Redis repository interfaces.
[INFO]2024-07-02 00:17:54,359 - Tomcat initialized with port(s): 8080 (http)
[INFO]2024-07-02 00:17:54,360 - Loaded Apache Tomcat Native library [1.3.0] using APR version [1.7.4].
[INFO]2024-07-02 00:17:54,360 - APR capabilities: IPv6 [true], sendfile [true], accept filters [false], random [true], UDS [true].
[INFO]2024-07-02 00:17:54,360 - APR/OpenSSL configuration: useAprConnector [false], useOpenSSL [true]
[INFO]2024-07-02 00:17:54,365 - OpenSSL successfully initialized [OpenSSL 3.0.13 30 Jan 2024]
[INFO]2024-07-02 00:17:54,370 - Initializing ProtocolHandler ["http-nio-8080"]
[INFO]2024-07-02 00:17:54,371 - Starting service [Tomcat]
[INFO]2024-07-02 00:17:54,371 - Starting Servlet engine: [Apache Tomcat/9.0.76]
[INFO]2024-07-02 00:17:54,429 - Initializing Spring embedded WebApplicationContext
[INFO]2024-07-02 00:17:54,429 - Root WebApplicationContext: initialization completed in 1240 ms
[INFO]2024-07-02 00:17:54,531 - HikariPool-1 - Starting...
[WARN]2024-07-02 00:17:54,533 - Registered driver with driverClassName=com.mysql.jdbc.Driver was not found, trying direct instantiation.
[INFO]2024-07-02 00:17:54,630 - HikariPool-1 - Start completed.
[INFO]2024-07-02 00:17:54,687 - HHH000412: Hibernate ORM core version 5.6.15.Final
[INFO]2024-07-02 00:17:54,777 - HCANN000001: Hibernate Commons Annotations {5.1.2.Final}
[INFO]2024-07-02 00:17:54,851 - HHH000400: Using dialect: org.hibernate.dialect.MySQL55Dialect
[INFO]2024-07-02 00:17:54,937 - HHH000490: Using JtaPlatform implementation: [org.hibernate.engine.transaction.jta.platform.internal.NoJtaPlatform]
[INFO]2024-07-02 00:17:54,943 - Initialized JPA EntityManagerFactory for persistence unit 'default'
[INFO]2024-07-02 00:17:55,322 - 自定义Redis配置--
[WARN]2024-07-02 00:17:55,366 - spring.jpa.open-in-view is enabled by default. Therefore, database queries may be performed during view rendering. Explicitly configure spring.jpa.open-in-view to disable this warning
[INFO]2024-07-02 00:17:55,488 - Adding welcome page template: index
[INFO]2024-07-02 00:17:55,701 - LiveReload server is running on port 35729
[INFO]2024-07-02 00:17:55,721 - Starting ProtocolHandler ["http-nio-8080"]
[INFO]2024-07-02 00:17:55,740 - Tomcat started on port(s): 8080 (http) with context path ''
[INFO]2024-07-02 00:17:55,754 - Started SpringbootApplication in 2.963 seconds (JVM running for 3.628)
[INFO]2024-07-02 00:18:01,780 - Initializing Spring DispatcherServlet 'dispatcherServlet'
[INFO]2024-07-02 00:18:01,781 - Initializing Servlet 'dispatcherServlet'
[INFO]2024-07-02 00:18:01,782 - Completed initialization in 1 ms
[INFO]2024-07-02 00:19:05,225 - Closing JPA EntityManagerFactory for persistence unit 'default'
[INFO]2024-07-02 00:19:05,229 - HikariPool-1 - Shutdown initiated...
[INFO]2024-07-02 00:19:05,236 - HikariPool-1 - Shutdown completed.
[INFO]2024-07-02 00:19:07,179 - Starting SpringbootApplication using Java 20.0.1 on LAPTOP-L2BN52PD with PID 51976 (E:\shixi\springboot\target\classes started by jiaoy in E:\shixi\springboot)
[INFO]2024-07-02 00:19:07,179 - No active profile set, falling back to 1 default profile: "default"
[INFO]2024-07-02 00:19:07,226 - Devtools property defaults active! Set 'spring.devtools.add-properties' to 'false' to disable
[INFO]2024-07-02 00:19:07,226 - For additional web related logging consider setting the 'logging.level.web' property to 'DEBUG'
[INFO]2024-07-02 00:19:07,901 - Multiple Spring Data modules found, entering strict repository configuration mode
[INFO]2024-07-02 00:19:07,902 - Bootstrapping Spring Data JPA repositories in DEFAULT mode.
[INFO]2024-07-02 00:19:07,916 - Finished Spring Data repository scanning in 7 ms. Found 0 JPA repository interfaces.
[INFO]2024-07-02 00:19:07,927 - Multiple Spring Data modules found, entering strict repository configuration mode
[INFO]2024-07-02 00:19:07,928 - Bootstrapping Spring Data Redis repositories in DEFAULT mode.
[INFO]2024-07-02 00:19:07,938 - Finished Spring Data repository scanning in 2 ms. Found 0 Redis repository interfaces.
[INFO]2024-07-02 00:19:08,439 - Tomcat initialized with port(s): 8080 (http)
[INFO]2024-07-02 00:19:08,439 - Loaded Apache Tomcat Native library [1.3.0] using APR version [1.7.4].
[INFO]2024-07-02 00:19:08,440 - APR capabilities: IPv6 [true], sendfile [true], accept filters [false], random [true], UDS [true].
[INFO]2024-07-02 00:19:08,440 - APR/OpenSSL configuration: useAprConnector [false], useOpenSSL [true]
[INFO]2024-07-02 00:19:08,445 - OpenSSL successfully initialized [OpenSSL 3.0.13 30 Jan 2024]
[INFO]2024-07-02 00:19:08,452 - Initializing ProtocolHandler ["http-nio-8080"]
[INFO]2024-07-02 00:19:08,453 - Starting service [Tomcat]
[INFO]2024-07-02 00:19:08,453 - Starting Servlet engine: [Apache Tomcat/9.0.76]
[INFO]2024-07-02 00:19:08,513 - Initializing Spring embedded WebApplicationContext
[INFO]2024-07-02 00:19:08,514 - Root WebApplicationContext: initialization completed in 1287 ms
[INFO]2024-07-02 00:19:08,642 - HikariPool-1 - Starting...
[WARN]2024-07-02 00:19:08,643 - Registered driver with driverClassName=com.mysql.jdbc.Driver was not found, trying direct instantiation.
[INFO]2024-07-02 00:19:08,737 - HikariPool-1 - Start completed.
[INFO]2024-07-02 00:19:08,819 - HHH000412: Hibernate ORM core version 5.6.15.Final
[INFO]2024-07-02 00:19:08,913 - HCANN000001: Hibernate Commons Annotations {5.1.2.Final}
[INFO]2024-07-02 00:19:08,981 - HHH000400: Using dialect: org.hibernate.dialect.MySQL55Dialect
[INFO]2024-07-02 00:19:09,077 - HHH000490: Using JtaPlatform implementation: [org.hibernate.engine.transaction.jta.platform.internal.NoJtaPlatform]
[INFO]2024-07-02 00:19:09,085 - Initialized JPA EntityManagerFactory for persistence unit 'default'
[INFO]2024-07-02 00:19:09,477 - 自定义Redis配置--
[WARN]2024-07-02 00:19:09,527 - spring.jpa.open-in-view is enabled by default. Therefore, database queries may be performed during view rendering. Explicitly configure spring.jpa.open-in-view to disable this warning
[INFO]2024-07-02 00:19:09,648 - Adding welcome page template: index
[INFO]2024-07-02 00:19:09,905 - LiveReload server is running on port 35729
[INFO]2024-07-02 00:19:09,927 - Starting ProtocolHandler ["http-nio-8080"]
[INFO]2024-07-02 00:19:09,941 - Tomcat started on port(s): 8080 (http) with context path ''
[INFO]2024-07-02 00:19:09,956 - Started SpringbootApplication in 3.109 seconds (JVM running for 3.759)
[INFO]2024-07-02 00:19:18,996 - Closing JPA EntityManagerFactory for persistence unit 'default'
[INFO]2024-07-02 00:19:18,998 - HikariPool-1 - Shutdown initiated...
[INFO]2024-07-02 00:19:19,003 - HikariPool-1 - Shutdown completed.
[ERROR]2024-07-02 00:19:22,101 - Application run failed
java.lang.IllegalStateException: java.lang.IllegalStateException: Logback configuration error detected: 
ERROR in ch.qos.logback.classic.PatternLayout("[%p]%d - %msg%n%") - Failed to parse pattern "[%p]%d - %msg%n%". ch.qos.logback.core.spi.ScanException: Unexpected end of pattern string
	at org.springframework.boot.context.logging.LoggingApplicationListener.initializeSystem(LoggingApplicationListener.java:344)
	at org.springframework.boot.context.logging.LoggingApplicationListener.initialize(LoggingApplicationListener.java:298)
	at org.springframework.boot.context.logging.LoggingApplicationListener.onApplicationEnvironmentPreparedEvent(LoggingApplicationListener.java:246)
	at org.springframework.boot.context.logging.LoggingApplicationListener.onApplicationEvent(LoggingApplicationListener.java:223)
	at org.springframework.context.event.SimpleApplicationEventMulticaster.doInvokeListener(SimpleApplicationEventMulticaster.java:176)
	at org.springframework.context.event.SimpleApplicationEventMulticaster.invokeListener(SimpleApplicationEventMulticaster.java:169)
	at org.springframework.context.event.SimpleApplicationEventMulticaster.multicastEvent(SimpleApplicationEventMulticaster.java:143)
	at org.springframework.context.event.SimpleApplicationEventMulticaster.multicastEvent(SimpleApplicationEventMulticaster.java:131)
	at org.springframework.boot.context.event.EventPublishingRunListener.environmentPrepared(EventPublishingRunListener.java:85)
	at org.springframework.boot.SpringApplicationRunListeners.lambda$environmentPrepared$2(SpringApplicationRunListeners.java:66)
	at java.base/java.util.ArrayList.forEach(ArrayList.java:1511)
	at org.springframework.boot.SpringApplicationRunListeners.doWithListeners(SpringApplicationRunListeners.java:120)
	at org.springframework.boot.SpringApplicationRunListeners.doWithListeners(SpringApplicationRunListeners.java:114)
	at org.springframework.boot.SpringApplicationRunListeners.environmentPrepared(SpringApplicationRunListeners.java:65)
	at org.springframework.boot.SpringApplication.prepareEnvironment(SpringApplication.java:343)
	at org.springframework.boot.SpringApplication.run(SpringApplication.java:301)
	at org.springframework.boot.SpringApplication.run(SpringApplication.java:1303)
	at org.springframework.boot.SpringApplication.run(SpringApplication.java:1292)
	at com.hwadee.springboot.SpringbootApplication.main(SpringbootApplication.java:14)
	at java.base/jdk.internal.reflect.DirectMethodHandleAccessor.invoke(DirectMethodHandleAccessor.java:104)
	at java.base/java.lang.reflect.Method.invoke(Method.java:578)
	at org.springframework.boot.devtools.restart.RestartLauncher.run(RestartLauncher.java:50)
Caused by: java.lang.IllegalStateException: Logback configuration error detected: 
ERROR in ch.qos.logback.classic.PatternLayout("[%p]%d - %msg%n%") - Failed to parse pattern "[%p]%d - %msg%n%". ch.qos.logback.core.spi.ScanException: Unexpected end of pattern string
	at org.springframework.boot.logging.logback.LogbackLoggingSystem.loadConfiguration(LogbackLoggingSystem.java:179)
	at org.springframework.boot.logging.AbstractLoggingSystem.initializeWithSpecificConfig(AbstractLoggingSystem.java:66)
	at org.springframework.boot.logging.AbstractLoggingSystem.initialize(AbstractLoggingSystem.java:57)
	at org.springframework.boot.logging.logback.LogbackLoggingSystem.initialize(LogbackLoggingSystem.java:132)
	at org.springframework.boot.context.logging.LoggingApplicationListener.initializeSystem(LoggingApplicationListener.java:332)
	... 21 common frames omitted
[INFO]2024-07-02 00:20:38,434 - Starting SpringbootApplication using Java 20.0.1 on LAPTOP-L2BN52PD with PID 44860 (E:\shixi\springboot\target\classes started by jiaoy in E:\shixi\springboot)
[INFO]2024-07-02 00:20:38,435 - No active profile set, falling back to 1 default profile: "default"
[INFO]2024-07-02 00:20:38,478 - Devtools property defaults active! Set 'spring.devtools.add-properties' to 'false' to disable
[INFO]2024-07-02 00:20:38,478 - For additional web related logging consider setting the 'logging.level.web' property to 'DEBUG'
[INFO]2024-07-02 00:20:39,178 - Multiple Spring Data modules found, entering strict repository configuration mode
[INFO]2024-07-02 00:20:39,179 - Bootstrapping Spring Data JPA repositories in DEFAULT mode.
[INFO]2024-07-02 00:20:39,203 - Finished Spring Data repository scanning in 14 ms. Found 0 JPA repository interfaces.
[INFO]2024-07-02 00:20:39,218 - Multiple Spring Data modules found, entering strict repository configuration mode
[INFO]2024-07-02 00:20:39,219 - Bootstrapping Spring Data Redis repositories in DEFAULT mode.
[INFO]2024-07-02 00:20:39,231 - Finished Spring Data repository scanning in 3 ms. Found 0 Redis repository interfaces.
[INFO]2024-07-02 00:20:39,748 - Tomcat initialized with port(s): 8080 (http)
[INFO]2024-07-02 00:20:39,749 - Loaded Apache Tomcat Native library [1.3.0] using APR version [1.7.4].
[INFO]2024-07-02 00:20:39,749 - APR capabilities: IPv6 [true], sendfile [true], accept filters [false], random [true], UDS [true].
[INFO]2024-07-02 00:20:39,749 - APR/OpenSSL configuration: useAprConnector [false], useOpenSSL [true]
[INFO]2024-07-02 00:20:39,754 - OpenSSL successfully initialized [OpenSSL 3.0.13 30 Jan 2024]
[INFO]2024-07-02 00:20:39,760 - Initializing ProtocolHandler ["http-nio-8080"]
[INFO]2024-07-02 00:20:39,760 - Starting service [Tomcat]
[INFO]2024-07-02 00:20:39,761 - Starting Servlet engine: [Apache Tomcat/9.0.76]
[INFO]2024-07-02 00:20:39,816 - Initializing Spring embedded WebApplicationContext
[INFO]2024-07-02 00:20:39,816 - Root WebApplicationContext: initialization completed in 1337 ms
[INFO]2024-07-02 00:20:39,923 - HikariPool-1 - Starting...
[WARN]2024-07-02 00:20:39,925 - Registered driver with driverClassName=com.mysql.jdbc.Driver was not found, trying direct instantiation.
[INFO]2024-07-02 00:20:40,013 - HikariPool-1 - Start completed.
[INFO]2024-07-02 00:20:40,070 - HHH000412: Hibernate ORM core version 5.6.15.Final
[INFO]2024-07-02 00:20:40,159 - HCANN000001: Hibernate Commons Annotations {5.1.2.Final}
[INFO]2024-07-02 00:20:40,226 - HHH000400: Using dialect: org.hibernate.dialect.MySQL55Dialect
[INFO]2024-07-02 00:20:40,317 - HHH000490: Using JtaPlatform implementation: [org.hibernate.engine.transaction.jta.platform.internal.NoJtaPlatform]
[INFO]2024-07-02 00:20:40,324 - Initialized JPA EntityManagerFactory for persistence unit 'default'
[INFO]2024-07-02 00:20:40,684 - 自定义Redis配置--
[WARN]2024-07-02 00:20:40,731 - spring.jpa.open-in-view is enabled by default. Therefore, database queries may be performed during view rendering. Explicitly configure spring.jpa.open-in-view to disable this warning
[INFO]2024-07-02 00:20:40,849 - Adding welcome page template: index
[INFO]2024-07-02 00:20:41,079 - LiveReload server is running on port 35729
[INFO]2024-07-02 00:20:41,100 - Starting ProtocolHandler ["http-nio-8080"]
[INFO]2024-07-02 00:20:41,122 - Tomcat started on port(s): 8080 (http) with context path ''
[INFO]2024-07-02 00:20:41,138 - Started SpringbootApplication in 3.016 seconds (JVM running for 3.663)
[INFO]2024-07-02 00:20:51,327 - Initializing Spring DispatcherServlet 'dispatcherServlet'
[INFO]2024-07-02 00:20:51,327 - Initializing Servlet 'dispatcherServlet'
[INFO]2024-07-02 00:20:51,328 - Completed initialization in 1 ms
[INFO]2024-07-02 00:21:22,100 - Closing JPA EntityManagerFactory for persistence unit 'default'
[INFO]2024-07-02 00:21:22,103 - HikariPool-1 - Shutdown initiated...
[INFO]2024-07-02 00:21:22,108 - HikariPool-1 - Shutdown completed.
[INFO]2024-07-02 00:21:46,685 - Starting SpringbootApplication using Java 20.0.1 on LAPTOP-L2BN52PD with PID 47972 (E:\shixi\springboot\target\classes started by jiaoy in E:\shixi\springboot)
[INFO]2024-07-02 00:21:46,686 - No active profile set, falling back to 1 default profile: "default"
[INFO]2024-07-02 00:21:46,728 - Devtools property defaults active! Set 'spring.devtools.add-properties' to 'false' to disable
[INFO]2024-07-02 00:21:46,728 - For additional web related logging consider setting the 'logging.level.web' property to 'DEBUG'
[INFO]2024-07-02 00:21:47,331 - Multiple Spring Data modules found, entering strict repository configuration mode
[INFO]2024-07-02 00:21:47,332 - Bootstrapping Spring Data JPA repositories in DEFAULT mode.
[INFO]2024-07-02 00:21:47,351 - Finished Spring Data repository scanning in 12 ms. Found 0 JPA repository interfaces.
[INFO]2024-07-02 00:21:47,363 - Multiple Spring Data modules found, entering strict repository configuration mode
[INFO]2024-07-02 00:21:47,363 - Bootstrapping Spring Data Redis repositories in DEFAULT mode.
[INFO]2024-07-02 00:21:47,371 - Finished Spring Data repository scanning in 2 ms. Found 0 Redis repository interfaces.
[INFO]2024-07-02 00:21:47,829 - Tomcat initialized with port(s): 8080 (http)
[INFO]2024-07-02 00:21:47,830 - Loaded Apache Tomcat Native library [1.3.0] using APR version [1.7.4].
[INFO]2024-07-02 00:21:47,830 - APR capabilities: IPv6 [true], sendfile [true], accept filters [false], random [true], UDS [true].
[INFO]2024-07-02 00:21:47,830 - APR/OpenSSL configuration: useAprConnector [false], useOpenSSL [true]
[INFO]2024-07-02 00:21:47,835 - OpenSSL successfully initialized [OpenSSL 3.0.13 30 Jan 2024]
[INFO]2024-07-02 00:21:47,840 - Initializing ProtocolHandler ["http-nio-8080"]
[INFO]2024-07-02 00:21:47,841 - Starting service [Tomcat]
[INFO]2024-07-02 00:21:47,841 - Starting Servlet engine: [Apache Tomcat/9.0.76]
[INFO]2024-07-02 00:21:47,899 - Initializing Spring embedded WebApplicationContext
[INFO]2024-07-02 00:21:47,900 - Root WebApplicationContext: initialization completed in 1171 ms
[INFO]2024-07-02 00:21:48,010 - HikariPool-1 - Starting...
[WARN]2024-07-02 00:21:48,012 - Registered driver with driverClassName=com.mysql.jdbc.Driver was not found, trying direct instantiation.
[INFO]2024-07-02 00:21:48,098 - HikariPool-1 - Start completed.
[INFO]2024-07-02 00:21:48,161 - HHH000412: Hibernate ORM core version 5.6.15.Final
[INFO]2024-07-02 00:21:48,247 - HCANN000001: Hibernate Commons Annotations {5.1.2.Final}
[INFO]2024-07-02 00:21:48,318 - HHH000400: Using dialect: org.hibernate.dialect.MySQL55Dialect
[INFO]2024-07-02 00:21:48,402 - HHH000490: Using JtaPlatform implementation: [org.hibernate.engine.transaction.jta.platform.internal.NoJtaPlatform]
[INFO]2024-07-02 00:21:48,409 - Initialized JPA EntityManagerFactory for persistence unit 'default'
[INFO]2024-07-02 00:21:48,785 - 自定义Redis配置--
[WARN]2024-07-02 00:21:48,825 - spring.jpa.open-in-view is enabled by default. Therefore, database queries may be performed during view rendering. Explicitly configure spring.jpa.open-in-view to disable this warning
[INFO]2024-07-02 00:21:48,941 - Adding welcome page template: index
[INFO]2024-07-02 00:21:49,152 - LiveReload server is running on port 35729
[INFO]2024-07-02 00:21:49,170 - Starting ProtocolHandler ["http-nio-8080"]
[INFO]2024-07-02 00:21:49,186 - Tomcat started on port(s): 8080 (http) with context path ''
[INFO]2024-07-02 00:21:49,200 - Started SpringbootApplication in 2.841 seconds (JVM running for 3.426)
[INFO]2024-07-02 00:23:44,056 - Initializing Spring DispatcherServlet 'dispatcherServlet'
[INFO]2024-07-02 00:23:44,056 - Initializing Servlet 'dispatcherServlet'
[INFO]2024-07-02 00:23:44,057 - Completed initialization in 1 ms
[INFO]2024-07-02 00:35:16,756 - Closing JPA EntityManagerFactory for persistence unit 'default'
[INFO]2024-07-02 00:35:16,758 - HikariPool-1 - Shutdown initiated...
[INFO]2024-07-02 00:35:16,764 - HikariPool-1 - Shutdown completed.
[INFO]2024-07-02 00:38:53,425 - Starting SpringbootApplication using Java 20.0.1 on LAPTOP-L2BN52PD with PID 35024 (E:\shixi\springboot\target\classes started by jiaoy in E:\shixi\springboot)
[INFO]2024-07-02 00:38:53,425 - No active profile set, falling back to 1 default profile: "default"
[INFO]2024-07-02 00:38:53,472 - Devtools property defaults active! Set 'spring.devtools.add-properties' to 'false' to disable
[INFO]2024-07-02 00:38:53,472 - For additional web related logging consider setting the 'logging.level.web' property to 'DEBUG'
[INFO]2024-07-02 00:38:54,109 - Multiple Spring Data modules found, entering strict repository configuration mode
[INFO]2024-07-02 00:38:54,109 - Bootstrapping Spring Data JPA repositories in DEFAULT mode.
[INFO]2024-07-02 00:38:54,124 - Finished Spring Data repository scanning in 7 ms. Found 0 JPA repository interfaces.
[INFO]2024-07-02 00:38:54,137 - Multiple Spring Data modules found, entering strict repository configuration mode
[INFO]2024-07-02 00:38:54,138 - Bootstrapping Spring Data Redis repositories in DEFAULT mode.
[INFO]2024-07-02 00:38:54,148 - Finished Spring Data repository scanning in 2 ms. Found 0 Redis repository interfaces.
[INFO]2024-07-02 00:38:54,589 - Tomcat initialized with port(s): 8080 (http)
[INFO]2024-07-02 00:38:54,590 - Loaded Apache Tomcat Native library [1.3.0] using APR version [1.7.4].
[INFO]2024-07-02 00:38:54,590 - APR capabilities: IPv6 [true], sendfile [true], accept filters [false], random [true], UDS [true].
[INFO]2024-07-02 00:38:54,590 - APR/OpenSSL configuration: useAprConnector [false], useOpenSSL [true]
[INFO]2024-07-02 00:38:54,595 - OpenSSL successfully initialized [OpenSSL 3.0.13 30 Jan 2024]
[INFO]2024-07-02 00:38:54,600 - Initializing ProtocolHandler ["http-nio-8080"]
[INFO]2024-07-02 00:38:54,601 - Starting service [Tomcat]
[INFO]2024-07-02 00:38:54,601 - Starting Servlet engine: [Apache Tomcat/9.0.76]
[INFO]2024-07-02 00:38:54,660 - Initializing Spring embedded WebApplicationContext
[INFO]2024-07-02 00:38:54,660 - Root WebApplicationContext: initialization completed in 1187 ms
[INFO]2024-07-02 00:38:54,762 - HikariPool-1 - Starting...
[WARN]2024-07-02 00:38:54,763 - Registered driver with driverClassName=com.mysql.jdbc.Driver was not found, trying direct instantiation.
[INFO]2024-07-02 00:38:54,846 - HikariPool-1 - Start completed.
[INFO]2024-07-02 00:38:54,909 - HHH000412: Hibernate ORM core version 5.6.15.Final
[INFO]2024-07-02 00:38:54,992 - HCANN000001: Hibernate Commons Annotations {5.1.2.Final}
[INFO]2024-07-02 00:38:55,058 - HHH000400: Using dialect: org.hibernate.dialect.MySQL55Dialect
[INFO]2024-07-02 00:38:55,143 - HHH000490: Using JtaPlatform implementation: [org.hibernate.engine.transaction.jta.platform.internal.NoJtaPlatform]
[INFO]2024-07-02 00:38:55,149 - Initialized JPA EntityManagerFactory for persistence unit 'default'
[INFO]2024-07-02 00:38:55,511 - 自定义Redis配置--
[WARN]2024-07-02 00:38:55,561 - spring.jpa.open-in-view is enabled by default. Therefore, database queries may be performed during view rendering. Explicitly configure spring.jpa.open-in-view to disable this warning
[INFO]2024-07-02 00:38:55,672 - Adding welcome page template: index
[INFO]2024-07-02 00:38:55,886 - LiveReload server is running on port 35729
[INFO]2024-07-02 00:38:55,902 - Starting ProtocolHandler ["http-nio-8080"]
[INFO]2024-07-02 00:38:55,919 - Tomcat started on port(s): 8080 (http) with context path ''
[INFO]2024-07-02 00:38:55,933 - Started SpringbootApplication in 2.836 seconds (JVM running for 3.473)
[INFO]2024-07-02 00:39:02,113 - Initializing Spring DispatcherServlet 'dispatcherServlet'
[INFO]2024-07-02 00:39:02,113 - Initializing Servlet 'dispatcherServlet'
[INFO]2024-07-02 00:39:02,114 - Completed initialization in 0 ms
[INFO]2024-07-02 00:41:19,750 - Closing JPA EntityManagerFactory for persistence unit 'default'
[INFO]2024-07-02 00:41:19,752 - HikariPool-1 - Shutdown initiated...
[INFO]2024-07-02 00:41:19,757 - HikariPool-1 - Shutdown completed.
[INFO]2024-07-02 00:41:25,703 - Starting SpringbootApplication using Java 20.0.1 on LAPTOP-L2BN52PD with PID 30140 (E:\shixi\springboot\target\classes started by jiaoy in E:\shixi\springboot)
[INFO]2024-07-02 00:41:25,704 - No active profile set, falling back to 1 default profile: "default"
[INFO]2024-07-02 00:41:25,746 - Devtools property defaults active! Set 'spring.devtools.add-properties' to 'false' to disable
[INFO]2024-07-02 00:41:25,746 - For additional web related logging consider setting the 'logging.level.web' property to 'DEBUG'
[INFO]2024-07-02 00:41:26,355 - Multiple Spring Data modules found, entering strict repository configuration mode
[INFO]2024-07-02 00:41:26,355 - Bootstrapping Spring Data JPA repositories in DEFAULT mode.
[INFO]2024-07-02 00:41:26,375 - Finished Spring Data repository scanning in 10 ms. Found 0 JPA repository interfaces.
[INFO]2024-07-02 00:41:26,389 - Multiple Spring Data modules found, entering strict repository configuration mode
[INFO]2024-07-02 00:41:26,390 - Bootstrapping Spring Data Redis repositories in DEFAULT mode.
[INFO]2024-07-02 00:41:26,407 - Finished Spring Data repository scanning in 4 ms. Found 0 Redis repository interfaces.
[INFO]2024-07-02 00:41:26,973 - Tomcat initialized with port(s): 8080 (http)
[INFO]2024-07-02 00:41:26,974 - Loaded Apache Tomcat Native library [1.3.0] using APR version [1.7.4].
[INFO]2024-07-02 00:41:26,974 - APR capabilities: IPv6 [true], sendfile [true], accept filters [false], random [true], UDS [true].
[INFO]2024-07-02 00:41:26,974 - APR/OpenSSL configuration: useAprConnector [false], useOpenSSL [true]
[INFO]2024-07-02 00:41:26,978 - OpenSSL successfully initialized [OpenSSL 3.0.13 30 Jan 2024]
[INFO]2024-07-02 00:41:26,984 - Initializing ProtocolHandler ["http-nio-8080"]
[INFO]2024-07-02 00:41:26,985 - Starting service [Tomcat]
[INFO]2024-07-02 00:41:26,986 - Starting Servlet engine: [Apache Tomcat/9.0.76]
[INFO]2024-07-02 00:41:27,045 - Initializing Spring embedded WebApplicationContext
[INFO]2024-07-02 00:41:27,046 - Root WebApplicationContext: initialization completed in 1299 ms
[INFO]2024-07-02 00:41:27,148 - HikariPool-1 - Starting...
[WARN]2024-07-02 00:41:27,149 - Registered driver with driverClassName=com.mysql.jdbc.Driver was not found, trying direct instantiation.
[INFO]2024-07-02 00:41:27,236 - HikariPool-1 - Start completed.
[INFO]2024-07-02 00:41:27,291 - HHH000412: Hibernate ORM core version 5.6.15.Final
[INFO]2024-07-02 00:41:27,383 - HCANN000001: Hibernate Commons Annotations {5.1.2.Final}
[INFO]2024-07-02 00:41:27,451 - HHH000400: Using dialect: org.hibernate.dialect.MySQL55Dialect
[INFO]2024-07-02 00:41:27,552 - HHH000490: Using JtaPlatform implementation: [org.hibernate.engine.transaction.jta.platform.internal.NoJtaPlatform]
[INFO]2024-07-02 00:41:27,559 - Initialized JPA EntityManagerFactory for persistence unit 'default'
[INFO]2024-07-02 00:41:27,943 - 自定义Redis配置--
[WARN]2024-07-02 00:41:27,988 - spring.jpa.open-in-view is enabled by default. Therefore, database queries may be performed during view rendering. Explicitly configure spring.jpa.open-in-view to disable this warning
[INFO]2024-07-02 00:41:28,113 - Adding welcome page template: index
[INFO]2024-07-02 00:41:28,324 - LiveReload server is running on port 35729
[INFO]2024-07-02 00:41:28,343 - Starting ProtocolHandler ["http-nio-8080"]
[INFO]2024-07-02 00:41:28,363 - Tomcat started on port(s): 8080 (http) with context path ''
[INFO]2024-07-02 00:41:28,378 - Started SpringbootApplication in 3.016 seconds (JVM running for 4.147)
[INFO]2024-07-02 00:41:30,339 - Initializing Spring DispatcherServlet 'dispatcherServlet'
[INFO]2024-07-02 00:41:30,339 - Initializing Servlet 'dispatcherServlet'
[INFO]2024-07-02 00:41:30,340 - Completed initialization in 1 ms
[WARN]2024-07-02 00:41:30,436 - Resolved [org.springframework.web.method.annotation.MethodArgumentTypeMismatchException: Failed to convert value of type 'java.lang.String' to required type 'java.lang.Long'; nested exception is java.lang.NumberFormatException: For input string: "{4}"]
[WARN]2024-07-02 00:41:33,777 - Resolved [org.springframework.web.method.annotation.MethodArgumentTypeMismatchException: Failed to convert value of type 'java.lang.String' to required type 'java.lang.Long'; nested exception is java.lang.NumberFormatException: For input string: "{4}"]
[INFO]2024-07-02 00:44:36,160 - Closing JPA EntityManagerFactory for persistence unit 'default'
[INFO]2024-07-02 00:44:36,163 - HikariPool-1 - Shutdown initiated...
[INFO]2024-07-02 00:44:36,168 - HikariPool-1 - Shutdown completed.
[INFO]2024-07-02 00:44:41,117 - Starting SpringbootApplication using Java 20.0.1 on LAPTOP-L2BN52PD with PID 50324 (E:\shixi\springboot\target\classes started by jiaoy in E:\shixi\springboot)
[INFO]2024-07-02 00:44:41,118 - No active profile set, falling back to 1 default profile: "default"
[INFO]2024-07-02 00:44:41,164 - Devtools property defaults active! Set 'spring.devtools.add-properties' to 'false' to disable
[INFO]2024-07-02 00:44:41,164 - For additional web related logging consider setting the 'logging.level.web' property to 'DEBUG'
[INFO]2024-07-02 00:44:41,792 - Multiple Spring Data modules found, entering strict repository configuration mode
[INFO]2024-07-02 00:44:41,792 - Bootstrapping Spring Data JPA repositories in DEFAULT mode.
[INFO]2024-07-02 00:44:41,806 - Finished Spring Data repository scanning in 7 ms. Found 0 JPA repository interfaces.
[INFO]2024-07-02 00:44:41,819 - Multiple Spring Data modules found, entering strict repository configuration mode
[INFO]2024-07-02 00:44:41,819 - Bootstrapping Spring Data Redis repositories in DEFAULT mode.
[INFO]2024-07-02 00:44:41,831 - Finished Spring Data repository scanning in 2 ms. Found 0 Redis repository interfaces.
[INFO]2024-07-02 00:44:42,269 - Tomcat initialized with port(s): 8080 (http)
[INFO]2024-07-02 00:44:42,270 - Loaded Apache Tomcat Native library [1.3.0] using APR version [1.7.4].
[INFO]2024-07-02 00:44:42,270 - APR capabilities: IPv6 [true], sendfile [true], accept filters [false], random [true], UDS [true].
[INFO]2024-07-02 00:44:42,270 - APR/OpenSSL configuration: useAprConnector [false], useOpenSSL [true]
[INFO]2024-07-02 00:44:42,275 - OpenSSL successfully initialized [OpenSSL 3.0.13 30 Jan 2024]
[INFO]2024-07-02 00:44:42,281 - Initializing ProtocolHandler ["http-nio-8080"]
[INFO]2024-07-02 00:44:42,282 - Starting service [Tomcat]
[INFO]2024-07-02 00:44:42,282 - Starting Servlet engine: [Apache Tomcat/9.0.76]
[INFO]2024-07-02 00:44:42,340 - Initializing Spring embedded WebApplicationContext
[INFO]2024-07-02 00:44:42,341 - Root WebApplicationContext: initialization completed in 1176 ms
[INFO]2024-07-02 00:44:42,449 - HikariPool-1 - Starting...
[WARN]2024-07-02 00:44:42,451 - Registered driver with driverClassName=com.mysql.jdbc.Driver was not found, trying direct instantiation.
[INFO]2024-07-02 00:44:42,544 - HikariPool-1 - Start completed.
[INFO]2024-07-02 00:44:42,611 - HHH000412: Hibernate ORM core version 5.6.15.Final
[INFO]2024-07-02 00:44:42,703 - HCANN000001: Hibernate Commons Annotations {5.1.2.Final}
[INFO]2024-07-02 00:44:42,775 - HHH000400: Using dialect: org.hibernate.dialect.MySQL55Dialect
[INFO]2024-07-02 00:44:42,870 - HHH000490: Using JtaPlatform implementation: [org.hibernate.engine.transaction.jta.platform.internal.NoJtaPlatform]
[INFO]2024-07-02 00:44:42,878 - Initialized JPA EntityManagerFactory for persistence unit 'default'
[INFO]2024-07-02 00:44:43,275 - 自定义Redis配置--
[WARN]2024-07-02 00:44:43,333 - spring.jpa.open-in-view is enabled by default. Therefore, database queries may be performed during view rendering. Explicitly configure spring.jpa.open-in-view to disable this warning
[INFO]2024-07-02 00:44:43,449 - Adding welcome page template: index
[INFO]2024-07-02 00:44:43,657 - LiveReload server is running on port 35729
[INFO]2024-07-02 00:44:43,673 - Starting ProtocolHandler ["http-nio-8080"]
[INFO]2024-07-02 00:44:43,687 - Tomcat started on port(s): 8080 (http) with context path ''
[INFO]2024-07-02 00:44:43,701 - Started SpringbootApplication in 2.907 seconds (JVM running for 3.466)
[INFO]2024-07-02 00:44:47,163 - Initializing Spring DispatcherServlet 'dispatcherServlet'
[INFO]2024-07-02 00:44:47,163 - Initializing Servlet 'dispatcherServlet'
[INFO]2024-07-02 00:44:47,165 - Completed initialization in 2 ms
[WARN]2024-07-02 00:44:47,395 - Resolved [org.springframework.web.method.annotation.MethodArgumentTypeMismatchException: Failed to convert value of type 'java.lang.String' to required type 'java.lang.Long'; nested exception is java.lang.NumberFormatException: For input string: "{4}"]
[INFO]2024-07-02 00:49:01,274 - Closing JPA EntityManagerFactory for persistence unit 'default'
[INFO]2024-07-02 00:49:01,276 - HikariPool-1 - Shutdown initiated...
[INFO]2024-07-02 00:49:01,281 - HikariPool-1 - Shutdown completed.
[INFO]2024-07-02 00:49:06,459 - Starting SpringbootApplication using Java 20.0.1 on LAPTOP-L2BN52PD with PID 49208 (E:\shixi\springboot\target\classes started by jiaoy in E:\shixi\springboot)
[INFO]2024-07-02 00:49:06,461 - No active profile set, falling back to 1 default profile: "default"
[INFO]2024-07-02 00:49:06,505 - Devtools property defaults active! Set 'spring.devtools.add-properties' to 'false' to disable
[INFO]2024-07-02 00:49:06,505 - For additional web related logging consider setting the 'logging.level.web' property to 'DEBUG'
[INFO]2024-07-02 00:49:07,161 - Multiple Spring Data modules found, entering strict repository configuration mode
[INFO]2024-07-02 00:49:07,162 - Bootstrapping Spring Data JPA repositories in DEFAULT mode.
[INFO]2024-07-02 00:49:07,175 - Finished Spring Data repository scanning in 6 ms. Found 0 JPA repository interfaces.
[INFO]2024-07-02 00:49:07,187 - Multiple Spring Data modules found, entering strict repository configuration mode
[INFO]2024-07-02 00:49:07,187 - Bootstrapping Spring Data Redis repositories in DEFAULT mode.
[INFO]2024-07-02 00:49:07,195 - Finished Spring Data repository scanning in 2 ms. Found 0 Redis repository interfaces.
[INFO]2024-07-02 00:49:07,637 - Tomcat initialized with port(s): 8080 (http)
[INFO]2024-07-02 00:49:07,637 - Loaded Apache Tomcat Native library [1.3.0] using APR version [1.7.4].
[INFO]2024-07-02 00:49:07,638 - APR capabilities: IPv6 [true], sendfile [true], accept filters [false], random [true], UDS [true].
[INFO]2024-07-02 00:49:07,638 - APR/OpenSSL configuration: useAprConnector [false], useOpenSSL [true]
[INFO]2024-07-02 00:49:07,643 - OpenSSL successfully initialized [OpenSSL 3.0.13 30 Jan 2024]
[INFO]2024-07-02 00:49:07,647 - Initializing ProtocolHandler ["http-nio-8080"]
[INFO]2024-07-02 00:49:07,648 - Starting service [Tomcat]
[INFO]2024-07-02 00:49:07,649 - Starting Servlet engine: [Apache Tomcat/9.0.76]
[INFO]2024-07-02 00:49:07,710 - Initializing Spring embedded WebApplicationContext
[INFO]2024-07-02 00:49:07,710 - Root WebApplicationContext: initialization completed in 1204 ms
[INFO]2024-07-02 00:49:07,819 - HikariPool-1 - Starting...
[WARN]2024-07-02 00:49:07,821 - Registered driver with driverClassName=com.mysql.jdbc.Driver was not found, trying direct instantiation.
[INFO]2024-07-02 00:49:07,909 - HikariPool-1 - Start completed.
[INFO]2024-07-02 00:49:07,980 - HHH000412: Hibernate ORM core version 5.6.15.Final
[INFO]2024-07-02 00:49:08,072 - HCANN000001: Hibernate Commons Annotations {5.1.2.Final}
[INFO]2024-07-02 00:49:08,149 - HHH000400: Using dialect: org.hibernate.dialect.MySQL55Dialect
[INFO]2024-07-02 00:49:08,240 - HHH000490: Using JtaPlatform implementation: [org.hibernate.engine.transaction.jta.platform.internal.NoJtaPlatform]
[INFO]2024-07-02 00:49:08,248 - Initialized JPA EntityManagerFactory for persistence unit 'default'
[INFO]2024-07-02 00:49:08,634 - 自定义Redis配置--
[WARN]2024-07-02 00:49:08,679 - spring.jpa.open-in-view is enabled by default. Therefore, database queries may be performed during view rendering. Explicitly configure spring.jpa.open-in-view to disable this warning
[INFO]2024-07-02 00:49:08,794 - Adding welcome page template: index
[INFO]2024-07-02 00:49:09,003 - LiveReload server is running on port 35729
[INFO]2024-07-02 00:49:09,019 - Starting ProtocolHandler ["http-nio-8080"]
[INFO]2024-07-02 00:49:09,036 - Tomcat started on port(s): 8080 (http) with context path ''
[INFO]2024-07-02 00:49:09,050 - Started SpringbootApplication in 2.916 seconds (JVM running for 3.489)
[INFO]2024-07-02 00:49:11,566 - Initializing Spring DispatcherServlet 'dispatcherServlet'
[INFO]2024-07-02 00:49:11,566 - Initializing Servlet 'dispatcherServlet'
[INFO]2024-07-02 00:49:11,568 - Completed initialization in 2 ms
[WARN]2024-07-02 00:49:11,690 - Resolved [org.springframework.web.method.annotation.MethodArgumentTypeMismatchException: Failed to convert value of type 'java.lang.String' to required type 'java.lang.Long'; nested exception is java.lang.NumberFormatException: For input string: "{4}"]
[WARN]2024-07-02 00:49:13,913 - Resolved [org.springframework.web.method.annotation.MethodArgumentTypeMismatchException: Failed to convert value of type 'java.lang.String' to required type 'java.lang.Long'; nested exception is java.lang.NumberFormatException: For input string: "{4}"]
[WARN]2024-07-02 00:49:14,736 - Resolved [org.springframework.web.method.annotation.MethodArgumentTypeMismatchException: Failed to convert value of type 'java.lang.String' to required type 'java.lang.Long'; nested exception is java.lang.NumberFormatException: For input string: "{4}"]
[INFO]2024-07-02 00:52:18,096 - Closing JPA EntityManagerFactory for persistence unit 'default'
[INFO]2024-07-02 00:52:18,098 - HikariPool-1 - Shutdown initiated...
[INFO]2024-07-02 00:52:18,105 - HikariPool-1 - Shutdown completed.
[INFO]2024-07-02 00:52:22,932 - Starting SpringbootApplication using Java 20.0.1 on LAPTOP-L2BN52PD with PID 12120 (E:\shixi\springboot\target\classes started by jiaoy in E:\shixi\springboot)
[INFO]2024-07-02 00:52:22,934 - No active profile set, falling back to 1 default profile: "default"
[INFO]2024-07-02 00:52:22,981 - Devtools property defaults active! Set 'spring.devtools.add-properties' to 'false' to disable
[INFO]2024-07-02 00:52:22,981 - For additional web related logging consider setting the 'logging.level.web' property to 'DEBUG'
[INFO]2024-07-02 00:52:23,628 - Multiple Spring Data modules found, entering strict repository configuration mode
[INFO]2024-07-02 00:52:23,628 - Bootstrapping Spring Data JPA repositories in DEFAULT mode.
[INFO]2024-07-02 00:52:23,644 - Finished Spring Data repository scanning in 7 ms. Found 0 JPA repository interfaces.
[INFO]2024-07-02 00:52:23,656 - Multiple Spring Data modules found, entering strict repository configuration mode
[INFO]2024-07-02 00:52:23,657 - Bootstrapping Spring Data Redis repositories in DEFAULT mode.
[INFO]2024-07-02 00:52:23,664 - Finished Spring Data repository scanning in 2 ms. Found 0 Redis repository interfaces.
[INFO]2024-07-02 00:52:24,115 - Tomcat initialized with port(s): 8080 (http)
[INFO]2024-07-02 00:52:24,116 - Loaded Apache Tomcat Native library [1.3.0] using APR version [1.7.4].
[INFO]2024-07-02 00:52:24,116 - APR capabilities: IPv6 [true], sendfile [true], accept filters [false], random [true], UDS [true].
[INFO]2024-07-02 00:52:24,116 - APR/OpenSSL configuration: useAprConnector [false], useOpenSSL [true]
[INFO]2024-07-02 00:52:24,121 - OpenSSL successfully initialized [OpenSSL 3.0.13 30 Jan 2024]
[INFO]2024-07-02 00:52:24,127 - Initializing ProtocolHandler ["http-nio-8080"]
[INFO]2024-07-02 00:52:24,127 - Starting service [Tomcat]
[INFO]2024-07-02 00:52:24,127 - Starting Servlet engine: [Apache Tomcat/9.0.76]
[INFO]2024-07-02 00:52:24,182 - Initializing Spring embedded WebApplicationContext
[INFO]2024-07-02 00:52:24,182 - Root WebApplicationContext: initialization completed in 1201 ms
[INFO]2024-07-02 00:52:24,283 - HikariPool-1 - Starting...
[WARN]2024-07-02 00:52:24,284 - Registered driver with driverClassName=com.mysql.jdbc.Driver was not found, trying direct instantiation.
[INFO]2024-07-02 00:52:24,366 - HikariPool-1 - Start completed.
[INFO]2024-07-02 00:52:24,427 - HHH000412: Hibernate ORM core version 5.6.15.Final
[INFO]2024-07-02 00:52:24,513 - HCANN000001: Hibernate Commons Annotations {5.1.2.Final}
[INFO]2024-07-02 00:52:24,581 - HHH000400: Using dialect: org.hibernate.dialect.MySQL55Dialect
[INFO]2024-07-02 00:52:24,668 - HHH000490: Using JtaPlatform implementation: [org.hibernate.engine.transaction.jta.platform.internal.NoJtaPlatform]
[INFO]2024-07-02 00:52:24,674 - Initialized JPA EntityManagerFactory for persistence unit 'default'
[INFO]2024-07-02 00:52:25,043 - 自定义Redis配置--
[WARN]2024-07-02 00:52:25,088 - spring.jpa.open-in-view is enabled by default. Therefore, database queries may be performed during view rendering. Explicitly configure spring.jpa.open-in-view to disable this warning
[INFO]2024-07-02 00:52:25,200 - Adding welcome page template: index
[INFO]2024-07-02 00:52:25,430 - LiveReload server is running on port 35729
[INFO]2024-07-02 00:52:25,453 - Starting ProtocolHandler ["http-nio-8080"]
[INFO]2024-07-02 00:52:25,469 - Tomcat started on port(s): 8080 (http) with context path ''
[INFO]2024-07-02 00:52:25,484 - Started SpringbootApplication in 2.891 seconds (JVM running for 3.48)
[INFO]2024-07-02 00:52:27,062 - Initializing Spring DispatcherServlet 'dispatcherServlet'
[INFO]2024-07-02 00:52:27,062 - Initializing Servlet 'dispatcherServlet'
[INFO]2024-07-02 00:52:27,063 - Completed initialization in 1 ms
[INFO]2024-07-02 00:53:43,792 - Closing JPA EntityManagerFactory for persistence unit 'default'
[INFO]2024-07-02 00:53:43,794 - HikariPool-1 - Shutdown initiated...
[INFO]2024-07-02 00:53:43,800 - HikariPool-1 - Shutdown completed.
[INFO]2024-07-02 00:53:48,615 - Starting SpringbootApplication using Java 20.0.1 on LAPTOP-L2BN52PD with PID 35688 (E:\shixi\springboot\target\classes started by jiaoy in E:\shixi\springboot)
[INFO]2024-07-02 00:53:48,617 - No active profile set, falling back to 1 default profile: "default"
[INFO]2024-07-02 00:53:48,664 - Devtools property defaults active! Set 'spring.devtools.add-properties' to 'false' to disable
[INFO]2024-07-02 00:53:48,664 - For additional web related logging consider setting the 'logging.level.web' property to 'DEBUG'
[INFO]2024-07-02 00:53:49,415 - Multiple Spring Data modules found, entering strict repository configuration mode
[INFO]2024-07-02 00:53:49,417 - Bootstrapping Spring Data JPA repositories in DEFAULT mode.
[INFO]2024-07-02 00:53:49,436 - Finished Spring Data repository scanning in 10 ms. Found 0 JPA repository interfaces.
[INFO]2024-07-02 00:53:49,451 - Multiple Spring Data modules found, entering strict repository configuration mode
[INFO]2024-07-02 00:53:49,452 - Bootstrapping Spring Data Redis repositories in DEFAULT mode.
[INFO]2024-07-02 00:53:49,463 - Finished Spring Data repository scanning in 3 ms. Found 0 Redis repository interfaces.
[INFO]2024-07-02 00:53:50,064 - Tomcat initialized with port(s): 8080 (http)
[INFO]2024-07-02 00:53:50,066 - Loaded Apache Tomcat Native library [1.3.0] using APR version [1.7.4].
[INFO]2024-07-02 00:53:50,066 - APR capabilities: IPv6 [true], sendfile [true], accept filters [false], random [true], UDS [true].
[INFO]2024-07-02 00:53:50,066 - APR/OpenSSL configuration: useAprConnector [false], useOpenSSL [true]
[INFO]2024-07-02 00:53:50,071 - OpenSSL successfully initialized [OpenSSL 3.0.13 30 Jan 2024]
[INFO]2024-07-02 00:53:50,077 - Initializing ProtocolHandler ["http-nio-8080"]
[INFO]2024-07-02 00:53:50,078 - Starting service [Tomcat]
[INFO]2024-07-02 00:53:50,079 - Starting Servlet engine: [Apache Tomcat/9.0.76]
[INFO]2024-07-02 00:53:50,192 - Initializing Spring embedded WebApplicationContext
[INFO]2024-07-02 00:53:50,192 - Root WebApplicationContext: initialization completed in 1527 ms
[INFO]2024-07-02 00:53:50,365 - HikariPool-1 - Starting...
[WARN]2024-07-02 00:53:50,368 - Registered driver with driverClassName=com.mysql.jdbc.Driver was not found, trying direct instantiation.
[INFO]2024-07-02 00:53:50,549 - HikariPool-1 - Start completed.
[INFO]2024-07-02 00:53:50,649 - HHH000412: Hibernate ORM core version 5.6.15.Final
[INFO]2024-07-02 00:53:50,802 - HCANN000001: Hibernate Commons Annotations {5.1.2.Final}
[INFO]2024-07-02 00:53:50,931 - HHH000400: Using dialect: org.hibernate.dialect.MySQL55Dialect
[INFO]2024-07-02 00:53:51,068 - HHH000490: Using JtaPlatform implementation: [org.hibernate.engine.transaction.jta.platform.internal.NoJtaPlatform]
[INFO]2024-07-02 00:53:51,078 - Initialized JPA EntityManagerFactory for persistence unit 'default'
[INFO]2024-07-02 00:53:51,505 - 自定义Redis配置--
[WARN]2024-07-02 00:53:51,555 - spring.jpa.open-in-view is enabled by default. Therefore, database queries may be performed during view rendering. Explicitly configure spring.jpa.open-in-view to disable this warning
[INFO]2024-07-02 00:53:51,682 - Adding welcome page template: index
[INFO]2024-07-02 00:53:51,916 - LiveReload server is running on port 35729
[INFO]2024-07-02 00:53:51,937 - Starting ProtocolHandler ["http-nio-8080"]
[INFO]2024-07-02 00:53:51,952 - Tomcat started on port(s): 8080 (http) with context path ''
[INFO]2024-07-02 00:53:51,967 - Started SpringbootApplication in 3.686 seconds (JVM running for 4.327)
[INFO]2024-07-02 00:53:55,096 - Initializing Spring DispatcherServlet 'dispatcherServlet'
[INFO]2024-07-02 00:53:55,096 - Initializing Servlet 'dispatcherServlet'
[INFO]2024-07-02 00:53:55,097 - Completed initialization in 1 ms
[INFO]2024-07-02 00:54:20,363 - Closing JPA EntityManagerFactory for persistence unit 'default'
[INFO]2024-07-02 00:54:20,366 - HikariPool-1 - Shutdown initiated...
[INFO]2024-07-02 00:54:20,370 - HikariPool-1 - Shutdown completed.
[INFO]2024-07-02 00:54:25,176 - Starting SpringbootApplication using Java 20.0.1 on LAPTOP-L2BN52PD with PID 32628 (E:\shixi\springboot\target\classes started by jiaoy in E:\shixi\springboot)
[INFO]2024-07-02 00:54:25,177 - No active profile set, falling back to 1 default profile: "default"
[INFO]2024-07-02 00:54:25,220 - Devtools property defaults active! Set 'spring.devtools.add-properties' to 'false' to disable
[INFO]2024-07-02 00:54:25,221 - For additional web related logging consider setting the 'logging.level.web' property to 'DEBUG'
[INFO]2024-07-02 00:54:26,012 - Multiple Spring Data modules found, entering strict repository configuration mode
[INFO]2024-07-02 00:54:26,012 - Bootstrapping Spring Data JPA repositories in DEFAULT mode.
[INFO]2024-07-02 00:54:26,034 - Finished Spring Data repository scanning in 10 ms. Found 0 JPA repository interfaces.
[INFO]2024-07-02 00:54:26,048 - Multiple Spring Data modules found, entering strict repository configuration mode
[INFO]2024-07-02 00:54:26,050 - Bootstrapping Spring Data Redis repositories in DEFAULT mode.
[INFO]2024-07-02 00:54:26,061 - Finished Spring Data repository scanning in 3 ms. Found 0 Redis repository interfaces.
[INFO]2024-07-02 00:54:26,906 - Tomcat initialized with port(s): 8080 (http)
[INFO]2024-07-02 00:54:26,907 - Loaded Apache Tomcat Native library [1.3.0] using APR version [1.7.4].
[INFO]2024-07-02 00:54:26,907 - APR capabilities: IPv6 [true], sendfile [true], accept filters [false], random [true], UDS [true].
[INFO]2024-07-02 00:54:26,907 - APR/OpenSSL configuration: useAprConnector [false], useOpenSSL [true]
[INFO]2024-07-02 00:54:26,912 - OpenSSL successfully initialized [OpenSSL 3.0.13 30 Jan 2024]
[INFO]2024-07-02 00:54:26,919 - Initializing ProtocolHandler ["http-nio-8080"]
[INFO]2024-07-02 00:54:26,920 - Starting service [Tomcat]
[INFO]2024-07-02 00:54:26,920 - Starting Servlet engine: [Apache Tomcat/9.0.76]
[INFO]2024-07-02 00:54:26,984 - Initializing Spring embedded WebApplicationContext
[INFO]2024-07-02 00:54:26,985 - Root WebApplicationContext: initialization completed in 1764 ms
[INFO]2024-07-02 00:54:27,105 - HikariPool-1 - Starting...
[WARN]2024-07-02 00:54:27,106 - Registered driver with driverClassName=com.mysql.jdbc.Driver was not found, trying direct instantiation.
[INFO]2024-07-02 00:54:27,190 - HikariPool-1 - Start completed.
[INFO]2024-07-02 00:54:27,258 - HHH000412: Hibernate ORM core version 5.6.15.Final
[INFO]2024-07-02 00:54:27,346 - HCANN000001: Hibernate Commons Annotations {5.1.2.Final}
[INFO]2024-07-02 00:54:27,414 - HHH000400: Using dialect: org.hibernate.dialect.MySQL55Dialect
[INFO]2024-07-02 00:54:27,508 - HHH000490: Using JtaPlatform implementation: [org.hibernate.engine.transaction.jta.platform.internal.NoJtaPlatform]
[INFO]2024-07-02 00:54:27,517 - Initialized JPA EntityManagerFactory for persistence unit 'default'
[INFO]2024-07-02 00:54:27,915 - 自定义Redis配置--
[WARN]2024-07-02 00:54:27,964 - spring.jpa.open-in-view is enabled by default. Therefore, database queries may be performed during view rendering. Explicitly configure spring.jpa.open-in-view to disable this warning
[INFO]2024-07-02 00:54:28,094 - Adding welcome page template: index
[INFO]2024-07-02 00:54:28,323 - LiveReload server is running on port 35729
[INFO]2024-07-02 00:54:28,341 - Starting ProtocolHandler ["http-nio-8080"]
[INFO]2024-07-02 00:54:28,361 - Tomcat started on port(s): 8080 (http) with context path ''
[INFO]2024-07-02 00:54:28,378 - Started SpringbootApplication in 3.554 seconds (JVM running for 4.165)
[INFO]2024-07-02 00:54:30,805 - Initializing Spring DispatcherServlet 'dispatcherServlet'
[INFO]2024-07-02 00:54:30,805 - Initializing Servlet 'dispatcherServlet'
[INFO]2024-07-02 00:54:30,806 - Completed initialization in 1 ms
[INFO]2024-07-02 01:49:47,907 - Closing JPA EntityManagerFactory for persistence unit 'default'
[INFO]2024-07-02 01:49:47,922 - HikariPool-1 - Shutdown initiated...
[INFO]2024-07-02 01:49:47,925 - HikariPool-1 - Shutdown completed.
[INFO]2024-07-02 02:32:20,342 - Starting SpringbootApplication using Java 20.0.1 on LAPTOP-L2BN52PD with PID 48712 (E:\shixi\springboot\target\classes started by jiaoy in E:\shixi\springboot)
[INFO]2024-07-02 02:32:20,343 - No active profile set, falling back to 1 default profile: "default"
[INFO]2024-07-02 02:32:20,406 - Devtools property defaults active! Set 'spring.devtools.add-properties' to 'false' to disable
[INFO]2024-07-02 02:32:20,406 - For additional web related logging consider setting the 'logging.level.web' property to 'DEBUG'
[INFO]2024-07-02 02:32:21,176 - Multiple Spring Data modules found, entering strict repository configuration mode
[INFO]2024-07-02 02:32:21,177 - Bootstrapping Spring Data JPA repositories in DEFAULT mode.
[INFO]2024-07-02 02:32:21,191 - Finished Spring Data repository scanning in 6 ms. Found 0 JPA repository interfaces.
[INFO]2024-07-02 02:32:21,208 - Multiple Spring Data modules found, entering strict repository configuration mode
[INFO]2024-07-02 02:32:21,209 - Bootstrapping Spring Data Redis repositories in DEFAULT mode.
[INFO]2024-07-02 02:32:21,220 - Finished Spring Data repository scanning in 2 ms. Found 0 Redis repository interfaces.
[INFO]2024-07-02 02:32:21,739 - Tomcat initialized with port(s): 8080 (http)
[INFO]2024-07-02 02:32:21,740 - Loaded Apache Tomcat Native library [1.3.0] using APR version [1.7.4].
[INFO]2024-07-02 02:32:21,740 - APR capabilities: IPv6 [true], sendfile [true], accept filters [false], random [true], UDS [true].
[INFO]2024-07-02 02:32:21,740 - APR/OpenSSL configuration: useAprConnector [false], useOpenSSL [true]
[INFO]2024-07-02 02:32:21,762 - OpenSSL successfully initialized [OpenSSL 3.0.13 30 Jan 2024]
[INFO]2024-07-02 02:32:21,768 - Initializing ProtocolHandler ["http-nio-8080"]
[INFO]2024-07-02 02:32:21,769 - Starting service [Tomcat]
[INFO]2024-07-02 02:32:21,769 - Starting Servlet engine: [Apache Tomcat/9.0.76]
[INFO]2024-07-02 02:32:21,833 - Initializing Spring embedded WebApplicationContext
[INFO]2024-07-02 02:32:21,833 - Root WebApplicationContext: initialization completed in 1426 ms
[INFO]2024-07-02 02:32:21,958 - HikariPool-1 - Starting...
[WARN]2024-07-02 02:32:21,960 - Registered driver with driverClassName=com.mysql.jdbc.Driver was not found, trying direct instantiation.
[INFO]2024-07-02 02:32:22,118 - HikariPool-1 - Start completed.
[INFO]2024-07-02 02:32:22,210 - HHH000412: Hibernate ORM core version 5.6.15.Final
[INFO]2024-07-02 02:32:22,333 - HCANN000001: Hibernate Commons Annotations {5.1.2.Final}
[INFO]2024-07-02 02:32:22,429 - HHH000400: Using dialect: org.hibernate.dialect.MySQL55Dialect
[INFO]2024-07-02 02:32:22,554 - HHH000490: Using JtaPlatform implementation: [org.hibernate.engine.transaction.jta.platform.internal.NoJtaPlatform]
[INFO]2024-07-02 02:32:22,564 - Initialized JPA EntityManagerFactory for persistence unit 'default'
[INFO]2024-07-02 02:32:23,040 - 自定义Redis配置--
[WARN]2024-07-02 02:32:23,118 - spring.jpa.open-in-view is enabled by default. Therefore, database queries may be performed during view rendering. Explicitly configure spring.jpa.open-in-view to disable this warning
[INFO]2024-07-02 02:32:23,279 - Adding welcome page template: index
[INFO]2024-07-02 02:32:23,520 - LiveReload server is running on port 35729
[INFO]2024-07-02 02:32:23,539 - Starting ProtocolHandler ["http-nio-8080"]
[INFO]2024-07-02 02:32:23,555 - Tomcat started on port(s): 8080 (http) with context path ''
[INFO]2024-07-02 02:32:23,570 - Started SpringbootApplication in 3.65 seconds (JVM running for 4.734)
[INFO]2024-07-02 02:32:30,031 - Initializing Spring DispatcherServlet 'dispatcherServlet'
[INFO]2024-07-02 02:32:30,032 - Initializing Servlet 'dispatcherServlet'
[INFO]2024-07-02 02:32:30,034 - Completed initialization in 2 ms
[INFO]2024-07-02 02:32:36,397 - Closing JPA EntityManagerFactory for persistence unit 'default'
[INFO]2024-07-02 02:32:36,399 - HikariPool-1 - Shutdown initiated...
[INFO]2024-07-02 02:32:36,405 - HikariPool-1 - Shutdown completed.
[INFO]2024-07-02 02:46:27,607 - Starting SpringbootApplication using Java 20.0.1 on LAPTOP-L2BN52PD with PID 5112 (E:\shixi\springboot\target\classes started by jiaoy in E:\shixi\springboot)
[INFO]2024-07-02 02:46:27,608 - No active profile set, falling back to 1 default profile: "default"
[INFO]2024-07-02 02:46:27,753 - Devtools property defaults active! Set 'spring.devtools.add-properties' to 'false' to disable
[INFO]2024-07-02 02:46:27,753 - For additional web related logging consider setting the 'logging.level.web' property to 'DEBUG'
[INFO]2024-07-02 02:46:28,904 - Multiple Spring Data modules found, entering strict repository configuration mode
[INFO]2024-07-02 02:46:28,904 - Bootstrapping Spring Data JPA repositories in DEFAULT mode.
[INFO]2024-07-02 02:46:28,924 - Finished Spring Data repository scanning in 8 ms. Found 0 JPA repository interfaces.
[INFO]2024-07-02 02:46:28,943 - Multiple Spring Data modules found, entering strict repository configuration mode
[INFO]2024-07-02 02:46:28,944 - Bootstrapping Spring Data Redis repositories in DEFAULT mode.
[INFO]2024-07-02 02:46:28,958 - Finished Spring Data repository scanning in 3 ms. Found 0 Redis repository interfaces.
[INFO]2024-07-02 02:46:29,474 - Tomcat initialized with port(s): 8080 (http)
[INFO]2024-07-02 02:46:29,475 - Loaded Apache Tomcat Native library [1.3.0] using APR version [1.7.4].
[INFO]2024-07-02 02:46:29,475 - APR capabilities: IPv6 [true], sendfile [true], accept filters [false], random [true], UDS [true].
[INFO]2024-07-02 02:46:29,475 - APR/OpenSSL configuration: useAprConnector [false], useOpenSSL [true]
[INFO]2024-07-02 02:46:29,497 - OpenSSL successfully initialized [OpenSSL 3.0.13 30 Jan 2024]
[INFO]2024-07-02 02:46:29,503 - Initializing ProtocolHandler ["http-nio-8080"]
[INFO]2024-07-02 02:46:29,504 - Starting service [Tomcat]
[INFO]2024-07-02 02:46:29,504 - Starting Servlet engine: [Apache Tomcat/9.0.76]
[INFO]2024-07-02 02:46:29,564 - Initializing Spring embedded WebApplicationContext
[INFO]2024-07-02 02:46:29,565 - Root WebApplicationContext: initialization completed in 1811 ms
[INFO]2024-07-02 02:46:29,688 - HikariPool-1 - Starting...
[WARN]2024-07-02 02:46:29,690 - Registered driver with driverClassName=com.mysql.jdbc.Driver was not found, trying direct instantiation.
[INFO]2024-07-02 02:46:29,793 - HikariPool-1 - Start completed.
[INFO]2024-07-02 02:46:29,883 - HHH000412: Hibernate ORM core version 5.6.15.Final
[INFO]2024-07-02 02:46:30,014 - HCANN000001: Hibernate Commons Annotations {5.1.2.Final}
[INFO]2024-07-02 02:46:30,168 - HHH000400: Using dialect: org.hibernate.dialect.MySQL55Dialect
[INFO]2024-07-02 02:46:30,283 - HHH000490: Using JtaPlatform implementation: [org.hibernate.engine.transaction.jta.platform.internal.NoJtaPlatform]
[INFO]2024-07-02 02:46:30,293 - Initialized JPA EntityManagerFactory for persistence unit 'default'
[INFO]2024-07-02 02:46:30,814 - 自定义Redis配置--
[WARN]2024-07-02 02:46:30,864 - spring.jpa.open-in-view is enabled by default. Therefore, database queries may be performed during view rendering. Explicitly configure spring.jpa.open-in-view to disable this warning
[INFO]2024-07-02 02:46:30,996 - Adding welcome page template: index
[INFO]2024-07-02 02:46:31,309 - LiveReload server is running on port 35729
[INFO]2024-07-02 02:46:31,333 - Starting ProtocolHandler ["http-nio-8080"]
[INFO]2024-07-02 02:46:31,349 - Tomcat started on port(s): 8080 (http) with context path ''
[INFO]2024-07-02 02:46:31,364 - Started SpringbootApplication in 4.374 seconds (JVM running for 5.119)
[INFO]2024-07-02 02:48:59,053 - Initializing Spring DispatcherServlet 'dispatcherServlet'
[INFO]2024-07-02 02:48:59,053 - Initializing Servlet 'dispatcherServlet'
[INFO]2024-07-02 02:48:59,055 - Completed initialization in 2 ms
[INFO]2024-07-02 02:58:10,639 - Closing JPA EntityManagerFactory for persistence unit 'default'
[INFO]2024-07-02 02:58:10,641 - HikariPool-1 - Shutdown initiated...
[INFO]2024-07-02 02:58:10,646 - HikariPool-1 - Shutdown completed.
[INFO]2024-07-02 02:58:16,350 - Starting SpringbootApplication using Java 20.0.1 on LAPTOP-L2BN52PD with PID 38544 (E:\shixi\springboot\target\classes started by jiaoy in E:\shixi\springboot)
[INFO]2024-07-02 02:58:16,351 - No active profile set, falling back to 1 default profile: "default"
[INFO]2024-07-02 02:58:16,405 - Devtools property defaults active! Set 'spring.devtools.add-properties' to 'false' to disable
[INFO]2024-07-02 02:58:16,405 - For additional web related logging consider setting the 'logging.level.web' property to 'DEBUG'
[INFO]2024-07-02 02:58:17,060 - Multiple Spring Data modules found, entering strict repository configuration mode
[INFO]2024-07-02 02:58:17,061 - Bootstrapping Spring Data JPA repositories in DEFAULT mode.
[INFO]2024-07-02 02:58:17,076 - Finished Spring Data repository scanning in 7 ms. Found 0 JPA repository interfaces.
[INFO]2024-07-02 02:58:17,086 - Multiple Spring Data modules found, entering strict repository configuration mode
[INFO]2024-07-02 02:58:17,087 - Bootstrapping Spring Data Redis repositories in DEFAULT mode.
[INFO]2024-07-02 02:58:17,096 - Finished Spring Data repository scanning in 2 ms. Found 0 Redis repository interfaces.
[INFO]2024-07-02 02:58:17,587 - Tomcat initialized with port(s): 8080 (http)
[INFO]2024-07-02 02:58:17,589 - Loaded Apache Tomcat Native library [1.3.0] using APR version [1.7.4].
[INFO]2024-07-02 02:58:17,589 - APR capabilities: IPv6 [true], sendfile [true], accept filters [false], random [true], UDS [true].
[INFO]2024-07-02 02:58:17,589 - APR/OpenSSL configuration: useAprConnector [false], useOpenSSL [true]
[INFO]2024-07-02 02:58:17,594 - OpenSSL successfully initialized [OpenSSL 3.0.13 30 Jan 2024]
[INFO]2024-07-02 02:58:17,602 - Initializing ProtocolHandler ["http-nio-8080"]
[INFO]2024-07-02 02:58:17,603 - Starting service [Tomcat]
[INFO]2024-07-02 02:58:17,603 - Starting Servlet engine: [Apache Tomcat/9.0.76]
[INFO]2024-07-02 02:58:17,665 - Initializing Spring embedded WebApplicationContext
[INFO]2024-07-02 02:58:17,665 - Root WebApplicationContext: initialization completed in 1259 ms
[INFO]2024-07-02 02:58:17,778 - HikariPool-1 - Starting...
[WARN]2024-07-02 02:58:17,779 - Registered driver with driverClassName=com.mysql.jdbc.Driver was not found, trying direct instantiation.
[INFO]2024-07-02 02:58:17,864 - HikariPool-1 - Start completed.
[INFO]2024-07-02 02:58:17,954 - HHH000412: Hibernate ORM core version 5.6.15.Final
[INFO]2024-07-02 02:58:18,063 - HCANN000001: Hibernate Commons Annotations {5.1.2.Final}
[INFO]2024-07-02 02:58:18,146 - HHH000400: Using dialect: org.hibernate.dialect.MySQL55Dialect
[INFO]2024-07-02 02:58:18,254 - HHH000490: Using JtaPlatform implementation: [org.hibernate.engine.transaction.jta.platform.internal.NoJtaPlatform]
[INFO]2024-07-02 02:58:18,262 - Initialized JPA EntityManagerFactory for persistence unit 'default'
[INFO]2024-07-02 02:58:18,639 - 自定义Redis配置--
[WARN]2024-07-02 02:58:18,687 - spring.jpa.open-in-view is enabled by default. Therefore, database queries may be performed during view rendering. Explicitly configure spring.jpa.open-in-view to disable this warning
[INFO]2024-07-02 02:58:18,809 - Adding welcome page template: index
[INFO]2024-07-02 02:58:19,022 - LiveReload server is running on port 35729
[INFO]2024-07-02 02:58:19,040 - Starting ProtocolHandler ["http-nio-8080"]
[INFO]2024-07-02 02:58:19,059 - Tomcat started on port(s): 8080 (http) with context path ''
[INFO]2024-07-02 02:58:19,074 - Started SpringbootApplication in 3.097 seconds (JVM running for 3.88)
[INFO]2024-07-02 02:58:35,656 - Closing JPA EntityManagerFactory for persistence unit 'default'
[INFO]2024-07-02 02:58:35,658 - HikariPool-1 - Shutdown initiated...
[INFO]2024-07-02 02:58:35,663 - HikariPool-1 - Shutdown completed.
[INFO]2024-07-02 02:58:40,712 - Starting SpringbootApplication using Java 20.0.1 on LAPTOP-L2BN52PD with PID 33968 (E:\shixi\springboot\target\classes started by jiaoy in E:\shixi\springboot)
[INFO]2024-07-02 02:58:40,713 - No active profile set, falling back to 1 default profile: "default"
[INFO]2024-07-02 02:58:40,759 - Devtools property defaults active! Set 'spring.devtools.add-properties' to 'false' to disable
[INFO]2024-07-02 02:58:40,759 - For additional web related logging consider setting the 'logging.level.web' property to 'DEBUG'
[INFO]2024-07-02 02:58:41,521 - Multiple Spring Data modules found, entering strict repository configuration mode
[INFO]2024-07-02 02:58:41,522 - Bootstrapping Spring Data JPA repositories in DEFAULT mode.
[INFO]2024-07-02 02:58:41,535 - Finished Spring Data repository scanning in 7 ms. Found 0 JPA repository interfaces.
[INFO]2024-07-02 02:58:41,546 - Multiple Spring Data modules found, entering strict repository configuration mode
[INFO]2024-07-02 02:58:41,547 - Bootstrapping Spring Data Redis repositories in DEFAULT mode.
[INFO]2024-07-02 02:58:41,557 - Finished Spring Data repository scanning in 2 ms. Found 0 Redis repository interfaces.
[INFO]2024-07-02 02:58:42,342 - Tomcat initialized with port(s): 8080 (http)
[INFO]2024-07-02 02:58:42,343 - Loaded Apache Tomcat Native library [1.3.0] using APR version [1.7.4].
[INFO]2024-07-02 02:58:42,344 - APR capabilities: IPv6 [true], sendfile [true], accept filters [false], random [true], UDS [true].
[INFO]2024-07-02 02:58:42,344 - APR/OpenSSL configuration: useAprConnector [false], useOpenSSL [true]
[INFO]2024-07-02 02:58:42,350 - OpenSSL successfully initialized [OpenSSL 3.0.13 30 Jan 2024]
[INFO]2024-07-02 02:58:42,355 - Initializing ProtocolHandler ["http-nio-8080"]
[INFO]2024-07-02 02:58:42,357 - Starting service [Tomcat]
[INFO]2024-07-02 02:58:42,357 - Starting Servlet engine: [Apache Tomcat/9.0.76]
[INFO]2024-07-02 02:58:42,420 - Initializing Spring embedded WebApplicationContext
[INFO]2024-07-02 02:58:42,420 - Root WebApplicationContext: initialization completed in 1661 ms
[INFO]2024-07-02 02:58:42,538 - HikariPool-1 - Starting...
[WARN]2024-07-02 02:58:42,541 - Registered driver with driverClassName=com.mysql.jdbc.Driver was not found, trying direct instantiation.
[INFO]2024-07-02 02:58:42,626 - HikariPool-1 - Start completed.
[INFO]2024-07-02 02:58:42,694 - HHH000412: Hibernate ORM core version 5.6.15.Final
[INFO]2024-07-02 02:58:42,790 - HCANN000001: Hibernate Commons Annotations {5.1.2.Final}
[INFO]2024-07-02 02:58:42,859 - HHH000400: Using dialect: org.hibernate.dialect.MySQL55Dialect
[INFO]2024-07-02 02:58:42,956 - HHH000490: Using JtaPlatform implementation: [org.hibernate.engine.transaction.jta.platform.internal.NoJtaPlatform]
[INFO]2024-07-02 02:58:42,965 - Initialized JPA EntityManagerFactory for persistence unit 'default'
[INFO]2024-07-02 02:58:43,373 - 自定义Redis配置--
[WARN]2024-07-02 02:58:43,415 - spring.jpa.open-in-view is enabled by default. Therefore, database queries may be performed during view rendering. Explicitly configure spring.jpa.open-in-view to disable this warning
[INFO]2024-07-02 02:58:43,535 - Adding welcome page template: index
[INFO]2024-07-02 02:58:43,755 - LiveReload server is running on port 35729
[INFO]2024-07-02 02:58:43,774 - Starting ProtocolHandler ["http-nio-8080"]
[INFO]2024-07-02 02:58:43,796 - Tomcat started on port(s): 8080 (http) with context path ''
[INFO]2024-07-02 02:58:43,811 - Started SpringbootApplication in 3.426 seconds (JVM running for 4.058)
[INFO]2024-07-02 02:59:04,702 - Initializing Spring DispatcherServlet 'dispatcherServlet'
[INFO]2024-07-02 02:59:04,702 - Initializing Servlet 'dispatcherServlet'
[INFO]2024-07-02 02:59:04,704 - Completed initialization in 2 ms
[INFO]2024-07-02 03:06:12,742 - Closing JPA EntityManagerFactory for persistence unit 'default'
[INFO]2024-07-02 03:06:12,744 - HikariPool-1 - Shutdown initiated...
[INFO]2024-07-02 03:06:12,751 - HikariPool-1 - Shutdown completed.
[INFO]2024-07-02 03:12:33,163 - Starting SpringbootApplication using Java 20.0.1 on LAPTOP-L2BN52PD with PID 51848 (E:\shixi\springboot\target\classes started by jiaoy in E:\shixi\springboot)
[INFO]2024-07-02 03:12:33,165 - No active profile set, falling back to 1 default profile: "default"
[INFO]2024-07-02 03:12:33,208 - Devtools property defaults active! Set 'spring.devtools.add-properties' to 'false' to disable
[INFO]2024-07-02 03:12:33,208 - For additional web related logging consider setting the 'logging.level.web' property to 'DEBUG'
[INFO]2024-07-02 03:12:33,885 - Multiple Spring Data modules found, entering strict repository configuration mode
[INFO]2024-07-02 03:12:33,885 - Bootstrapping Spring Data JPA repositories in DEFAULT mode.
[INFO]2024-07-02 03:12:33,900 - Finished Spring Data repository scanning in 7 ms. Found 0 JPA repository interfaces.
[INFO]2024-07-02 03:12:33,912 - Multiple Spring Data modules found, entering strict repository configuration mode
[INFO]2024-07-02 03:12:33,913 - Bootstrapping Spring Data Redis repositories in DEFAULT mode.
[INFO]2024-07-02 03:12:33,922 - Finished Spring Data repository scanning in 2 ms. Found 0 Redis repository interfaces.
[INFO]2024-07-02 03:12:34,377 - Tomcat initialized with port(s): 8080 (http)
[INFO]2024-07-02 03:12:34,377 - Loaded Apache Tomcat Native library [1.3.0] using APR version [1.7.4].
[INFO]2024-07-02 03:12:34,377 - APR capabilities: IPv6 [true], sendfile [true], accept filters [false], random [true], UDS [true].
[INFO]2024-07-02 03:12:34,378 - APR/OpenSSL configuration: useAprConnector [false], useOpenSSL [true]
[INFO]2024-07-02 03:12:34,382 - OpenSSL successfully initialized [OpenSSL 3.0.13 30 Jan 2024]
[INFO]2024-07-02 03:12:34,388 - Initializing ProtocolHandler ["http-nio-8080"]
[INFO]2024-07-02 03:12:34,389 - Starting service [Tomcat]
[INFO]2024-07-02 03:12:34,389 - Starting Servlet engine: [Apache Tomcat/9.0.76]
[INFO]2024-07-02 03:12:34,443 - Initializing Spring embedded WebApplicationContext
[INFO]2024-07-02 03:12:34,443 - Root WebApplicationContext: initialization completed in 1235 ms
[INFO]2024-07-02 03:12:34,555 - HikariPool-1 - Starting...
[WARN]2024-07-02 03:12:34,557 - Registered driver with driverClassName=com.mysql.jdbc.Driver was not found, trying direct instantiation.
[INFO]2024-07-02 03:12:34,643 - HikariPool-1 - Start completed.
[INFO]2024-07-02 03:12:34,709 - HHH000412: Hibernate ORM core version 5.6.15.Final
[INFO]2024-07-02 03:12:34,799 - HCANN000001: Hibernate Commons Annotations {5.1.2.Final}
[INFO]2024-07-02 03:12:34,877 - HHH000400: Using dialect: org.hibernate.dialect.MySQL55Dialect
[INFO]2024-07-02 03:12:34,975 - HHH000490: Using JtaPlatform implementation: [org.hibernate.engine.transaction.jta.platform.internal.NoJtaPlatform]
[INFO]2024-07-02 03:12:34,982 - Initialized JPA EntityManagerFactory for persistence unit 'default'
[INFO]2024-07-02 03:12:35,376 - 自定义Redis配置--
[WARN]2024-07-02 03:12:35,420 - spring.jpa.open-in-view is enabled by default. Therefore, database queries may be performed during view rendering. Explicitly configure spring.jpa.open-in-view to disable this warning
[INFO]2024-07-02 03:12:35,534 - Adding welcome page template: index
[INFO]2024-07-02 03:12:35,757 - LiveReload server is running on port 35729
[INFO]2024-07-02 03:12:35,775 - Starting ProtocolHandler ["http-nio-8080"]
[INFO]2024-07-02 03:12:35,788 - Tomcat started on port(s): 8080 (http) with context path ''
[INFO]2024-07-02 03:12:35,802 - Started SpringbootApplication in 2.976 seconds (JVM running for 3.573)
[INFO]2024-07-02 03:12:39,848 - Initializing Spring DispatcherServlet 'dispatcherServlet'
[INFO]2024-07-02 03:12:39,848 - Initializing Servlet 'dispatcherServlet'
[INFO]2024-07-02 03:12:39,850 - Completed initialization in 2 ms
[INFO]2024-07-02 03:12:47,330 - Closing JPA EntityManagerFactory for persistence unit 'default'
[INFO]2024-07-02 03:12:47,332 - HikariPool-1 - Shutdown initiated...
[INFO]2024-07-02 03:12:47,336 - HikariPool-1 - Shutdown completed.
[INFO]2024-07-02 03:14:09,175 - Starting SpringbootApplication using Java 20.0.1 on LAPTOP-L2BN52PD with PID 25836 (E:\shixi\springboot\target\classes started by jiaoy in E:\shixi\springboot)
[INFO]2024-07-02 03:14:09,176 - No active profile set, falling back to 1 default profile: "default"
[INFO]2024-07-02 03:14:09,221 - Devtools property defaults active! Set 'spring.devtools.add-properties' to 'false' to disable
[INFO]2024-07-02 03:14:09,221 - For additional web related logging consider setting the 'logging.level.web' property to 'DEBUG'
[INFO]2024-07-02 03:14:09,892 - Multiple Spring Data modules found, entering strict repository configuration mode
[INFO]2024-07-02 03:14:09,892 - Bootstrapping Spring Data JPA repositories in DEFAULT mode.
[INFO]2024-07-02 03:14:09,909 - Finished Spring Data repository scanning in 8 ms. Found 0 JPA repository interfaces.
[INFO]2024-07-02 03:14:09,920 - Multiple Spring Data modules found, entering strict repository configuration mode
[INFO]2024-07-02 03:14:09,921 - Bootstrapping Spring Data Redis repositories in DEFAULT mode.
[INFO]2024-07-02 03:14:09,928 - Finished Spring Data repository scanning in 2 ms. Found 0 Redis repository interfaces.
[INFO]2024-07-02 03:14:10,364 - Tomcat initialized with port(s): 8080 (http)
[INFO]2024-07-02 03:14:10,364 - Loaded Apache Tomcat Native library [1.3.0] using APR version [1.7.4].
[INFO]2024-07-02 03:14:10,365 - APR capabilities: IPv6 [true], sendfile [true], accept filters [false], random [true], UDS [true].
[INFO]2024-07-02 03:14:10,365 - APR/OpenSSL configuration: useAprConnector [false], useOpenSSL [true]
[INFO]2024-07-02 03:14:10,370 - OpenSSL successfully initialized [OpenSSL 3.0.13 30 Jan 2024]
[INFO]2024-07-02 03:14:10,375 - Initializing ProtocolHandler ["http-nio-8080"]
[INFO]2024-07-02 03:14:10,376 - Starting service [Tomcat]
[INFO]2024-07-02 03:14:10,376 - Starting Servlet engine: [Apache Tomcat/9.0.76]
[INFO]2024-07-02 03:14:10,439 - Initializing Spring embedded WebApplicationContext
[INFO]2024-07-02 03:14:10,439 - Root WebApplicationContext: initialization completed in 1217 ms
[INFO]2024-07-02 03:14:10,546 - HikariPool-1 - Starting...
[WARN]2024-07-02 03:14:10,548 - Registered driver with driverClassName=com.mysql.jdbc.Driver was not found, trying direct instantiation.
[INFO]2024-07-02 03:14:10,634 - HikariPool-1 - Start completed.
[INFO]2024-07-02 03:14:10,701 - HHH000412: Hibernate ORM core version 5.6.15.Final
[INFO]2024-07-02 03:14:10,786 - HCANN000001: Hibernate Commons Annotations {5.1.2.Final}
[INFO]2024-07-02 03:14:10,859 - HHH000400: Using dialect: org.hibernate.dialect.MySQL55Dialect
[INFO]2024-07-02 03:14:10,943 - HHH000490: Using JtaPlatform implementation: [org.hibernate.engine.transaction.jta.platform.internal.NoJtaPlatform]
[INFO]2024-07-02 03:14:10,950 - Initialized JPA EntityManagerFactory for persistence unit 'default'
[INFO]2024-07-02 03:14:11,331 - 自定义Redis配置--
[WARN]2024-07-02 03:14:11,373 - spring.jpa.open-in-view is enabled by default. Therefore, database queries may be performed during view rendering. Explicitly configure spring.jpa.open-in-view to disable this warning
[INFO]2024-07-02 03:14:11,490 - Adding welcome page template: index
[INFO]2024-07-02 03:14:11,714 - LiveReload server is running on port 35729
[INFO]2024-07-02 03:14:11,730 - Starting ProtocolHandler ["http-nio-8080"]
[INFO]2024-07-02 03:14:11,744 - Tomcat started on port(s): 8080 (http) with context path ''
[INFO]2024-07-02 03:14:11,758 - Started SpringbootApplication in 2.911 seconds (JVM running for 3.536)
[INFO]2024-07-02 03:14:27,111 - Initializing Spring DispatcherServlet 'dispatcherServlet'
[INFO]2024-07-02 03:14:27,111 - Initializing Servlet 'dispatcherServlet'
[INFO]2024-07-02 03:14:27,113 - Completed initialization in 2 ms
[INFO]2024-07-02 03:24:34,503 - Closing JPA EntityManagerFactory for persistence unit 'default'
[INFO]2024-07-02 03:24:34,506 - HikariPool-1 - Shutdown initiated...
[INFO]2024-07-02 03:24:34,510 - HikariPool-1 - Shutdown completed.
[INFO]2024-07-02 03:24:40,171 - Starting SpringbootApplication using Java 20.0.1 on LAPTOP-L2BN52PD with PID 15076 (E:\shixi\springboot\target\classes started by jiaoy in E:\shixi\springboot)
[INFO]2024-07-02 03:24:40,171 - No active profile set, falling back to 1 default profile: "default"
[INFO]2024-07-02 03:24:40,218 - Devtools property defaults active! Set 'spring.devtools.add-properties' to 'false' to disable
[INFO]2024-07-02 03:24:40,218 - For additional web related logging consider setting the 'logging.level.web' property to 'DEBUG'
[INFO]2024-07-02 03:24:41,008 - Multiple Spring Data modules found, entering strict repository configuration mode
[INFO]2024-07-02 03:24:41,009 - Bootstrapping Spring Data JPA repositories in DEFAULT mode.
[INFO]2024-07-02 03:24:41,030 - Finished Spring Data repository scanning in 11 ms. Found 0 JPA repository interfaces.
[INFO]2024-07-02 03:24:41,047 - Multiple Spring Data modules found, entering strict repository configuration mode
[INFO]2024-07-02 03:24:41,047 - Bootstrapping Spring Data Redis repositories in DEFAULT mode.
[INFO]2024-07-02 03:24:41,059 - Finished Spring Data repository scanning in 3 ms. Found 0 Redis repository interfaces.
[INFO]2024-07-02 03:24:41,594 - Tomcat initialized with port(s): 8080 (http)
[INFO]2024-07-02 03:24:41,596 - Loaded Apache Tomcat Native library [1.3.0] using APR version [1.7.4].
[INFO]2024-07-02 03:24:41,596 - APR capabilities: IPv6 [true], sendfile [true], accept filters [false], random [true], UDS [true].
[INFO]2024-07-02 03:24:41,596 - APR/OpenSSL configuration: useAprConnector [false], useOpenSSL [true]
[INFO]2024-07-02 03:24:41,600 - OpenSSL successfully initialized [OpenSSL 3.0.13 30 Jan 2024]
[INFO]2024-07-02 03:24:41,608 - Initializing ProtocolHandler ["http-nio-8080"]
[INFO]2024-07-02 03:24:41,609 - Starting service [Tomcat]
[INFO]2024-07-02 03:24:41,609 - Starting Servlet engine: [Apache Tomcat/9.0.76]
[INFO]2024-07-02 03:24:41,668 - Initializing Spring embedded WebApplicationContext
[INFO]2024-07-02 03:24:41,668 - Root WebApplicationContext: initialization completed in 1450 ms
[INFO]2024-07-02 03:24:41,787 - HikariPool-1 - Starting...
[WARN]2024-07-02 03:24:41,789 - Registered driver with driverClassName=com.mysql.jdbc.Driver was not found, trying direct instantiation.
[INFO]2024-07-02 03:24:41,878 - HikariPool-1 - Start completed.
[INFO]2024-07-02 03:24:41,953 - HHH000412: Hibernate ORM core version 5.6.15.Final
[INFO]2024-07-02 03:24:42,050 - HCANN000001: Hibernate Commons Annotations {5.1.2.Final}
[INFO]2024-07-02 03:24:42,124 - HHH000400: Using dialect: org.hibernate.dialect.MySQL55Dialect
[INFO]2024-07-02 03:24:42,219 - HHH000490: Using JtaPlatform implementation: [org.hibernate.engine.transaction.jta.platform.internal.NoJtaPlatform]
[INFO]2024-07-02 03:24:42,227 - Initialized JPA EntityManagerFactory for persistence unit 'default'
[INFO]2024-07-02 03:24:42,657 - 自定义Redis配置--
[WARN]2024-07-02 03:24:42,713 - spring.jpa.open-in-view is enabled by default. Therefore, database queries may be performed during view rendering. Explicitly configure spring.jpa.open-in-view to disable this warning
[INFO]2024-07-02 03:24:42,829 - Adding welcome page template: index
[INFO]2024-07-02 03:24:43,096 - LiveReload server is running on port 35729
[INFO]2024-07-02 03:24:43,121 - Starting ProtocolHandler ["http-nio-8080"]
[INFO]2024-07-02 03:24:43,138 - Tomcat started on port(s): 8080 (http) with context path ''
[INFO]2024-07-02 03:24:43,155 - Started SpringbootApplication in 3.361 seconds (JVM running for 4.021)
[INFO]2024-07-02 03:24:46,523 - Initializing Spring DispatcherServlet 'dispatcherServlet'
[INFO]2024-07-02 03:24:46,524 - Initializing Servlet 'dispatcherServlet'
[INFO]2024-07-02 03:24:46,525 - Completed initialization in 1 ms
[INFO]2024-07-02 03:25:41,864 - Closing JPA EntityManagerFactory for persistence unit 'default'
[INFO]2024-07-02 03:25:41,866 - HikariPool-1 - Shutdown initiated...
[INFO]2024-07-02 03:25:41,871 - HikariPool-1 - Shutdown completed.
[INFO]2024-07-02 03:28:01,134 - Starting SpringbootApplication using Java 20.0.1 on LAPTOP-L2BN52PD with PID 17024 (E:\shixi\springboot\target\classes started by jiaoy in E:\shixi\springboot)
[INFO]2024-07-02 03:28:01,135 - No active profile set, falling back to 1 default profile: "default"
[INFO]2024-07-02 03:28:01,178 - Devtools property defaults active! Set 'spring.devtools.add-properties' to 'false' to disable
[INFO]2024-07-02 03:28:01,178 - For additional web related logging consider setting the 'logging.level.web' property to 'DEBUG'
[INFO]2024-07-02 03:28:01,827 - Multiple Spring Data modules found, entering strict repository configuration mode
[INFO]2024-07-02 03:28:01,828 - Bootstrapping Spring Data JPA repositories in DEFAULT mode.
[INFO]2024-07-02 03:28:01,844 - Finished Spring Data repository scanning in 7 ms. Found 0 JPA repository interfaces.
[INFO]2024-07-02 03:28:01,855 - Multiple Spring Data modules found, entering strict repository configuration mode
[INFO]2024-07-02 03:28:01,856 - Bootstrapping Spring Data Redis repositories in DEFAULT mode.
[INFO]2024-07-02 03:28:01,865 - Finished Spring Data repository scanning in 3 ms. Found 0 Redis repository interfaces.
[INFO]2024-07-02 03:28:02,312 - Tomcat initialized with port(s): 8080 (http)
[INFO]2024-07-02 03:28:02,313 - Loaded Apache Tomcat Native library [1.3.0] using APR version [1.7.4].
[INFO]2024-07-02 03:28:02,313 - APR capabilities: IPv6 [true], sendfile [true], accept filters [false], random [true], UDS [true].
[INFO]2024-07-02 03:28:02,314 - APR/OpenSSL configuration: useAprConnector [false], useOpenSSL [true]
[INFO]2024-07-02 03:28:02,318 - OpenSSL successfully initialized [OpenSSL 3.0.13 30 Jan 2024]
[INFO]2024-07-02 03:28:02,323 - Initializing ProtocolHandler ["http-nio-8080"]
[INFO]2024-07-02 03:28:02,324 - Starting service [Tomcat]
[INFO]2024-07-02 03:28:02,324 - Starting Servlet engine: [Apache Tomcat/9.0.76]
[INFO]2024-07-02 03:28:02,381 - Initializing Spring embedded WebApplicationContext
[INFO]2024-07-02 03:28:02,381 - Root WebApplicationContext: initialization completed in 1203 ms
[INFO]2024-07-02 03:28:02,488 - HikariPool-1 - Starting...
[WARN]2024-07-02 03:28:02,489 - Registered driver with driverClassName=com.mysql.jdbc.Driver was not found, trying direct instantiation.
[INFO]2024-07-02 03:28:02,583 - HikariPool-1 - Start completed.
[INFO]2024-07-02 03:28:02,649 - HHH000412: Hibernate ORM core version 5.6.15.Final
[INFO]2024-07-02 03:28:02,738 - HCANN000001: Hibernate Commons Annotations {5.1.2.Final}
[INFO]2024-07-02 03:28:02,809 - HHH000400: Using dialect: org.hibernate.dialect.MySQL55Dialect
[INFO]2024-07-02 03:28:02,897 - HHH000490: Using JtaPlatform implementation: [org.hibernate.engine.transaction.jta.platform.internal.NoJtaPlatform]
[INFO]2024-07-02 03:28:02,906 - Initialized JPA EntityManagerFactory for persistence unit 'default'
[INFO]2024-07-02 03:28:03,319 - 自定义Redis配置--
[WARN]2024-07-02 03:28:03,362 - spring.jpa.open-in-view is enabled by default. Therefore, database queries may be performed during view rendering. Explicitly configure spring.jpa.open-in-view to disable this warning
[INFO]2024-07-02 03:28:03,474 - Adding welcome page template: index
[INFO]2024-07-02 03:28:03,692 - LiveReload server is running on port 35729
[INFO]2024-07-02 03:28:03,709 - Starting ProtocolHandler ["http-nio-8080"]
[INFO]2024-07-02 03:28:03,726 - Tomcat started on port(s): 8080 (http) with context path ''
[INFO]2024-07-02 03:28:03,742 - Started SpringbootApplication in 2.933 seconds (JVM running for 3.531)
[INFO]2024-07-02 03:28:07,485 - Initializing Spring DispatcherServlet 'dispatcherServlet'
[INFO]2024-07-02 03:28:07,485 - Initializing Servlet 'dispatcherServlet'
[INFO]2024-07-02 03:28:07,486 - Completed initialization in 1 ms
[INFO]2024-07-02 03:38:20,786 - Closing JPA EntityManagerFactory for persistence unit 'default'
[INFO]2024-07-02 03:38:20,788 - HikariPool-1 - Shutdown initiated...
[INFO]2024-07-02 03:38:20,793 - HikariPool-1 - Shutdown completed.
[INFO]2024-07-02 03:43:19,137 - Starting SpringbootApplication using Java 20.0.1 on LAPTOP-L2BN52PD with PID 17792 (E:\shixi\springboot\target\classes started by jiaoy in E:\shixi\springboot)
[INFO]2024-07-02 03:43:19,138 - No active profile set, falling back to 1 default profile: "default"
[INFO]2024-07-02 03:43:19,177 - Devtools property defaults active! Set 'spring.devtools.add-properties' to 'false' to disable
[INFO]2024-07-02 03:43:19,177 - For additional web related logging consider setting the 'logging.level.web' property to 'DEBUG'
[INFO]2024-07-02 03:43:19,782 - Multiple Spring Data modules found, entering strict repository configuration mode
[INFO]2024-07-02 03:43:19,783 - Bootstrapping Spring Data JPA repositories in DEFAULT mode.
[INFO]2024-07-02 03:43:19,801 - Finished Spring Data repository scanning in 9 ms. Found 0 JPA repository interfaces.
[INFO]2024-07-02 03:43:19,814 - Multiple Spring Data modules found, entering strict repository configuration mode
[INFO]2024-07-02 03:43:19,815 - Bootstrapping Spring Data Redis repositories in DEFAULT mode.
[INFO]2024-07-02 03:43:19,823 - Finished Spring Data repository scanning in 3 ms. Found 0 Redis repository interfaces.
[INFO]2024-07-02 03:43:20,362 - Tomcat initialized with port(s): 8080 (http)
[INFO]2024-07-02 03:43:20,363 - Loaded Apache Tomcat Native library [1.3.0] using APR version [1.7.4].
[INFO]2024-07-02 03:43:20,363 - APR capabilities: IPv6 [true], sendfile [true], accept filters [false], random [true], UDS [true].
[INFO]2024-07-02 03:43:20,363 - APR/OpenSSL configuration: useAprConnector [false], useOpenSSL [true]
[INFO]2024-07-02 03:43:20,369 - OpenSSL successfully initialized [OpenSSL 3.0.13 30 Jan 2024]
[INFO]2024-07-02 03:43:20,375 - Initializing ProtocolHandler ["http-nio-8080"]
[INFO]2024-07-02 03:43:20,376 - Starting service [Tomcat]
[INFO]2024-07-02 03:43:20,376 - Starting Servlet engine: [Apache Tomcat/9.0.76]
[INFO]2024-07-02 03:43:20,447 - Initializing Spring embedded WebApplicationContext
[INFO]2024-07-02 03:43:20,447 - Root WebApplicationContext: initialization completed in 1269 ms
[INFO]2024-07-02 03:43:20,564 - HikariPool-1 - Starting...
[WARN]2024-07-02 03:43:20,565 - Registered driver with driverClassName=com.mysql.jdbc.Driver was not found, trying direct instantiation.
[INFO]2024-07-02 03:43:20,655 - HikariPool-1 - Start completed.
[INFO]2024-07-02 03:43:20,726 - HHH000412: Hibernate ORM core version 5.6.15.Final
[INFO]2024-07-02 03:43:20,814 - HCANN000001: Hibernate Commons Annotations {5.1.2.Final}
[INFO]2024-07-02 03:43:20,892 - HHH000400: Using dialect: org.hibernate.dialect.MySQL55Dialect
[INFO]2024-07-02 03:43:20,998 - HHH000490: Using JtaPlatform implementation: [org.hibernate.engine.transaction.jta.platform.internal.NoJtaPlatform]
[INFO]2024-07-02 03:43:21,007 - Initialized JPA EntityManagerFactory for persistence unit 'default'
[INFO]2024-07-02 03:43:21,421 - 自定义Redis配置--
[WARN]2024-07-02 03:43:21,463 - spring.jpa.open-in-view is enabled by default. Therefore, database queries may be performed during view rendering. Explicitly configure spring.jpa.open-in-view to disable this warning
[INFO]2024-07-02 03:43:21,579 - Adding welcome page template: index
[INFO]2024-07-02 03:43:21,800 - LiveReload server is running on port 35729
[INFO]2024-07-02 03:43:21,818 - Starting ProtocolHandler ["http-nio-8080"]
[INFO]2024-07-02 03:43:21,836 - Tomcat started on port(s): 8080 (http) with context path ''
[INFO]2024-07-02 03:43:21,849 - Started SpringbootApplication in 3.09 seconds (JVM running for 4.202)
[INFO]2024-07-02 03:43:48,816 - Initializing Spring DispatcherServlet 'dispatcherServlet'
[INFO]2024-07-02 03:43:48,817 - Initializing Servlet 'dispatcherServlet'
[INFO]2024-07-02 03:43:48,836 - Completed initialization in 19 ms
[WARN]2024-07-02 03:46:02,085 - Resolved [org.springframework.web.method.annotation.MethodArgumentTypeMismatchException: Failed to convert value of type 'java.lang.String' to required type 'int'; nested exception is java.lang.NumberFormatException: For input string: "’‘"]
[WARN]2024-07-02 03:46:16,389 - Resolved [org.springframework.web.method.annotation.MethodArgumentTypeMismatchException: Failed to convert value of type 'java.lang.String' to required type 'int'; nested exception is java.lang.NumberFormatException: For input string: ""]
[INFO]2024-07-02 03:55:29,728 - Closing JPA EntityManagerFactory for persistence unit 'default'
[INFO]2024-07-02 03:55:29,731 - HikariPool-1 - Shutdown initiated...
[INFO]2024-07-02 03:55:29,738 - HikariPool-1 - Shutdown completed.
[INFO]2024-07-02 03:55:35,033 - Starting SpringbootApplication using Java 20.0.1 on LAPTOP-L2BN52PD with PID 51888 (E:\shixi\springboot\target\classes started by jiaoy in E:\shixi\springboot)
[INFO]2024-07-02 03:55:35,034 - No active profile set, falling back to 1 default profile: "default"
[INFO]2024-07-02 03:55:35,086 - Devtools property defaults active! Set 'spring.devtools.add-properties' to 'false' to disable
[INFO]2024-07-02 03:55:35,086 - For additional web related logging consider setting the 'logging.level.web' property to 'DEBUG'
[INFO]2024-07-02 03:55:35,763 - Multiple Spring Data modules found, entering strict repository configuration mode
[INFO]2024-07-02 03:55:35,763 - Bootstrapping Spring Data JPA repositories in DEFAULT mode.
[INFO]2024-07-02 03:55:35,778 - Finished Spring Data repository scanning in 7 ms. Found 0 JPA repository interfaces.
[INFO]2024-07-02 03:55:35,789 - Multiple Spring Data modules found, entering strict repository configuration mode
[INFO]2024-07-02 03:55:35,790 - Bootstrapping Spring Data Redis repositories in DEFAULT mode.
[INFO]2024-07-02 03:55:35,800 - Finished Spring Data repository scanning in 3 ms. Found 0 Redis repository interfaces.
[INFO]2024-07-02 03:55:36,260 - Tomcat initialized with port(s): 8080 (http)
[INFO]2024-07-02 03:55:36,261 - Loaded Apache Tomcat Native library [1.3.0] using APR version [1.7.4].
[INFO]2024-07-02 03:55:36,262 - APR capabilities: IPv6 [true], sendfile [true], accept filters [false], random [true], UDS [true].
[INFO]2024-07-02 03:55:36,262 - APR/OpenSSL configuration: useAprConnector [false], useOpenSSL [true]
[INFO]2024-07-02 03:55:36,268 - OpenSSL successfully initialized [OpenSSL 3.0.13 30 Jan 2024]
[INFO]2024-07-02 03:55:36,275 - Initializing ProtocolHandler ["http-nio-8080"]
[INFO]2024-07-02 03:55:36,276 - Starting service [Tomcat]
[INFO]2024-07-02 03:55:36,276 - Starting Servlet engine: [Apache Tomcat/9.0.76]
[INFO]2024-07-02 03:55:36,338 - Initializing Spring embedded WebApplicationContext
[INFO]2024-07-02 03:55:36,338 - Root WebApplicationContext: initialization completed in 1251 ms
[INFO]2024-07-02 03:55:36,449 - HikariPool-1 - Starting...
[WARN]2024-07-02 03:55:36,452 - Registered driver with driverClassName=com.mysql.jdbc.Driver was not found, trying direct instantiation.
[INFO]2024-07-02 03:55:36,538 - HikariPool-1 - Start completed.
[INFO]2024-07-02 03:55:36,625 - HHH000412: Hibernate ORM core version 5.6.15.Final
[INFO]2024-07-02 03:55:36,734 - HCANN000001: Hibernate Commons Annotations {5.1.2.Final}
[INFO]2024-07-02 03:55:36,811 - HHH000400: Using dialect: org.hibernate.dialect.MySQL55Dialect
[INFO]2024-07-02 03:55:36,933 - HHH000490: Using JtaPlatform implementation: [org.hibernate.engine.transaction.jta.platform.internal.NoJtaPlatform]
[INFO]2024-07-02 03:55:36,943 - Initialized JPA EntityManagerFactory for persistence unit 'default'
[INFO]2024-07-02 03:55:37,375 - 自定义Redis配置--
[WARN]2024-07-02 03:55:37,423 - spring.jpa.open-in-view is enabled by default. Therefore, database queries may be performed during view rendering. Explicitly configure spring.jpa.open-in-view to disable this warning
[INFO]2024-07-02 03:55:37,540 - Adding welcome page template: index
[INFO]2024-07-02 03:55:37,777 - LiveReload server is running on port 35729
[INFO]2024-07-02 03:55:37,796 - Starting ProtocolHandler ["http-nio-8080"]
[INFO]2024-07-02 03:55:37,821 - Tomcat started on port(s): 8080 (http) with context path ''
[INFO]2024-07-02 03:55:37,838 - Started SpringbootApplication in 3.192 seconds (JVM running for 3.829)
[INFO]2024-07-02 03:55:40,692 - Initializing Spring DispatcherServlet 'dispatcherServlet'
[INFO]2024-07-02 03:55:40,692 - Initializing Servlet 'dispatcherServlet'
[INFO]2024-07-02 03:55:40,693 - Completed initialization in 1 ms
[INFO]2024-07-02 04:06:16,676 - Closing JPA EntityManagerFactory for persistence unit 'default'
[INFO]2024-07-02 04:06:16,679 - HikariPool-1 - Shutdown initiated...
[INFO]2024-07-02 04:06:16,684 - HikariPool-1 - Shutdown completed.
[INFO]2024-07-02 04:06:21,900 - Starting SpringbootApplication using Java 20.0.1 on LAPTOP-L2BN52PD with PID 10696 (E:\shixi\springboot\target\classes started by jiaoy in E:\shixi\springboot)
[INFO]2024-07-02 04:06:21,901 - No active profile set, falling back to 1 default profile: "default"
[INFO]2024-07-02 04:06:21,941 - Devtools property defaults active! Set 'spring.devtools.add-properties' to 'false' to disable
[INFO]2024-07-02 04:06:21,941 - For additional web related logging consider setting the 'logging.level.web' property to 'DEBUG'
[INFO]2024-07-02 04:06:22,617 - Multiple Spring Data modules found, entering strict repository configuration mode
[INFO]2024-07-02 04:06:22,618 - Bootstrapping Spring Data JPA repositories in DEFAULT mode.
[INFO]2024-07-02 04:06:22,632 - Finished Spring Data repository scanning in 7 ms. Found 0 JPA repository interfaces.
[INFO]2024-07-02 04:06:22,643 - Multiple Spring Data modules found, entering strict repository configuration mode
[INFO]2024-07-02 04:06:22,644 - Bootstrapping Spring Data Redis repositories in DEFAULT mode.
[INFO]2024-07-02 04:06:22,654 - Finished Spring Data repository scanning in 3 ms. Found 0 Redis repository interfaces.
[INFO]2024-07-02 04:06:23,139 - Tomcat initialized with port(s): 8080 (http)
[INFO]2024-07-02 04:06:23,140 - Loaded Apache Tomcat Native library [1.3.0] using APR version [1.7.4].
[INFO]2024-07-02 04:06:23,140 - APR capabilities: IPv6 [true], sendfile [true], accept filters [false], random [true], UDS [true].
[INFO]2024-07-02 04:06:23,140 - APR/OpenSSL configuration: useAprConnector [false], useOpenSSL [true]
[INFO]2024-07-02 04:06:23,145 - OpenSSL successfully initialized [OpenSSL 3.0.13 30 Jan 2024]
[INFO]2024-07-02 04:06:23,150 - Initializing ProtocolHandler ["http-nio-8080"]
[INFO]2024-07-02 04:06:23,150 - Starting service [Tomcat]
[INFO]2024-07-02 04:06:23,150 - Starting Servlet engine: [Apache Tomcat/9.0.76]
[INFO]2024-07-02 04:06:23,204 - Initializing Spring embedded WebApplicationContext
[INFO]2024-07-02 04:06:23,204 - Root WebApplicationContext: initialization completed in 1262 ms
[INFO]2024-07-02 04:06:23,313 - HikariPool-1 - Starting...
[WARN]2024-07-02 04:06:23,315 - Registered driver with driverClassName=com.mysql.jdbc.Driver was not found, trying direct instantiation.
[INFO]2024-07-02 04:06:23,404 - HikariPool-1 - Start completed.
[INFO]2024-07-02 04:06:23,472 - HHH000412: Hibernate ORM core version 5.6.15.Final
[INFO]2024-07-02 04:06:23,557 - HCANN000001: Hibernate Commons Annotations {5.1.2.Final}
[INFO]2024-07-02 04:06:23,623 - HHH000400: Using dialect: org.hibernate.dialect.MySQL55Dialect
[INFO]2024-07-02 04:06:23,712 - HHH000490: Using JtaPlatform implementation: [org.hibernate.engine.transaction.jta.platform.internal.NoJtaPlatform]
[INFO]2024-07-02 04:06:23,719 - Initialized JPA EntityManagerFactory for persistence unit 'default'
[INFO]2024-07-02 04:06:24,142 - 自定义Redis配置--
[WARN]2024-07-02 04:06:24,184 - spring.jpa.open-in-view is enabled by default. Therefore, database queries may be performed during view rendering. Explicitly configure spring.jpa.open-in-view to disable this warning
[INFO]2024-07-02 04:06:24,295 - Adding welcome page template: index
[INFO]2024-07-02 04:06:24,515 - LiveReload server is running on port 35729
[INFO]2024-07-02 04:06:24,536 - Starting ProtocolHandler ["http-nio-8080"]
[INFO]2024-07-02 04:06:24,550 - Tomcat started on port(s): 8080 (http) with context path ''
[INFO]2024-07-02 04:06:24,564 - Started SpringbootApplication in 2.98 seconds (JVM running for 3.544)
[INFO]2024-07-02 04:07:00,352 - Initializing Spring DispatcherServlet 'dispatcherServlet'
[INFO]2024-07-02 04:07:00,353 - Initializing Servlet 'dispatcherServlet'
[INFO]2024-07-02 04:07:00,363 - Completed initialization in 10 ms
[INFO]2024-07-02 04:23:18,768 - Closing JPA EntityManagerFactory for persistence unit 'default'
[INFO]2024-07-02 04:23:18,770 - HikariPool-1 - Shutdown initiated...
[INFO]2024-07-02 04:23:18,776 - HikariPool-1 - Shutdown completed.
[INFO]2024-07-02 04:23:24,318 - Starting SpringbootApplication using Java 20.0.1 on LAPTOP-L2BN52PD with PID 39232 (E:\shixi\springboot\target\classes started by jiaoy in E:\shixi\springboot)
[INFO]2024-07-02 04:23:24,319 - No active profile set, falling back to 1 default profile: "default"
[INFO]2024-07-02 04:23:24,388 - Devtools property defaults active! Set 'spring.devtools.add-properties' to 'false' to disable
[INFO]2024-07-02 04:23:24,388 - For additional web related logging consider setting the 'logging.level.web' property to 'DEBUG'
[INFO]2024-07-02 04:23:25,074 - Multiple Spring Data modules found, entering strict repository configuration mode
[INFO]2024-07-02 04:23:25,074 - Bootstrapping Spring Data JPA repositories in DEFAULT mode.
[INFO]2024-07-02 04:23:25,090 - Finished Spring Data repository scanning in 8 ms. Found 0 JPA repository interfaces.
[INFO]2024-07-02 04:23:25,101 - Multiple Spring Data modules found, entering strict repository configuration mode
[INFO]2024-07-02 04:23:25,102 - Bootstrapping Spring Data Redis repositories in DEFAULT mode.
[INFO]2024-07-02 04:23:25,111 - Finished Spring Data repository scanning in 3 ms. Found 0 Redis repository interfaces.
[INFO]2024-07-02 04:23:25,571 - Tomcat initialized with port(s): 8080 (http)
[INFO]2024-07-02 04:23:25,572 - Loaded Apache Tomcat Native library [1.3.0] using APR version [1.7.4].
[INFO]2024-07-02 04:23:25,572 - APR capabilities: IPv6 [true], sendfile [true], accept filters [false], random [true], UDS [true].
[INFO]2024-07-02 04:23:25,572 - APR/OpenSSL configuration: useAprConnector [false], useOpenSSL [true]
[INFO]2024-07-02 04:23:25,578 - OpenSSL successfully initialized [OpenSSL 3.0.13 30 Jan 2024]
[INFO]2024-07-02 04:23:25,585 - Initializing ProtocolHandler ["http-nio-8080"]
[INFO]2024-07-02 04:23:25,586 - Starting service [Tomcat]
[INFO]2024-07-02 04:23:25,586 - Starting Servlet engine: [Apache Tomcat/9.0.76]
[INFO]2024-07-02 04:23:25,650 - Initializing Spring embedded WebApplicationContext
[INFO]2024-07-02 04:23:25,650 - Root WebApplicationContext: initialization completed in 1262 ms
[INFO]2024-07-02 04:23:25,754 - HikariPool-1 - Starting...
[WARN]2024-07-02 04:23:25,756 - Registered driver with driverClassName=com.mysql.jdbc.Driver was not found, trying direct instantiation.
[INFO]2024-07-02 04:23:25,842 - HikariPool-1 - Start completed.
[INFO]2024-07-02 04:23:25,922 - HHH000412: Hibernate ORM core version 5.6.15.Final
[INFO]2024-07-02 04:23:26,021 - HCANN000001: Hibernate Commons Annotations {5.1.2.Final}
[INFO]2024-07-02 04:23:26,101 - HHH000400: Using dialect: org.hibernate.dialect.MySQL55Dialect
[INFO]2024-07-02 04:23:26,204 - HHH000490: Using JtaPlatform implementation: [org.hibernate.engine.transaction.jta.platform.internal.NoJtaPlatform]
[INFO]2024-07-02 04:23:26,211 - Initialized JPA EntityManagerFactory for persistence unit 'default'
[INFO]2024-07-02 04:23:26,635 - 自定义Redis配置--
[WARN]2024-07-02 04:23:26,681 - spring.jpa.open-in-view is enabled by default. Therefore, database queries may be performed during view rendering. Explicitly configure spring.jpa.open-in-view to disable this warning
[INFO]2024-07-02 04:23:26,809 - Adding welcome page template: index
[INFO]2024-07-02 04:23:27,031 - LiveReload server is running on port 35729
[INFO]2024-07-02 04:23:27,049 - Starting ProtocolHandler ["http-nio-8080"]
[INFO]2024-07-02 04:23:27,067 - Tomcat started on port(s): 8080 (http) with context path ''
[INFO]2024-07-02 04:23:27,081 - Started SpringbootApplication in 3.226 seconds (JVM running for 3.873)
[INFO]2024-07-02 04:23:33,992 - Initializing Spring DispatcherServlet 'dispatcherServlet'
[INFO]2024-07-02 04:23:33,992 - Initializing Servlet 'dispatcherServlet'
[INFO]2024-07-02 04:23:33,993 - Completed initialization in 1 ms
[INFO]2024-07-02 04:24:30,122 - Closing JPA EntityManagerFactory for persistence unit 'default'
[INFO]2024-07-02 04:24:30,124 - HikariPool-1 - Shutdown initiated...
[INFO]2024-07-02 04:24:30,130 - HikariPool-1 - Shutdown completed.
[INFO]2024-07-02 04:24:32,019 - Starting SpringbootApplication using Java 20.0.1 on LAPTOP-L2BN52PD with PID 21848 (E:\shixi\springboot\target\classes started by jiaoy in E:\shixi\springboot)
[INFO]2024-07-02 04:24:32,019 - No active profile set, falling back to 1 default profile: "default"
[INFO]2024-07-02 04:24:32,064 - Devtools property defaults active! Set 'spring.devtools.add-properties' to 'false' to disable
[INFO]2024-07-02 04:24:32,064 - For additional web related logging consider setting the 'logging.level.web' property to 'DEBUG'
[INFO]2024-07-02 04:24:33,478 - Multiple Spring Data modules found, entering strict repository configuration mode
[INFO]2024-07-02 04:24:33,478 - Bootstrapping Spring Data JPA repositories in DEFAULT mode.
[INFO]2024-07-02 04:24:33,504 - Finished Spring Data repository scanning in 13 ms. Found 0 JPA repository interfaces.
[INFO]2024-07-02 04:24:33,541 - Multiple Spring Data modules found, entering strict repository configuration mode
[INFO]2024-07-02 04:24:33,542 - Bootstrapping Spring Data Redis repositories in DEFAULT mode.
[INFO]2024-07-02 04:24:33,557 - Finished Spring Data repository scanning in 5 ms. Found 0 Redis repository interfaces.
[INFO]2024-07-02 04:24:34,183 - Tomcat initialized with port(s): 8080 (http)
[INFO]2024-07-02 04:24:34,184 - Loaded Apache Tomcat Native library [1.3.0] using APR version [1.7.4].
[INFO]2024-07-02 04:24:34,184 - APR capabilities: IPv6 [true], sendfile [true], accept filters [false], random [true], UDS [true].
[INFO]2024-07-02 04:24:34,184 - APR/OpenSSL configuration: useAprConnector [false], useOpenSSL [true]
[INFO]2024-07-02 04:24:34,188 - OpenSSL successfully initialized [OpenSSL 3.0.13 30 Jan 2024]
[INFO]2024-07-02 04:24:34,193 - Initializing ProtocolHandler ["http-nio-8080"]
[INFO]2024-07-02 04:24:34,194 - Starting service [Tomcat]
[INFO]2024-07-02 04:24:34,194 - Starting Servlet engine: [Apache Tomcat/9.0.76]
[INFO]2024-07-02 04:24:34,251 - Initializing Spring embedded WebApplicationContext
[INFO]2024-07-02 04:24:34,252 - Root WebApplicationContext: initialization completed in 2187 ms
[INFO]2024-07-02 04:24:34,354 - HikariPool-1 - Starting...
[WARN]2024-07-02 04:24:34,356 - Registered driver with driverClassName=com.mysql.jdbc.Driver was not found, trying direct instantiation.
[INFO]2024-07-02 04:24:34,448 - HikariPool-1 - Start completed.
[INFO]2024-07-02 04:24:34,512 - HHH000412: Hibernate ORM core version 5.6.15.Final
[INFO]2024-07-02 04:24:34,594 - HCANN000001: Hibernate Commons Annotations {5.1.2.Final}
[INFO]2024-07-02 04:24:34,666 - HHH000400: Using dialect: org.hibernate.dialect.MySQL55Dialect
[INFO]2024-07-02 04:24:34,753 - HHH000490: Using JtaPlatform implementation: [org.hibernate.engine.transaction.jta.platform.internal.NoJtaPlatform]
[INFO]2024-07-02 04:24:34,760 - Initialized JPA EntityManagerFactory for persistence unit 'default'
[INFO]2024-07-02 04:24:35,206 - 自定义Redis配置--
[WARN]2024-07-02 04:24:35,264 - spring.jpa.open-in-view is enabled by default. Therefore, database queries may be performed during view rendering. Explicitly configure spring.jpa.open-in-view to disable this warning
[INFO]2024-07-02 04:24:35,394 - Adding welcome page template: index
[INFO]2024-07-02 04:24:35,641 - LiveReload server is running on port 35729
[INFO]2024-07-02 04:24:35,659 - Starting ProtocolHandler ["http-nio-8080"]
[INFO]2024-07-02 04:24:35,674 - Tomcat started on port(s): 8080 (http) with context path ''
[INFO]2024-07-02 04:24:35,691 - Started SpringbootApplication in 3.995 seconds (JVM running for 4.622)
[INFO]2024-07-02 04:24:48,491 - Initializing Spring DispatcherServlet 'dispatcherServlet'
[INFO]2024-07-02 04:24:48,491 - Initializing Servlet 'dispatcherServlet'
[INFO]2024-07-02 04:24:48,492 - Completed initialization in 1 ms
[INFO]2024-07-02 04:33:12,447 - Closing JPA EntityManagerFactory for persistence unit 'default'
[INFO]2024-07-02 04:33:12,450 - HikariPool-1 - Shutdown initiated...
[INFO]2024-07-02 04:33:12,455 - HikariPool-1 - Shutdown completed.
[INFO]2024-07-02 04:33:14,358 - Starting SpringbootApplication using Java 20.0.1 on LAPTOP-L2BN52PD with PID 13724 (E:\shixi\springboot\target\classes started by jiaoy in E:\shixi\springboot)
[INFO]2024-07-02 04:33:14,358 - No active profile set, falling back to 1 default profile: "default"
[INFO]2024-07-02 04:33:14,401 - Devtools property defaults active! Set 'spring.devtools.add-properties' to 'false' to disable
[INFO]2024-07-02 04:33:14,401 - For additional web related logging consider setting the 'logging.level.web' property to 'DEBUG'
[INFO]2024-07-02 04:33:15,024 - Multiple Spring Data modules found, entering strict repository configuration mode
[INFO]2024-07-02 04:33:15,024 - Bootstrapping Spring Data JPA repositories in DEFAULT mode.
[INFO]2024-07-02 04:33:15,039 - Finished Spring Data repository scanning in 9 ms. Found 0 JPA repository interfaces.
[INFO]2024-07-02 04:33:15,051 - Multiple Spring Data modules found, entering strict repository configuration mode
[INFO]2024-07-02 04:33:15,052 - Bootstrapping Spring Data Redis repositories in DEFAULT mode.
[INFO]2024-07-02 04:33:15,063 - Finished Spring Data repository scanning in 2 ms. Found 0 Redis repository interfaces.
[INFO]2024-07-02 04:33:15,529 - Tomcat initialized with port(s): 8080 (http)
[INFO]2024-07-02 04:33:15,530 - Loaded Apache Tomcat Native library [1.3.0] using APR version [1.7.4].
[INFO]2024-07-02 04:33:15,530 - APR capabilities: IPv6 [true], sendfile [true], accept filters [false], random [true], UDS [true].
[INFO]2024-07-02 04:33:15,530 - APR/OpenSSL configuration: useAprConnector [false], useOpenSSL [true]
[INFO]2024-07-02 04:33:15,537 - OpenSSL successfully initialized [OpenSSL 3.0.13 30 Jan 2024]
[INFO]2024-07-02 04:33:15,542 - Initializing ProtocolHandler ["http-nio-8080"]
[INFO]2024-07-02 04:33:15,543 - Starting service [Tomcat]
[INFO]2024-07-02 04:33:15,543 - Starting Servlet engine: [Apache Tomcat/9.0.76]
[INFO]2024-07-02 04:33:15,607 - Initializing Spring embedded WebApplicationContext
[INFO]2024-07-02 04:33:15,607 - Root WebApplicationContext: initialization completed in 1206 ms
[INFO]2024-07-02 04:33:15,728 - HikariPool-1 - Starting...
[WARN]2024-07-02 04:33:15,730 - Registered driver with driverClassName=com.mysql.jdbc.Driver was not found, trying direct instantiation.
[INFO]2024-07-02 04:33:15,824 - HikariPool-1 - Start completed.
[INFO]2024-07-02 04:33:15,899 - HHH000412: Hibernate ORM core version 5.6.15.Final
[INFO]2024-07-02 04:33:16,026 - HCANN000001: Hibernate Commons Annotations {5.1.2.Final}
[INFO]2024-07-02 04:33:16,119 - HHH000400: Using dialect: org.hibernate.dialect.MySQL55Dialect
[INFO]2024-07-02 04:33:16,230 - HHH000490: Using JtaPlatform implementation: [org.hibernate.engine.transaction.jta.platform.internal.NoJtaPlatform]
[INFO]2024-07-02 04:33:16,242 - Initialized JPA EntityManagerFactory for persistence unit 'default'
[INFO]2024-07-02 04:33:17,377 - 自定义Redis配置--
[WARN]2024-07-02 04:33:17,463 - spring.jpa.open-in-view is enabled by default. Therefore, database queries may be performed during view rendering. Explicitly configure spring.jpa.open-in-view to disable this warning
[INFO]2024-07-02 04:33:17,654 - Adding welcome page template: index
[INFO]2024-07-02 04:33:17,892 - LiveReload server is running on port 35729
[INFO]2024-07-02 04:33:17,910 - Starting ProtocolHandler ["http-nio-8080"]
[INFO]2024-07-02 04:33:17,926 - Tomcat started on port(s): 8080 (http) with context path ''
[INFO]2024-07-02 04:33:17,941 - Started SpringbootApplication in 3.92 seconds (JVM running for 4.516)
[INFO]2024-07-02 04:33:19,088 - Initializing Spring DispatcherServlet 'dispatcherServlet'
[INFO]2024-07-02 04:33:19,088 - Initializing Servlet 'dispatcherServlet'
[INFO]2024-07-02 04:33:19,089 - Completed initialization in 1 ms
[INFO]2024-07-02 04:50:39,485 - Closing JPA EntityManagerFactory for persistence unit 'default'
[INFO]2024-07-02 04:50:39,487 - HikariPool-1 - Shutdown initiated...
[INFO]2024-07-02 04:50:39,498 - HikariPool-1 - Shutdown completed.
[INFO]2024-07-02 09:13:23,255 - Starting SpringbootApplication using Java 20.0.1 on LAPTOP-L2BN52PD with PID 14684 (E:\shixi\springboot\target\classes started by jiaoy in E:\shixi\springboot)
[INFO]2024-07-02 09:13:23,256 - No active profile set, falling back to 1 default profile: "default"
[INFO]2024-07-02 09:13:23,320 - Devtools property defaults active! Set 'spring.devtools.add-properties' to 'false' to disable
[INFO]2024-07-02 09:13:23,320 - For additional web related logging consider setting the 'logging.level.web' property to 'DEBUG'
[INFO]2024-07-02 09:13:24,409 - Multiple Spring Data modules found, entering strict repository configuration mode
[INFO]2024-07-02 09:13:24,410 - Bootstrapping Spring Data JPA repositories in DEFAULT mode.
[INFO]2024-07-02 09:13:24,426 - Finished Spring Data repository scanning in 7 ms. Found 0 JPA repository interfaces.
[INFO]2024-07-02 09:13:24,445 - Multiple Spring Data modules found, entering strict repository configuration mode
[INFO]2024-07-02 09:13:24,446 - Bootstrapping Spring Data Redis repositories in DEFAULT mode.
[INFO]2024-07-02 09:13:24,459 - Finished Spring Data repository scanning in 3 ms. Found 0 Redis repository interfaces.
[INFO]2024-07-02 09:13:25,118 - Tomcat initialized with port(s): 8080 (http)
[INFO]2024-07-02 09:13:25,120 - Loaded Apache Tomcat Native library [1.3.0] using APR version [1.7.4].
[INFO]2024-07-02 09:13:25,120 - APR capabilities: IPv6 [true], sendfile [true], accept filters [false], random [true], UDS [true].
[INFO]2024-07-02 09:13:25,120 - APR/OpenSSL configuration: useAprConnector [false], useOpenSSL [true]
[INFO]2024-07-02 09:13:25,144 - OpenSSL successfully initialized [OpenSSL 3.0.13 30 Jan 2024]
[INFO]2024-07-02 09:13:25,151 - Initializing ProtocolHandler ["http-nio-8080"]
[INFO]2024-07-02 09:13:25,152 - Starting service [Tomcat]
[INFO]2024-07-02 09:13:25,152 - Starting Servlet engine: [Apache Tomcat/9.0.76]
[INFO]2024-07-02 09:13:25,221 - Initializing Spring embedded WebApplicationContext
[INFO]2024-07-02 09:13:25,221 - Root WebApplicationContext: initialization completed in 1901 ms
[INFO]2024-07-02 09:13:25,357 - HikariPool-1 - Starting...
[WARN]2024-07-02 09:13:25,359 - Registered driver with driverClassName=com.mysql.jdbc.Driver was not found, trying direct instantiation.
[INFO]2024-07-02 09:13:25,487 - HikariPool-1 - Start completed.
[INFO]2024-07-02 09:13:25,596 - HHH000412: Hibernate ORM core version 5.6.15.Final
[INFO]2024-07-02 09:13:25,716 - HCANN000001: Hibernate Commons Annotations {5.1.2.Final}
[INFO]2024-07-02 09:13:25,812 - HHH000400: Using dialect: org.hibernate.dialect.MySQL55Dialect
[INFO]2024-07-02 09:13:25,942 - HHH000490: Using JtaPlatform implementation: [org.hibernate.engine.transaction.jta.platform.internal.NoJtaPlatform]
[INFO]2024-07-02 09:13:25,951 - Initialized JPA EntityManagerFactory for persistence unit 'default'
[INFO]2024-07-02 09:13:26,591 - 自定义Redis配置--
[WARN]2024-07-02 09:13:26,658 - spring.jpa.open-in-view is enabled by default. Therefore, database queries may be performed during view rendering. Explicitly configure spring.jpa.open-in-view to disable this warning
[INFO]2024-07-02 09:13:26,833 - Adding welcome page template: index
[INFO]2024-07-02 09:13:27,105 - LiveReload server is running on port 35729
[INFO]2024-07-02 09:13:27,125 - Starting ProtocolHandler ["http-nio-8080"]
[INFO]2024-07-02 09:13:27,142 - Tomcat started on port(s): 8080 (http) with context path ''
[INFO]2024-07-02 09:13:27,160 - Started SpringbootApplication in 4.415 seconds (JVM running for 5.29)
[INFO]2024-07-02 09:15:00,834 - Initializing Spring DispatcherServlet 'dispatcherServlet'
[INFO]2024-07-02 09:15:00,834 - Initializing Servlet 'dispatcherServlet'
[INFO]2024-07-02 09:15:00,835 - Completed initialization in 1 ms
[INFO]2024-07-02 09:59:32,386 - Closing JPA EntityManagerFactory for persistence unit 'default'
[INFO]2024-07-02 09:59:32,391 - HikariPool-1 - Shutdown initiated...
[INFO]2024-07-02 09:59:32,393 - HikariPool-1 - Shutdown completed.
[INFO]2024-07-02 09:59:38,332 - Starting SpringbootApplication using Java 20.0.1 on LAPTOP-L2BN52PD with PID 30020 (E:\shixi\springboot\target\classes started by jiaoy in E:\shixi\springboot)
[INFO]2024-07-02 09:59:38,333 - No active profile set, falling back to 1 default profile: "default"
[INFO]2024-07-02 09:59:38,380 - Devtools property defaults active! Set 'spring.devtools.add-properties' to 'false' to disable
[INFO]2024-07-02 09:59:38,380 - For additional web related logging consider setting the 'logging.level.web' property to 'DEBUG'
[INFO]2024-07-02 09:59:39,046 - Multiple Spring Data modules found, entering strict repository configuration mode
[INFO]2024-07-02 09:59:39,046 - Bootstrapping Spring Data JPA repositories in DEFAULT mode.
[INFO]2024-07-02 09:59:39,059 - Finished Spring Data repository scanning in 6 ms. Found 0 JPA repository interfaces.
[INFO]2024-07-02 09:59:39,071 - Multiple Spring Data modules found, entering strict repository configuration mode
[INFO]2024-07-02 09:59:39,072 - Bootstrapping Spring Data Redis repositories in DEFAULT mode.
[INFO]2024-07-02 09:59:39,083 - Finished Spring Data repository scanning in 3 ms. Found 0 Redis repository interfaces.
[INFO]2024-07-02 09:59:39,571 - Tomcat initialized with port(s): 8080 (http)
[INFO]2024-07-02 09:59:39,572 - Loaded Apache Tomcat Native library [1.3.0] using APR version [1.7.4].
[INFO]2024-07-02 09:59:39,572 - APR capabilities: IPv6 [true], sendfile [true], accept filters [false], random [true], UDS [true].
[INFO]2024-07-02 09:59:39,572 - APR/OpenSSL configuration: useAprConnector [false], useOpenSSL [true]
[INFO]2024-07-02 09:59:39,579 - OpenSSL successfully initialized [OpenSSL 3.0.13 30 Jan 2024]
[INFO]2024-07-02 09:59:39,587 - Initializing ProtocolHandler ["http-nio-8080"]
[INFO]2024-07-02 09:59:39,588 - Starting service [Tomcat]
[INFO]2024-07-02 09:59:39,588 - Starting Servlet engine: [Apache Tomcat/9.0.76]
[INFO]2024-07-02 09:59:39,648 - Initializing Spring embedded WebApplicationContext
[INFO]2024-07-02 09:59:39,648 - Root WebApplicationContext: initialization completed in 1267 ms
[INFO]2024-07-02 09:59:39,753 - HikariPool-1 - Starting...
[WARN]2024-07-02 09:59:39,754 - Registered driver with driverClassName=com.mysql.jdbc.Driver was not found, trying direct instantiation.
[INFO]2024-07-02 09:59:39,834 - HikariPool-1 - Start completed.
[INFO]2024-07-02 09:59:39,924 - HHH000412: Hibernate ORM core version 5.6.15.Final
[INFO]2024-07-02 09:59:40,047 - HCANN000001: Hibernate Commons Annotations {5.1.2.Final}
[INFO]2024-07-02 09:59:40,153 - HHH000400: Using dialect: org.hibernate.dialect.MySQL55Dialect
[INFO]2024-07-02 09:59:40,282 - HHH000490: Using JtaPlatform implementation: [org.hibernate.engine.transaction.jta.platform.internal.NoJtaPlatform]
[INFO]2024-07-02 09:59:40,291 - Initialized JPA EntityManagerFactory for persistence unit 'default'
[INFO]2024-07-02 09:59:40,758 - 自定义Redis配置--
[WARN]2024-07-02 09:59:40,803 - spring.jpa.open-in-view is enabled by default. Therefore, database queries may be performed during view rendering. Explicitly configure spring.jpa.open-in-view to disable this warning
[INFO]2024-07-02 09:59:40,920 - Adding welcome page template: index
[INFO]2024-07-02 09:59:41,160 - LiveReload server is running on port 35729
[INFO]2024-07-02 09:59:41,180 - Starting ProtocolHandler ["http-nio-8080"]
[INFO]2024-07-02 09:59:41,200 - Tomcat started on port(s): 8080 (http) with context path ''
[INFO]2024-07-02 09:59:41,215 - Started SpringbootApplication in 3.252 seconds (JVM running for 3.985)
[INFO]2024-07-02 09:59:43,476 - Initializing Spring DispatcherServlet 'dispatcherServlet'
[INFO]2024-07-02 09:59:43,477 - Initializing Servlet 'dispatcherServlet'
[INFO]2024-07-02 09:59:43,478 - Completed initialization in 1 ms
[WARN]2024-07-02 10:02:21,466 - Resolved [org.springframework.web.HttpRequestMethodNotSupportedException: Request method 'GET' not supported]
[INFO]2024-07-02 10:08:46,105 - Closing JPA EntityManagerFactory for persistence unit 'default'
[INFO]2024-07-02 10:08:46,108 - HikariPool-1 - Shutdown initiated...
[INFO]2024-07-02 10:08:46,113 - HikariPool-1 - Shutdown completed.
[INFO]2024-07-02 10:08:51,584 - Starting SpringbootApplication using Java 20.0.1 on LAPTOP-L2BN52PD with PID 33120 (E:\shixi\springboot\target\classes started by jiaoy in E:\shixi\springboot)
[INFO]2024-07-02 10:08:51,585 - No active profile set, falling back to 1 default profile: "default"
[INFO]2024-07-02 10:08:51,636 - Devtools property defaults active! Set 'spring.devtools.add-properties' to 'false' to disable
[INFO]2024-07-02 10:08:51,636 - For additional web related logging consider setting the 'logging.level.web' property to 'DEBUG'
[INFO]2024-07-02 10:08:52,285 - Multiple Spring Data modules found, entering strict repository configuration mode
[INFO]2024-07-02 10:08:52,285 - Bootstrapping Spring Data JPA repositories in DEFAULT mode.
[INFO]2024-07-02 10:08:52,301 - Finished Spring Data repository scanning in 7 ms. Found 0 JPA repository interfaces.
[INFO]2024-07-02 10:08:52,311 - Multiple Spring Data modules found, entering strict repository configuration mode
[INFO]2024-07-02 10:08:52,312 - Bootstrapping Spring Data Redis repositories in DEFAULT mode.
[INFO]2024-07-02 10:08:52,322 - Finished Spring Data repository scanning in 3 ms. Found 0 Redis repository interfaces.
[INFO]2024-07-02 10:08:52,764 - Tomcat initialized with port(s): 8080 (http)
[INFO]2024-07-02 10:08:52,765 - Loaded Apache Tomcat Native library [1.3.0] using APR version [1.7.4].
[INFO]2024-07-02 10:08:52,765 - APR capabilities: IPv6 [true], sendfile [true], accept filters [false], random [true], UDS [true].
[INFO]2024-07-02 10:08:52,766 - APR/OpenSSL configuration: useAprConnector [false], useOpenSSL [true]
[INFO]2024-07-02 10:08:52,771 - OpenSSL successfully initialized [OpenSSL 3.0.13 30 Jan 2024]
[INFO]2024-07-02 10:08:52,775 - Initializing ProtocolHandler ["http-nio-8080"]
[INFO]2024-07-02 10:08:52,776 - Starting service [Tomcat]
[INFO]2024-07-02 10:08:52,776 - Starting Servlet engine: [Apache Tomcat/9.0.76]
[INFO]2024-07-02 10:08:52,833 - Initializing Spring embedded WebApplicationContext
[INFO]2024-07-02 10:08:52,834 - Root WebApplicationContext: initialization completed in 1197 ms
[INFO]2024-07-02 10:08:52,936 - HikariPool-1 - Starting...
[WARN]2024-07-02 10:08:52,938 - Registered driver with driverClassName=com.mysql.jdbc.Driver was not found, trying direct instantiation.
[INFO]2024-07-02 10:08:53,034 - HikariPool-1 - Start completed.
[INFO]2024-07-02 10:08:53,110 - HHH000412: Hibernate ORM core version 5.6.15.Final
[INFO]2024-07-02 10:08:53,203 - HCANN000001: Hibernate Commons Annotations {5.1.2.Final}
[INFO]2024-07-02 10:08:53,276 - HHH000400: Using dialect: org.hibernate.dialect.MySQL55Dialect
[INFO]2024-07-02 10:08:53,360 - HHH000490: Using JtaPlatform implementation: [org.hibernate.engine.transaction.jta.platform.internal.NoJtaPlatform]
[INFO]2024-07-02 10:08:53,368 - Initialized JPA EntityManagerFactory for persistence unit 'default'
[INFO]2024-07-02 10:08:53,831 - 自定义Redis配置--
[WARN]2024-07-02 10:08:53,880 - spring.jpa.open-in-view is enabled by default. Therefore, database queries may be performed during view rendering. Explicitly configure spring.jpa.open-in-view to disable this warning
[INFO]2024-07-02 10:08:53,990 - Adding welcome page template: index
[INFO]2024-07-02 10:08:54,220 - LiveReload server is running on port 35729
[INFO]2024-07-02 10:08:54,237 - Starting ProtocolHandler ["http-nio-8080"]
[INFO]2024-07-02 10:08:54,250 - Tomcat started on port(s): 8080 (http) with context path ''
[INFO]2024-07-02 10:08:54,266 - Started SpringbootApplication in 3.008 seconds (JVM running for 3.703)
[INFO]2024-07-02 10:10:32,629 - Initializing Spring DispatcherServlet 'dispatcherServlet'
[INFO]2024-07-02 10:10:32,629 - Initializing Servlet 'dispatcherServlet'
[INFO]2024-07-02 10:10:32,630 - Completed initialization in 1 ms
[WARN]2024-07-02 10:11:19,623 - Resolved [org.springframework.web.HttpRequestMethodNotSupportedException: Request method 'GET' not supported]
[WARN]2024-07-02 10:11:20,182 - Resolved [org.springframework.web.HttpRequestMethodNotSupportedException: Request method 'GET' not supported]
[WARN]2024-07-02 10:11:20,429 - Resolved [org.springframework.web.HttpRequestMethodNotSupportedException: Request method 'GET' not supported]
[WARN]2024-07-02 10:11:20,655 - Resolved [org.springframework.web.HttpRequestMethodNotSupportedException: Request method 'GET' not supported]
[WARN]2024-07-02 10:11:21,136 - Resolved [org.springframework.web.HttpRequestMethodNotSupportedException: Request method 'GET' not supported]
[WARN]2024-07-02 10:11:21,625 - Resolved [org.springframework.web.HttpRequestMethodNotSupportedException: Request method 'GET' not supported]
[WARN]2024-07-02 10:11:22,061 - Resolved [org.springframework.web.HttpRequestMethodNotSupportedException: Request method 'GET' not supported]
[WARN]2024-07-02 10:11:38,295 - Resolved [org.springframework.web.HttpRequestMethodNotSupportedException: Request method 'GET' not supported]
[WARN]2024-07-02 10:11:39,743 - Resolved [org.springframework.web.HttpRequestMethodNotSupportedException: Request method 'GET' not supported]
[WARN]2024-07-02 10:12:44,181 - Resolved [org.springframework.web.HttpRequestMethodNotSupportedException: Request method 'GET' not supported]
[WARN]2024-07-02 10:14:05,849 - Resolved [org.springframework.web.HttpRequestMethodNotSupportedException: Request method 'GET' not supported]
[WARN]2024-07-02 10:14:27,011 - Resolved [org.springframework.web.HttpRequestMethodNotSupportedException: Request method 'GET' not supported]
[WARN]2024-07-02 10:14:27,600 - Resolved [org.springframework.web.HttpRequestMethodNotSupportedException: Request method 'GET' not supported]
[WARN]2024-07-02 10:14:28,031 - Resolved [org.springframework.web.HttpRequestMethodNotSupportedException: Request method 'GET' not supported]
[WARN]2024-07-02 10:14:28,374 - Resolved [org.springframework.web.HttpRequestMethodNotSupportedException: Request method 'GET' not supported]
[WARN]2024-07-02 10:14:29,384 - Resolved [org.springframework.web.HttpRequestMethodNotSupportedException: Request method 'GET' not supported]
[WARN]2024-07-02 10:15:11,592 - Resolved [org.springframework.web.HttpRequestMethodNotSupportedException: Request method 'GET' not supported]
[WARN]2024-07-02 10:15:11,962 - Resolved [org.springframework.web.HttpRequestMethodNotSupportedException: Request method 'GET' not supported]
[WARN]2024-07-02 10:15:12,146 - Resolved [org.springframework.web.HttpRequestMethodNotSupportedException: Request method 'GET' not supported]
[WARN]2024-07-02 10:15:12,519 - Resolved [org.springframework.web.HttpRequestMethodNotSupportedException: Request method 'GET' not supported]
[WARN]2024-07-02 10:15:12,882 - Resolved [org.springframework.web.HttpRequestMethodNotSupportedException: Request method 'GET' not supported]
[WARN]2024-07-02 10:18:18,652 - Resolved [org.springframework.web.HttpRequestMethodNotSupportedException: Request method 'GET' not supported]
[WARN]2024-07-02 10:18:19,287 - Resolved [org.springframework.web.HttpRequestMethodNotSupportedException: Request method 'GET' not supported]
[WARN]2024-07-02 10:18:20,078 - Resolved [org.springframework.web.HttpRequestMethodNotSupportedException: Request method 'GET' not supported]
[WARN]2024-07-02 10:18:20,576 - Resolved [org.springframework.web.HttpRequestMethodNotSupportedException: Request method 'GET' not supported]
[WARN]2024-07-02 10:18:21,125 - Resolved [org.springframework.web.HttpRequestMethodNotSupportedException: Request method 'GET' not supported]
[WARN]2024-07-02 10:18:22,625 - Resolved [org.springframework.web.HttpRequestMethodNotSupportedException: Request method 'GET' not supported]
[WARN]2024-07-02 10:19:19,425 - Resolved [org.springframework.web.HttpRequestMethodNotSupportedException: Request method 'GET' not supported]
[WARN]2024-07-02 10:19:20,003 - Resolved [org.springframework.web.HttpRequestMethodNotSupportedException: Request method 'GET' not supported]
[WARN]2024-07-02 10:19:20,654 - Resolved [org.springframework.web.HttpRequestMethodNotSupportedException: Request method 'GET' not supported]
[WARN]2024-07-02 10:19:22,347 - Resolved [org.springframework.web.HttpRequestMethodNotSupportedException: Request method 'GET' not supported]
[WARN]2024-07-02 10:19:23,245 - Resolved [org.springframework.web.HttpRequestMethodNotSupportedException: Request method 'GET' not supported]
[WARN]2024-07-02 10:19:24,258 - Resolved [org.springframework.web.HttpRequestMethodNotSupportedException: Request method 'GET' not supported]
[WARN]2024-07-02 10:19:25,001 - Resolved [org.springframework.web.HttpRequestMethodNotSupportedException: Request method 'GET' not supported]
[WARN]2024-07-02 10:19:25,780 - Resolved [org.springframework.web.HttpRequestMethodNotSupportedException: Request method 'GET' not supported]
[WARN]2024-07-02 10:19:26,390 - Resolved [org.springframework.web.HttpRequestMethodNotSupportedException: Request method 'GET' not supported]
[WARN]2024-07-02 10:19:27,353 - Resolved [org.springframework.web.HttpRequestMethodNotSupportedException: Request method 'GET' not supported]
[INFO]2024-07-02 10:19:51,446 - Closing JPA EntityManagerFactory for persistence unit 'default'
[INFO]2024-07-02 10:19:51,449 - HikariPool-1 - Shutdown initiated...
[INFO]2024-07-02 10:19:51,454 - HikariPool-1 - Shutdown completed.
[INFO]2024-07-02 10:19:56,532 - Starting SpringbootApplication using Java 20.0.1 on LAPTOP-L2BN52PD with PID 33460 (E:\shixi\springboot\target\classes started by jiaoy in E:\shixi\springboot)
[INFO]2024-07-02 10:19:56,532 - No active profile set, falling back to 1 default profile: "default"
[INFO]2024-07-02 10:19:56,578 - Devtools property defaults active! Set 'spring.devtools.add-properties' to 'false' to disable
[INFO]2024-07-02 10:19:56,578 - For additional web related logging consider setting the 'logging.level.web' property to 'DEBUG'
[INFO]2024-07-02 10:19:57,228 - Multiple Spring Data modules found, entering strict repository configuration mode
[INFO]2024-07-02 10:19:57,228 - Bootstrapping Spring Data JPA repositories in DEFAULT mode.
[INFO]2024-07-02 10:19:57,243 - Finished Spring Data repository scanning in 7 ms. Found 0 JPA repository interfaces.
[INFO]2024-07-02 10:19:57,254 - Multiple Spring Data modules found, entering strict repository configuration mode
[INFO]2024-07-02 10:19:57,254 - Bootstrapping Spring Data Redis repositories in DEFAULT mode.
[INFO]2024-07-02 10:19:57,262 - Finished Spring Data repository scanning in 2 ms. Found 0 Redis repository interfaces.
[INFO]2024-07-02 10:19:57,696 - Tomcat initialized with port(s): 8080 (http)
[INFO]2024-07-02 10:19:57,696 - Loaded Apache Tomcat Native library [1.3.0] using APR version [1.7.4].
[INFO]2024-07-02 10:19:57,697 - APR capabilities: IPv6 [true], sendfile [true], accept filters [false], random [true], UDS [true].
[INFO]2024-07-02 10:19:57,697 - APR/OpenSSL configuration: useAprConnector [false], useOpenSSL [true]
[INFO]2024-07-02 10:19:57,701 - OpenSSL successfully initialized [OpenSSL 3.0.13 30 Jan 2024]
[INFO]2024-07-02 10:19:57,706 - Initializing ProtocolHandler ["http-nio-8080"]
[INFO]2024-07-02 10:19:57,707 - Starting service [Tomcat]
[INFO]2024-07-02 10:19:57,707 - Starting Servlet engine: [Apache Tomcat/9.0.76]
[INFO]2024-07-02 10:19:57,762 - Initializing Spring embedded WebApplicationContext
[INFO]2024-07-02 10:19:57,763 - Root WebApplicationContext: initialization completed in 1185 ms
[INFO]2024-07-02 10:19:57,866 - HikariPool-1 - Starting...
[WARN]2024-07-02 10:19:57,867 - Registered driver with driverClassName=com.mysql.jdbc.Driver was not found, trying direct instantiation.
[INFO]2024-07-02 10:19:57,948 - HikariPool-1 - Start completed.
[INFO]2024-07-02 10:19:58,010 - HHH000412: Hibernate ORM core version 5.6.15.Final
[INFO]2024-07-02 10:19:58,091 - HCANN000001: Hibernate Commons Annotations {5.1.2.Final}
[INFO]2024-07-02 10:19:58,196 - HHH000400: Using dialect: org.hibernate.dialect.MySQL55Dialect
[INFO]2024-07-02 10:19:58,279 - HHH000490: Using JtaPlatform implementation: [org.hibernate.engine.transaction.jta.platform.internal.NoJtaPlatform]
[INFO]2024-07-02 10:19:58,286 - Initialized JPA EntityManagerFactory for persistence unit 'default'
[INFO]2024-07-02 10:19:58,846 - 自定义Redis配置--
[WARN]2024-07-02 10:19:58,888 - spring.jpa.open-in-view is enabled by default. Therefore, database queries may be performed during view rendering. Explicitly configure spring.jpa.open-in-view to disable this warning
[INFO]2024-07-02 10:19:59,012 - Adding welcome page template: index
[INFO]2024-07-02 10:19:59,262 - LiveReload server is running on port 35729
[INFO]2024-07-02 10:19:59,287 - Starting ProtocolHandler ["http-nio-8080"]
[INFO]2024-07-02 10:19:59,304 - Tomcat started on port(s): 8080 (http) with context path ''
[INFO]2024-07-02 10:19:59,320 - Started SpringbootApplication in 3.113 seconds (JVM running for 3.745)
[INFO]2024-07-02 10:20:44,290 - Initializing Spring DispatcherServlet 'dispatcherServlet'
[INFO]2024-07-02 10:20:44,290 - Initializing Servlet 'dispatcherServlet'
[INFO]2024-07-02 10:20:44,291 - Completed initialization in 1 ms
[WARN]2024-07-02 10:21:14,082 - Resolved [org.springframework.web.HttpRequestMethodNotSupportedException: Request method 'GET' not supported]
[WARN]2024-07-02 10:21:19,778 - Resolved [org.springframework.web.HttpRequestMethodNotSupportedException: Request method 'GET' not supported]
[WARN]2024-07-02 10:23:22,653 - Resolved [org.springframework.web.HttpRequestMethodNotSupportedException: Request method 'GET' not supported]
[WARN]2024-07-02 10:23:24,085 - Resolved [org.springframework.web.HttpRequestMethodNotSupportedException: Request method 'GET' not supported]
[WARN]2024-07-02 10:23:42,512 - Resolved [org.springframework.web.HttpRequestMethodNotSupportedException: Request method 'GET' not supported]
[WARN]2024-07-02 10:23:43,551 - Resolved [org.springframework.web.HttpRequestMethodNotSupportedException: Request method 'GET' not supported]
[WARN]2024-07-02 10:23:43,968 - Resolved [org.springframework.web.HttpRequestMethodNotSupportedException: Request method 'GET' not supported]
[WARN]2024-07-02 10:23:44,178 - Resolved [org.springframework.web.HttpRequestMethodNotSupportedException: Request method 'GET' not supported]
[WARN]2024-07-02 10:23:44,698 - Resolved [org.springframework.web.HttpRequestMethodNotSupportedException: Request method 'GET' not supported]
[WARN]2024-07-02 10:23:45,233 - Resolved [org.springframework.web.HttpRequestMethodNotSupportedException: Request method 'GET' not supported]
[WARN]2024-07-02 10:23:45,754 - Resolved [org.springframework.web.HttpRequestMethodNotSupportedException: Request method 'GET' not supported]
[WARN]2024-07-02 10:23:46,413 - Resolved [org.springframework.web.HttpRequestMethodNotSupportedException: Request method 'GET' not supported]
[WARN]2024-07-02 10:23:46,841 - Resolved [org.springframework.web.HttpRequestMethodNotSupportedException: Request method 'GET' not supported]
[INFO]2024-07-02 10:24:56,667 - Closing JPA EntityManagerFactory for persistence unit 'default'
[INFO]2024-07-02 10:24:56,670 - HikariPool-1 - Shutdown initiated...
[INFO]2024-07-02 10:24:56,675 - HikariPool-1 - Shutdown completed.
[INFO]2024-07-02 10:25:02,041 - Starting SpringbootApplication using Java 20.0.1 on LAPTOP-L2BN52PD with PID 35676 (E:\shixi\springboot\target\classes started by jiaoy in E:\shixi\springboot)
[INFO]2024-07-02 10:25:02,042 - No active profile set, falling back to 1 default profile: "default"
[INFO]2024-07-02 10:25:02,088 - Devtools property defaults active! Set 'spring.devtools.add-properties' to 'false' to disable
[INFO]2024-07-02 10:25:02,088 - For additional web related logging consider setting the 'logging.level.web' property to 'DEBUG'
[INFO]2024-07-02 10:25:02,736 - Multiple Spring Data modules found, entering strict repository configuration mode
[INFO]2024-07-02 10:25:02,737 - Bootstrapping Spring Data JPA repositories in DEFAULT mode.
[INFO]2024-07-02 10:25:02,751 - Finished Spring Data repository scanning in 7 ms. Found 0 JPA repository interfaces.
[INFO]2024-07-02 10:25:02,761 - Multiple Spring Data modules found, entering strict repository configuration mode
[INFO]2024-07-02 10:25:02,761 - Bootstrapping Spring Data Redis repositories in DEFAULT mode.
[INFO]2024-07-02 10:25:02,770 - Finished Spring Data repository scanning in 2 ms. Found 0 Redis repository interfaces.
[INFO]2024-07-02 10:25:03,193 - Tomcat initialized with port(s): 8080 (http)
[INFO]2024-07-02 10:25:03,194 - Loaded Apache Tomcat Native library [1.3.0] using APR version [1.7.4].
[INFO]2024-07-02 10:25:03,195 - APR capabilities: IPv6 [true], sendfile [true], accept filters [false], random [true], UDS [true].
[INFO]2024-07-02 10:25:03,195 - APR/OpenSSL configuration: useAprConnector [false], useOpenSSL [true]
[INFO]2024-07-02 10:25:03,199 - OpenSSL successfully initialized [OpenSSL 3.0.13 30 Jan 2024]
[INFO]2024-07-02 10:25:03,204 - Initializing ProtocolHandler ["http-nio-8080"]
[INFO]2024-07-02 10:25:03,204 - Starting service [Tomcat]
[INFO]2024-07-02 10:25:03,204 - Starting Servlet engine: [Apache Tomcat/9.0.76]
[INFO]2024-07-02 10:25:03,259 - Initializing Spring embedded WebApplicationContext
[INFO]2024-07-02 10:25:03,259 - Root WebApplicationContext: initialization completed in 1170 ms
[INFO]2024-07-02 10:25:03,362 - HikariPool-1 - Starting...
[WARN]2024-07-02 10:25:03,364 - Registered driver with driverClassName=com.mysql.jdbc.Driver was not found, trying direct instantiation.
[INFO]2024-07-02 10:25:03,442 - HikariPool-1 - Start completed.
[INFO]2024-07-02 10:25:03,506 - HHH000412: Hibernate ORM core version 5.6.15.Final
[INFO]2024-07-02 10:25:03,659 - HCANN000001: Hibernate Commons Annotations {5.1.2.Final}
[INFO]2024-07-02 10:25:03,756 - HHH000400: Using dialect: org.hibernate.dialect.MySQL55Dialect
[INFO]2024-07-02 10:25:03,913 - HHH000490: Using JtaPlatform implementation: [org.hibernate.engine.transaction.jta.platform.internal.NoJtaPlatform]
[INFO]2024-07-02 10:25:03,922 - Initialized JPA EntityManagerFactory for persistence unit 'default'
[INFO]2024-07-02 10:25:04,386 - 自定义Redis配置--
[WARN]2024-07-02 10:25:04,430 - spring.jpa.open-in-view is enabled by default. Therefore, database queries may be performed during view rendering. Explicitly configure spring.jpa.open-in-view to disable this warning
[INFO]2024-07-02 10:25:04,540 - Adding welcome page template: index
[INFO]2024-07-02 10:25:04,754 - LiveReload server is running on port 35729
[INFO]2024-07-02 10:25:04,773 - Starting ProtocolHandler ["http-nio-8080"]
[INFO]2024-07-02 10:25:04,788 - Tomcat started on port(s): 8080 (http) with context path ''
[INFO]2024-07-02 10:25:04,806 - Started SpringbootApplication in 3.094 seconds (JVM running for 3.74)
[INFO]2024-07-02 10:25:48,633 - Initializing Spring DispatcherServlet 'dispatcherServlet'
[INFO]2024-07-02 10:25:48,634 - Initializing Servlet 'dispatcherServlet'
[INFO]2024-07-02 10:25:48,635 - Completed initialization in 1 ms
[INFO]2024-07-02 10:28:38,101 - Closing JPA EntityManagerFactory for persistence unit 'default'
[INFO]2024-07-02 10:28:38,105 - HikariPool-1 - Shutdown initiated...
[INFO]2024-07-02 10:28:38,111 - HikariPool-1 - Shutdown completed.
[INFO]2024-07-02 10:28:43,366 - Starting SpringbootApplication using Java 20.0.1 on LAPTOP-L2BN52PD with PID 49760 (E:\shixi\springboot\target\classes started by jiaoy in E:\shixi\springboot)
[INFO]2024-07-02 10:28:43,367 - No active profile set, falling back to 1 default profile: "default"
[INFO]2024-07-02 10:28:43,413 - Devtools property defaults active! Set 'spring.devtools.add-properties' to 'false' to disable
[INFO]2024-07-02 10:28:43,414 - For additional web related logging consider setting the 'logging.level.web' property to 'DEBUG'
[INFO]2024-07-02 10:28:44,048 - Multiple Spring Data modules found, entering strict repository configuration mode
[INFO]2024-07-02 10:28:44,049 - Bootstrapping Spring Data JPA repositories in DEFAULT mode.
[INFO]2024-07-02 10:28:44,068 - Finished Spring Data repository scanning in 10 ms. Found 0 JPA repository interfaces.
[INFO]2024-07-02 10:28:44,086 - Multiple Spring Data modules found, entering strict repository configuration mode
[INFO]2024-07-02 10:28:44,087 - Bootstrapping Spring Data Redis repositories in DEFAULT mode.
[INFO]2024-07-02 10:28:44,098 - Finished Spring Data repository scanning in 3 ms. Found 0 Redis repository interfaces.
[INFO]2024-07-02 10:28:44,756 - Tomcat initialized with port(s): 8080 (http)
[INFO]2024-07-02 10:28:44,757 - Loaded Apache Tomcat Native library [1.3.0] using APR version [1.7.4].
[INFO]2024-07-02 10:28:44,758 - APR capabilities: IPv6 [true], sendfile [true], accept filters [false], random [true], UDS [true].
[INFO]2024-07-02 10:28:44,758 - APR/OpenSSL configuration: useAprConnector [false], useOpenSSL [true]
[INFO]2024-07-02 10:28:44,763 - OpenSSL successfully initialized [OpenSSL 3.0.13 30 Jan 2024]
[INFO]2024-07-02 10:28:44,770 - Initializing ProtocolHandler ["http-nio-8080"]
[INFO]2024-07-02 10:28:44,771 - Starting service [Tomcat]
[INFO]2024-07-02 10:28:44,771 - Starting Servlet engine: [Apache Tomcat/9.0.76]
[INFO]2024-07-02 10:28:44,834 - Initializing Spring embedded WebApplicationContext
[INFO]2024-07-02 10:28:44,835 - Root WebApplicationContext: initialization completed in 1421 ms
[INFO]2024-07-02 10:28:44,956 - HikariPool-1 - Starting...
[WARN]2024-07-02 10:28:44,957 - Registered driver with driverClassName=com.mysql.jdbc.Driver was not found, trying direct instantiation.
[INFO]2024-07-02 10:28:45,053 - HikariPool-1 - Start completed.
[INFO]2024-07-02 10:28:45,129 - HHH000412: Hibernate ORM core version 5.6.15.Final
[INFO]2024-07-02 10:28:45,240 - HCANN000001: Hibernate Commons Annotations {5.1.2.Final}
[INFO]2024-07-02 10:28:45,312 - HHH000400: Using dialect: org.hibernate.dialect.MySQL55Dialect
[INFO]2024-07-02 10:28:45,416 - HHH000490: Using JtaPlatform implementation: [org.hibernate.engine.transaction.jta.platform.internal.NoJtaPlatform]
[INFO]2024-07-02 10:28:45,426 - Initialized JPA EntityManagerFactory for persistence unit 'default'
[INFO]2024-07-02 10:28:45,933 - 自定义Redis配置--
[WARN]2024-07-02 10:28:45,982 - spring.jpa.open-in-view is enabled by default. Therefore, database queries may be performed during view rendering. Explicitly configure spring.jpa.open-in-view to disable this warning
[INFO]2024-07-02 10:28:46,092 - Adding welcome page template: index
[INFO]2024-07-02 10:28:46,312 - LiveReload server is running on port 35729
[INFO]2024-07-02 10:28:46,328 - Starting ProtocolHandler ["http-nio-8080"]
[INFO]2024-07-02 10:28:46,342 - Tomcat started on port(s): 8080 (http) with context path ''
[INFO]2024-07-02 10:28:46,355 - Started SpringbootApplication in 3.365 seconds (JVM running for 4.004)
[INFO]2024-07-02 10:28:51,491 - Initializing Spring DispatcherServlet 'dispatcherServlet'
[INFO]2024-07-02 10:28:51,492 - Initializing Servlet 'dispatcherServlet'
[INFO]2024-07-02 10:28:51,493 - Completed initialization in 1 ms
[WARN]2024-07-02 10:31:39,971 - Resolved [org.springframework.web.HttpRequestMethodNotSupportedException: Request method 'GET' not supported]
[WARN]2024-07-02 10:31:41,142 - Resolved [org.springframework.web.HttpRequestMethodNotSupportedException: Request method 'GET' not supported]
[WARN]2024-07-02 10:31:41,748 - Resolved [org.springframework.web.HttpRequestMethodNotSupportedException: Request method 'GET' not supported]
[WARN]2024-07-02 10:31:42,400 - Resolved [org.springframework.web.HttpRequestMethodNotSupportedException: Request method 'GET' not supported]
[WARN]2024-07-02 10:31:43,254 - Resolved [org.springframework.web.HttpRequestMethodNotSupportedException: Request method 'GET' not supported]
[WARN]2024-07-02 10:34:46,778 - Resolved [org.springframework.web.HttpRequestMethodNotSupportedException: Request method 'GET' not supported]
[WARN]2024-07-02 10:34:47,915 - Resolved [org.springframework.web.HttpRequestMethodNotSupportedException: Request method 'GET' not supported]
[WARN]2024-07-02 10:34:48,277 - Resolved [org.springframework.web.HttpRequestMethodNotSupportedException: Request method 'GET' not supported]
[WARN]2024-07-02 10:35:06,504 - Resolved [org.springframework.web.HttpRequestMethodNotSupportedException: Request method 'GET' not supported]
[WARN]2024-07-02 10:39:29,602 - Resolved [org.springframework.web.HttpRequestMethodNotSupportedException: Request method 'GET' not supported]
[WARN]2024-07-02 10:42:48,235 - Resolved [org.springframework.web.HttpRequestMethodNotSupportedException: Request method 'GET' not supported]
[WARN]2024-07-02 10:43:10,228 - Resolved [org.springframework.web.HttpRequestMethodNotSupportedException: Request method 'GET' not supported]
[WARN]2024-07-02 10:44:51,635 - Resolved [org.springframework.web.HttpRequestMethodNotSupportedException: Request method 'GET' not supported]
[WARN]2024-07-02 10:45:11,442 - Resolved [org.springframework.web.HttpRequestMethodNotSupportedException: Request method 'GET' not supported]
[WARN]2024-07-02 10:47:15,297 - Resolved [org.springframework.web.HttpRequestMethodNotSupportedException: Request method 'GET' not supported]
[WARN]2024-07-02 10:52:50,659 - Resolved [org.springframework.web.HttpRequestMethodNotSupportedException: Request method 'GET' not supported]
[WARN]2024-07-02 10:55:45,738 - Resolved [org.springframework.web.HttpRequestMethodNotSupportedException: Request method 'GET' not supported]
[WARN]2024-07-02 10:55:47,440 - Resolved [org.springframework.web.HttpRequestMethodNotSupportedException: Request method 'GET' not supported]
[WARN]2024-07-02 10:58:20,675 - Resolved [org.springframework.web.HttpRequestMethodNotSupportedException: Request method 'GET' not supported]
[WARN]2024-07-02 10:58:22,838 - Resolved [org.springframework.web.HttpRequestMethodNotSupportedException: Request method 'GET' not supported]
[WARN]2024-07-02 10:58:56,690 - Resolved [org.springframework.web.HttpRequestMethodNotSupportedException: Request method 'GET' not supported]
[INFO]2024-07-02 10:59:38,715 - Closing JPA EntityManagerFactory for persistence unit 'default'
[INFO]2024-07-02 10:59:38,720 - HikariPool-1 - Shutdown initiated...
[INFO]2024-07-02 10:59:38,723 - HikariPool-1 - Shutdown completed.
[INFO]2024-07-02 10:59:44,926 - Starting SpringbootApplication using Java 20.0.1 on LAPTOP-L2BN52PD with PID 51980 (E:\shixi\springboot\target\classes started by jiaoy in E:\shixi\springboot)
[INFO]2024-07-02 10:59:44,926 - No active profile set, falling back to 1 default profile: "default"
[INFO]2024-07-02 10:59:44,970 - Devtools property defaults active! Set 'spring.devtools.add-properties' to 'false' to disable
[INFO]2024-07-02 10:59:44,970 - For additional web related logging consider setting the 'logging.level.web' property to 'DEBUG'
[INFO]2024-07-02 10:59:45,635 - Multiple Spring Data modules found, entering strict repository configuration mode
[INFO]2024-07-02 10:59:45,635 - Bootstrapping Spring Data JPA repositories in DEFAULT mode.
[INFO]2024-07-02 10:59:45,650 - Finished Spring Data repository scanning in 7 ms. Found 0 JPA repository interfaces.
[INFO]2024-07-02 10:59:45,660 - Multiple Spring Data modules found, entering strict repository configuration mode
[INFO]2024-07-02 10:59:45,660 - Bootstrapping Spring Data Redis repositories in DEFAULT mode.
[INFO]2024-07-02 10:59:45,668 - Finished Spring Data repository scanning in 3 ms. Found 0 Redis repository interfaces.
[INFO]2024-07-02 10:59:46,138 - Tomcat initialized with port(s): 8080 (http)
[INFO]2024-07-02 10:59:46,139 - Loaded Apache Tomcat Native library [1.3.0] using APR version [1.7.4].
[INFO]2024-07-02 10:59:46,139 - APR capabilities: IPv6 [true], sendfile [true], accept filters [false], random [true], UDS [true].
[INFO]2024-07-02 10:59:46,140 - APR/OpenSSL configuration: useAprConnector [false], useOpenSSL [true]
[INFO]2024-07-02 10:59:46,146 - OpenSSL successfully initialized [OpenSSL 3.0.13 30 Jan 2024]
[INFO]2024-07-02 10:59:46,152 - Initializing ProtocolHandler ["http-nio-8080"]
[INFO]2024-07-02 10:59:46,153 - Starting service [Tomcat]
[INFO]2024-07-02 10:59:46,153 - Starting Servlet engine: [Apache Tomcat/9.0.76]
[INFO]2024-07-02 10:59:46,218 - Initializing Spring embedded WebApplicationContext
[INFO]2024-07-02 10:59:46,219 - Root WebApplicationContext: initialization completed in 1249 ms
[INFO]2024-07-02 10:59:46,332 - HikariPool-1 - Starting...
[WARN]2024-07-02 10:59:46,334 - Registered driver with driverClassName=com.mysql.jdbc.Driver was not found, trying direct instantiation.
[INFO]2024-07-02 10:59:46,423 - HikariPool-1 - Start completed.
[INFO]2024-07-02 10:59:46,533 - HHH000412: Hibernate ORM core version 5.6.15.Final
[INFO]2024-07-02 10:59:46,650 - HCANN000001: Hibernate Commons Annotations {5.1.2.Final}
[INFO]2024-07-02 10:59:46,731 - HHH000400: Using dialect: org.hibernate.dialect.MySQL55Dialect
[INFO]2024-07-02 10:59:46,871 - HHH000490: Using JtaPlatform implementation: [org.hibernate.engine.transaction.jta.platform.internal.NoJtaPlatform]
[INFO]2024-07-02 10:59:46,881 - Initialized JPA EntityManagerFactory for persistence unit 'default'
[WARN]2024-07-02 10:59:47,157 - Exception encountered during context initialization - cancelling refresh attempt: org.springframework.beans.factory.BeanCreationException: Error creating bean with name 'courseController': Injection of resource dependencies failed; nested exception is org.springframework.beans.factory.BeanCreationException: Error creating bean with name 'courseService': Injection of resource dependencies failed; nested exception is org.springframework.beans.factory.UnsatisfiedDependencyException: Error creating bean with name 'courseDao' defined in file [E:\shixi\springboot\target\classes\com\hwadee\springboot\dao\CourseDao.class]: Unsatisfied dependency expressed through bean property 'sqlSessionFactory'; nested exception is org.springframework.beans.factory.BeanCreationException: Error creating bean with name 'sqlSessionFactory' defined in class path resource [org/mybatis/spring/boot/autoconfigure/MybatisAutoConfiguration.class]: Bean instantiation via factory method failed; nested exception is org.springframework.beans.BeanInstantiationException: Failed to instantiate [org.apache.ibatis.session.SqlSessionFactory]: Factory method 'sqlSessionFactory' threw exception; nested exception is java.io.IOException: Failed to parse mapping resource: 'file [E:\shixi\springboot\target\classes\mapper\VolunteerTeamDao.xml]'
[INFO]2024-07-02 10:59:47,157 - Closing JPA EntityManagerFactory for persistence unit 'default'
[INFO]2024-07-02 10:59:47,162 - HikariPool-1 - Shutdown initiated...
[INFO]2024-07-02 10:59:47,169 - HikariPool-1 - Shutdown completed.
[INFO]2024-07-02 10:59:47,170 - Stopping service [Tomcat]
[ERROR]2024-07-02 10:59:47,212 - Application run failed
org.springframework.beans.factory.BeanCreationException: Error creating bean with name 'courseController': Injection of resource dependencies failed; nested exception is org.springframework.beans.factory.BeanCreationException: Error creating bean with name 'courseService': Injection of resource dependencies failed; nested exception is org.springframework.beans.factory.UnsatisfiedDependencyException: Error creating bean with name 'courseDao' defined in file [E:\shixi\springboot\target\classes\com\hwadee\springboot\dao\CourseDao.class]: Unsatisfied dependency expressed through bean property 'sqlSessionFactory'; nested exception is org.springframework.beans.factory.BeanCreationException: Error creating bean with name 'sqlSessionFactory' defined in class path resource [org/mybatis/spring/boot/autoconfigure/MybatisAutoConfiguration.class]: Bean instantiation via factory method failed; nested exception is org.springframework.beans.BeanInstantiationException: Failed to instantiate [org.apache.ibatis.session.SqlSessionFactory]: Factory method 'sqlSessionFactory' threw exception; nested exception is java.io.IOException: Failed to parse mapping resource: 'file [E:\shixi\springboot\target\classes\mapper\VolunteerTeamDao.xml]'
	at org.springframework.context.annotation.CommonAnnotationBeanPostProcessor.postProcessProperties(CommonAnnotationBeanPostProcessor.java:332)
	at org.springframework.beans.factory.support.AbstractAutowireCapableBeanFactory.populateBean(AbstractAutowireCapableBeanFactory.java:1431)
	at org.springframework.beans.factory.support.AbstractAutowireCapableBeanFactory.doCreateBean(AbstractAutowireCapableBeanFactory.java:619)
	at org.springframework.beans.factory.support.AbstractAutowireCapableBeanFactory.createBean(AbstractAutowireCapableBeanFactory.java:542)
	at org.springframework.beans.factory.support.AbstractBeanFactory.lambda$doGetBean$0(AbstractBeanFactory.java:335)
	at org.springframework.beans.factory.support.DefaultSingletonBeanRegistry.getSingleton(DefaultSingletonBeanRegistry.java:234)
	at org.springframework.beans.factory.support.AbstractBeanFactory.doGetBean(AbstractBeanFactory.java:333)
	at org.springframework.beans.factory.support.AbstractBeanFactory.getBean(AbstractBeanFactory.java:208)
	at org.springframework.beans.factory.support.DefaultListableBeanFactory.preInstantiateSingletons(DefaultListableBeanFactory.java:955)
	at org.springframework.context.support.AbstractApplicationContext.finishBeanFactoryInitialization(AbstractApplicationContext.java:920)
	at org.springframework.context.support.AbstractApplicationContext.refresh(AbstractApplicationContext.java:583)
	at org.springframework.boot.web.servlet.context.ServletWebServerApplicationContext.refresh(ServletWebServerApplicationContext.java:147)
	at org.springframework.boot.SpringApplication.refresh(SpringApplication.java:731)
	at org.springframework.boot.SpringApplication.refreshContext(SpringApplication.java:408)
	at org.springframework.boot.SpringApplication.run(SpringApplication.java:307)
	at org.springframework.boot.SpringApplication.run(SpringApplication.java:1303)
	at org.springframework.boot.SpringApplication.run(SpringApplication.java:1292)
	at com.hwadee.springboot.SpringbootApplication.main(SpringbootApplication.java:14)
	at java.base/jdk.internal.reflect.DirectMethodHandleAccessor.invoke(DirectMethodHandleAccessor.java:104)
	at java.base/java.lang.reflect.Method.invoke(Method.java:578)
	at org.springframework.boot.devtools.restart.RestartLauncher.run(RestartLauncher.java:50)
Caused by: org.springframework.beans.factory.BeanCreationException: Error creating bean with name 'courseService': Injection of resource dependencies failed; nested exception is org.springframework.beans.factory.UnsatisfiedDependencyException: Error creating bean with name 'courseDao' defined in file [E:\shixi\springboot\target\classes\com\hwadee\springboot\dao\CourseDao.class]: Unsatisfied dependency expressed through bean property 'sqlSessionFactory'; nested exception is org.springframework.beans.factory.BeanCreationException: Error creating bean with name 'sqlSessionFactory' defined in class path resource [org/mybatis/spring/boot/autoconfigure/MybatisAutoConfiguration.class]: Bean instantiation via factory method failed; nested exception is org.springframework.beans.BeanInstantiationException: Failed to instantiate [org.apache.ibatis.session.SqlSessionFactory]: Factory method 'sqlSessionFactory' threw exception; nested exception is java.io.IOException: Failed to parse mapping resource: 'file [E:\shixi\springboot\target\classes\mapper\VolunteerTeamDao.xml]'
	at org.springframework.context.annotation.CommonAnnotationBeanPostProcessor.postProcessProperties(CommonAnnotationBeanPostProcessor.java:332)
	at org.springframework.beans.factory.support.AbstractAutowireCapableBeanFactory.populateBean(AbstractAutowireCapableBeanFactory.java:1431)
	at org.springframework.beans.factory.support.AbstractAutowireCapableBeanFactory.doCreateBean(AbstractAutowireCapableBeanFactory.java:619)
	at org.springframework.beans.factory.support.AbstractAutowireCapableBeanFactory.createBean(AbstractAutowireCapableBeanFactory.java:542)
	at org.springframework.beans.factory.support.AbstractBeanFactory.lambda$doGetBean$0(AbstractBeanFactory.java:335)
	at org.springframework.beans.factory.support.DefaultSingletonBeanRegistry.getSingleton(DefaultSingletonBeanRegistry.java:234)
	at org.springframework.beans.factory.support.AbstractBeanFactory.doGetBean(AbstractBeanFactory.java:333)
	at org.springframework.beans.factory.support.AbstractBeanFactory.getBean(AbstractBeanFactory.java:213)
	at org.springframework.beans.factory.support.AbstractAutowireCapableBeanFactory.resolveBeanByName(AbstractAutowireCapableBeanFactory.java:479)
	at org.springframework.context.annotation.CommonAnnotationBeanPostProcessor.autowireResource(CommonAnnotationBeanPostProcessor.java:550)
	at org.springframework.context.annotation.CommonAnnotationBeanPostProcessor.getResource(CommonAnnotationBeanPostProcessor.java:520)
	at org.springframework.context.annotation.CommonAnnotationBeanPostProcessor$ResourceElement.getResourceToInject(CommonAnnotationBeanPostProcessor.java:673)
	at org.springframework.beans.factory.annotation.InjectionMetadata$InjectedElement.inject(InjectionMetadata.java:228)
	at org.springframework.beans.factory.annotation.InjectionMetadata.inject(InjectionMetadata.java:119)
	at org.springframework.context.annotation.CommonAnnotationBeanPostProcessor.postProcessProperties(CommonAnnotationBeanPostProcessor.java:329)
	... 20 common frames omitted
Caused by: org.springframework.beans.factory.UnsatisfiedDependencyException: Error creating bean with name 'courseDao' defined in file [E:\shixi\springboot\target\classes\com\hwadee\springboot\dao\CourseDao.class]: Unsatisfied dependency expressed through bean property 'sqlSessionFactory'; nested exception is org.springframework.beans.factory.BeanCreationException: Error creating bean with name 'sqlSessionFactory' defined in class path resource [org/mybatis/spring/boot/autoconfigure/MybatisAutoConfiguration.class]: Bean instantiation via factory method failed; nested exception is org.springframework.beans.BeanInstantiationException: Failed to instantiate [org.apache.ibatis.session.SqlSessionFactory]: Factory method 'sqlSessionFactory' threw exception; nested exception is java.io.IOException: Failed to parse mapping resource: 'file [E:\shixi\springboot\target\classes\mapper\VolunteerTeamDao.xml]'
	at org.springframework.beans.factory.support.AbstractAutowireCapableBeanFactory.autowireByType(AbstractAutowireCapableBeanFactory.java:1534)
	at org.springframework.beans.factory.support.AbstractAutowireCapableBeanFactory.populateBean(AbstractAutowireCapableBeanFactory.java:1417)
	at org.springframework.beans.factory.support.AbstractAutowireCapableBeanFactory.doCreateBean(AbstractAutowireCapableBeanFactory.java:619)
	at org.springframework.beans.factory.support.AbstractAutowireCapableBeanFactory.createBean(AbstractAutowireCapableBeanFactory.java:542)
	at org.springframework.beans.factory.support.AbstractBeanFactory.lambda$doGetBean$0(AbstractBeanFactory.java:335)
	at org.springframework.beans.factory.support.DefaultSingletonBeanRegistry.getSingleton(DefaultSingletonBeanRegistry.java:234)
	at org.springframework.beans.factory.support.AbstractBeanFactory.doGetBean(AbstractBeanFactory.java:333)
	at org.springframework.beans.factory.support.AbstractBeanFactory.getBean(AbstractBeanFactory.java:213)
	at org.springframework.beans.factory.support.AbstractAutowireCapableBeanFactory.resolveBeanByName(AbstractAutowireCapableBeanFactory.java:479)
	at org.springframework.context.annotation.CommonAnnotationBeanPostProcessor.autowireResource(CommonAnnotationBeanPostProcessor.java:550)
	at org.springframework.context.annotation.CommonAnnotationBeanPostProcessor.getResource(CommonAnnotationBeanPostProcessor.java:520)
	at org.springframework.context.annotation.CommonAnnotationBeanPostProcessor$ResourceElement.getResourceToInject(CommonAnnotationBeanPostProcessor.java:673)
	at org.springframework.beans.factory.annotation.InjectionMetadata$InjectedElement.inject(InjectionMetadata.java:228)
	at org.springframework.beans.factory.annotation.InjectionMetadata.inject(InjectionMetadata.java:119)
	at org.springframework.context.annotation.CommonAnnotationBeanPostProcessor.postProcessProperties(CommonAnnotationBeanPostProcessor.java:329)
	... 34 common frames omitted
Caused by: org.springframework.beans.factory.BeanCreationException: Error creating bean with name 'sqlSessionFactory' defined in class path resource [org/mybatis/spring/boot/autoconfigure/MybatisAutoConfiguration.class]: Bean instantiation via factory method failed; nested exception is org.springframework.beans.BeanInstantiationException: Failed to instantiate [org.apache.ibatis.session.SqlSessionFactory]: Factory method 'sqlSessionFactory' threw exception; nested exception is java.io.IOException: Failed to parse mapping resource: 'file [E:\shixi\springboot\target\classes\mapper\VolunteerTeamDao.xml]'
	at org.springframework.beans.factory.support.ConstructorResolver.instantiate(ConstructorResolver.java:658)
	at org.springframework.beans.factory.support.ConstructorResolver.instantiateUsingFactoryMethod(ConstructorResolver.java:638)
	at org.springframework.beans.factory.support.AbstractAutowireCapableBeanFactory.instantiateUsingFactoryMethod(AbstractAutowireCapableBeanFactory.java:1352)
	at org.springframework.beans.factory.support.AbstractAutowireCapableBeanFactory.createBeanInstance(AbstractAutowireCapableBeanFactory.java:1195)
	at org.springframework.beans.factory.support.AbstractAutowireCapableBeanFactory.doCreateBean(AbstractAutowireCapableBeanFactory.java:582)
	at org.springframework.beans.factory.support.AbstractAutowireCapableBeanFactory.createBean(AbstractAutowireCapableBeanFactory.java:542)
	at org.springframework.beans.factory.support.AbstractBeanFactory.lambda$doGetBean$0(AbstractBeanFactory.java:335)
	at org.springframework.beans.factory.support.DefaultSingletonBeanRegistry.getSingleton(DefaultSingletonBeanRegistry.java:234)
	at org.springframework.beans.factory.support.AbstractBeanFactory.doGetBean(AbstractBeanFactory.java:333)
	at org.springframework.beans.factory.support.AbstractBeanFactory.getBean(AbstractBeanFactory.java:208)
	at org.springframework.beans.factory.config.DependencyDescriptor.resolveCandidate(DependencyDescriptor.java:276)
	at org.springframework.beans.factory.support.DefaultListableBeanFactory.doResolveDependency(DefaultListableBeanFactory.java:1391)
	at org.springframework.beans.factory.support.DefaultListableBeanFactory.resolveDependency(DefaultListableBeanFactory.java:1311)
	at org.springframework.beans.factory.support.AbstractAutowireCapableBeanFactory.autowireByType(AbstractAutowireCapableBeanFactory.java:1519)
	... 48 common frames omitted
Caused by: org.springframework.beans.BeanInstantiationException: Failed to instantiate [org.apache.ibatis.session.SqlSessionFactory]: Factory method 'sqlSessionFactory' threw exception; nested exception is java.io.IOException: Failed to parse mapping resource: 'file [E:\shixi\springboot\target\classes\mapper\VolunteerTeamDao.xml]'
	at org.springframework.beans.factory.support.SimpleInstantiationStrategy.instantiate(SimpleInstantiationStrategy.java:185)
	at org.springframework.beans.factory.support.ConstructorResolver.instantiate(ConstructorResolver.java:653)
	... 61 common frames omitted
Caused by: java.io.IOException: Failed to parse mapping resource: 'file [E:\shixi\springboot\target\classes\mapper\VolunteerTeamDao.xml]'
	at org.mybatis.spring.SqlSessionFactoryBean.buildSqlSessionFactory(SqlSessionFactoryBean.java:700)
	at org.mybatis.spring.SqlSessionFactoryBean.afterPropertiesSet(SqlSessionFactoryBean.java:577)
	at org.mybatis.spring.SqlSessionFactoryBean.getObject(SqlSessionFactoryBean.java:720)
	at org.mybatis.spring.boot.autoconfigure.MybatisAutoConfiguration.sqlSessionFactory(MybatisAutoConfiguration.java:187)
	at org.mybatis.spring.boot.autoconfigure.MybatisAutoConfiguration$$EnhancerBySpringCGLIB$$386d1500.CGLIB$sqlSessionFactory$1(<generated>)
	at org.mybatis.spring.boot.autoconfigure.MybatisAutoConfiguration$$EnhancerBySpringCGLIB$$386d1500$$FastClassBySpringCGLIB$$74e20fe5.invoke(<generated>)
	at org.springframework.cglib.proxy.MethodProxy.invokeSuper(MethodProxy.java:244)
	at org.springframework.context.annotation.ConfigurationClassEnhancer$BeanMethodInterceptor.intercept(ConfigurationClassEnhancer.java:331)
	at org.mybatis.spring.boot.autoconfigure.MybatisAutoConfiguration$$EnhancerBySpringCGLIB$$386d1500.sqlSessionFactory(<generated>)
	at java.base/jdk.internal.reflect.DirectMethodHandleAccessor.invoke(DirectMethodHandleAccessor.java:104)
	at java.base/java.lang.reflect.Method.invoke(Method.java:578)
	at org.springframework.beans.factory.support.SimpleInstantiationStrategy.instantiate(SimpleInstantiationStrategy.java:154)
	... 62 common frames omitted
Caused by: org.apache.ibatis.builder.BuilderException: Error creating document instance.  Cause: org.xml.sax.SAXParseException; lineNumber: 45; columnNumber: 6; 不允许有匹配 "[xX][mM][lL]" 的处理指令目标。
	at org.apache.ibatis.parsing.XPathParser.createDocument(XPathParser.java:262)
	at org.apache.ibatis.parsing.XPathParser.<init>(XPathParser.java:127)
	at org.apache.ibatis.builder.xml.XMLMapperBuilder.<init>(XMLMapperBuilder.java:85)
	at org.mybatis.spring.SqlSessionFactoryBean.buildSqlSessionFactory(SqlSessionFactoryBean.java:697)
	... 73 common frames omitted
Caused by: org.xml.sax.SAXParseException: 不允许有匹配 "[xX][mM][lL]" 的处理指令目标。
	at java.xml/com.sun.org.apache.xerces.internal.util.ErrorHandlerWrapper.createSAXParseException(ErrorHandlerWrapper.java:204)
	at java.xml/com.sun.org.apache.xerces.internal.util.ErrorHandlerWrapper.fatalError(ErrorHandlerWrapper.java:178)
	at java.xml/com.sun.org.apache.xerces.internal.impl.XMLErrorReporter.reportError(XMLErrorReporter.java:400)
	at java.xml/com.sun.org.apache.xerces.internal.impl.XMLErrorReporter.reportError(XMLErrorReporter.java:327)
	at java.xml/com.sun.org.apache.xerces.internal.impl.XMLScanner.reportFatalError(XMLScanner.java:1465)
	at java.xml/com.sun.org.apache.xerces.internal.impl.XMLScanner.scanPIData(XMLScanner.java:745)
	at java.xml/com.sun.org.apache.xerces.internal.impl.XMLDocumentFragmentScannerImpl.scanPIData(XMLDocumentFragmentScannerImpl.java:1059)
	at java.xml/com.sun.org.apache.xerces.internal.impl.XMLScanner.scanPI(XMLScanner.java:713)
	at java.xml/com.sun.org.apache.xerces.internal.impl.XMLDocumentScannerImpl$PrologDriver.next(XMLDocumentScannerImpl.java:891)
	at java.xml/com.sun.org.apache.xerces.internal.impl.XMLDocumentScannerImpl.next(XMLDocumentScannerImpl.java:605)
	at java.xml/com.sun.org.apache.xerces.internal.impl.XMLDocumentFragmentScannerImpl.scanDocument(XMLDocumentFragmentScannerImpl.java:542)
	at java.xml/com.sun.org.apache.xerces.internal.parsers.XML11Configuration.parse(XML11Configuration.java:889)
	at java.xml/com.sun.org.apache.xerces.internal.parsers.XML11Configuration.parse(XML11Configuration.java:825)
	at java.xml/com.sun.org.apache.xerces.internal.parsers.XMLParser.parse(XMLParser.java:141)
	at java.xml/com.sun.org.apache.xerces.internal.parsers.DOMParser.parse(DOMParser.java:247)
	at java.xml/com.sun.org.apache.xerces.internal.jaxp.DocumentBuilderImpl.parse(DocumentBuilderImpl.java:342)
	at org.apache.ibatis.parsing.XPathParser.createDocument(XPathParser.java:260)
	... 76 common frames omitted
[INFO]2024-07-02 11:00:10,044 - Starting SpringbootApplication using Java 20.0.1 on LAPTOP-L2BN52PD with PID 51240 (E:\shixi\springboot\target\classes started by jiaoy in E:\shixi\springboot)
[INFO]2024-07-02 11:00:10,045 - No active profile set, falling back to 1 default profile: "default"
[INFO]2024-07-02 11:00:10,093 - Devtools property defaults active! Set 'spring.devtools.add-properties' to 'false' to disable
[INFO]2024-07-02 11:00:10,093 - For additional web related logging consider setting the 'logging.level.web' property to 'DEBUG'
[INFO]2024-07-02 11:00:10,749 - Multiple Spring Data modules found, entering strict repository configuration mode
[INFO]2024-07-02 11:00:10,750 - Bootstrapping Spring Data JPA repositories in DEFAULT mode.
[INFO]2024-07-02 11:00:10,764 - Finished Spring Data repository scanning in 8 ms. Found 0 JPA repository interfaces.
[INFO]2024-07-02 11:00:10,774 - Multiple Spring Data modules found, entering strict repository configuration mode
[INFO]2024-07-02 11:00:10,775 - Bootstrapping Spring Data Redis repositories in DEFAULT mode.
[INFO]2024-07-02 11:00:10,784 - Finished Spring Data repository scanning in 3 ms. Found 0 Redis repository interfaces.
[INFO]2024-07-02 11:00:11,203 - Tomcat initialized with port(s): 8080 (http)
[INFO]2024-07-02 11:00:11,203 - Loaded Apache Tomcat Native library [1.3.0] using APR version [1.7.4].
[INFO]2024-07-02 11:00:11,203 - APR capabilities: IPv6 [true], sendfile [true], accept filters [false], random [true], UDS [true].
[INFO]2024-07-02 11:00:11,204 - APR/OpenSSL configuration: useAprConnector [false], useOpenSSL [true]
[INFO]2024-07-02 11:00:11,208 - OpenSSL successfully initialized [OpenSSL 3.0.13 30 Jan 2024]
[INFO]2024-07-02 11:00:11,213 - Initializing ProtocolHandler ["http-nio-8080"]
[INFO]2024-07-02 11:00:11,214 - Starting service [Tomcat]
[INFO]2024-07-02 11:00:11,214 - Starting Servlet engine: [Apache Tomcat/9.0.76]
[INFO]2024-07-02 11:00:11,274 - Initializing Spring embedded WebApplicationContext
[INFO]2024-07-02 11:00:11,275 - Root WebApplicationContext: initialization completed in 1181 ms
[INFO]2024-07-02 11:00:11,376 - HikariPool-1 - Starting...
[WARN]2024-07-02 11:00:11,378 - Registered driver with driverClassName=com.mysql.jdbc.Driver was not found, trying direct instantiation.
[INFO]2024-07-02 11:00:11,464 - HikariPool-1 - Start completed.
[INFO]2024-07-02 11:00:11,527 - HHH000412: Hibernate ORM core version 5.6.15.Final
[INFO]2024-07-02 11:00:11,608 - HCANN000001: Hibernate Commons Annotations {5.1.2.Final}
[INFO]2024-07-02 11:00:11,670 - HHH000400: Using dialect: org.hibernate.dialect.MySQL55Dialect
[INFO]2024-07-02 11:00:11,754 - HHH000490: Using JtaPlatform implementation: [org.hibernate.engine.transaction.jta.platform.internal.NoJtaPlatform]
[INFO]2024-07-02 11:00:11,761 - Initialized JPA EntityManagerFactory for persistence unit 'default'
[WARN]2024-07-02 11:00:11,964 - Exception encountered during context initialization - cancelling refresh attempt: org.springframework.beans.factory.BeanCreationException: Error creating bean with name 'courseController': Injection of resource dependencies failed; nested exception is org.springframework.beans.factory.BeanCreationException: Error creating bean with name 'courseService': Injection of resource dependencies failed; nested exception is org.springframework.beans.factory.UnsatisfiedDependencyException: Error creating bean with name 'courseDao' defined in file [E:\shixi\springboot\target\classes\com\hwadee\springboot\dao\CourseDao.class]: Unsatisfied dependency expressed through bean property 'sqlSessionFactory'; nested exception is org.springframework.beans.factory.BeanCreationException: Error creating bean with name 'sqlSessionFactory' defined in class path resource [org/mybatis/spring/boot/autoconfigure/MybatisAutoConfiguration.class]: Bean instantiation via factory method failed; nested exception is org.springframework.beans.BeanInstantiationException: Failed to instantiate [org.apache.ibatis.session.SqlSessionFactory]: Factory method 'sqlSessionFactory' threw exception; nested exception is java.io.IOException: Failed to parse mapping resource: 'file [E:\shixi\springboot\target\classes\mapper\VolunteerTeamDao.xml]'
[INFO]2024-07-02 11:00:11,965 - Closing JPA EntityManagerFactory for persistence unit 'default'
[INFO]2024-07-02 11:00:11,967 - HikariPool-1 - Shutdown initiated...
[INFO]2024-07-02 11:00:11,972 - HikariPool-1 - Shutdown completed.
[INFO]2024-07-02 11:00:11,974 - Stopping service [Tomcat]
[ERROR]2024-07-02 11:00:12,005 - Application run failed
org.springframework.beans.factory.BeanCreationException: Error creating bean with name 'courseController': Injection of resource dependencies failed; nested exception is org.springframework.beans.factory.BeanCreationException: Error creating bean with name 'courseService': Injection of resource dependencies failed; nested exception is org.springframework.beans.factory.UnsatisfiedDependencyException: Error creating bean with name 'courseDao' defined in file [E:\shixi\springboot\target\classes\com\hwadee\springboot\dao\CourseDao.class]: Unsatisfied dependency expressed through bean property 'sqlSessionFactory'; nested exception is org.springframework.beans.factory.BeanCreationException: Error creating bean with name 'sqlSessionFactory' defined in class path resource [org/mybatis/spring/boot/autoconfigure/MybatisAutoConfiguration.class]: Bean instantiation via factory method failed; nested exception is org.springframework.beans.BeanInstantiationException: Failed to instantiate [org.apache.ibatis.session.SqlSessionFactory]: Factory method 'sqlSessionFactory' threw exception; nested exception is java.io.IOException: Failed to parse mapping resource: 'file [E:\shixi\springboot\target\classes\mapper\VolunteerTeamDao.xml]'
	at org.springframework.context.annotation.CommonAnnotationBeanPostProcessor.postProcessProperties(CommonAnnotationBeanPostProcessor.java:332)
	at org.springframework.beans.factory.support.AbstractAutowireCapableBeanFactory.populateBean(AbstractAutowireCapableBeanFactory.java:1431)
	at org.springframework.beans.factory.support.AbstractAutowireCapableBeanFactory.doCreateBean(AbstractAutowireCapableBeanFactory.java:619)
	at org.springframework.beans.factory.support.AbstractAutowireCapableBeanFactory.createBean(AbstractAutowireCapableBeanFactory.java:542)
	at org.springframework.beans.factory.support.AbstractBeanFactory.lambda$doGetBean$0(AbstractBeanFactory.java:335)
	at org.springframework.beans.factory.support.DefaultSingletonBeanRegistry.getSingleton(DefaultSingletonBeanRegistry.java:234)
	at org.springframework.beans.factory.support.AbstractBeanFactory.doGetBean(AbstractBeanFactory.java:333)
	at org.springframework.beans.factory.support.AbstractBeanFactory.getBean(AbstractBeanFactory.java:208)
	at org.springframework.beans.factory.support.DefaultListableBeanFactory.preInstantiateSingletons(DefaultListableBeanFactory.java:955)
	at org.springframework.context.support.AbstractApplicationContext.finishBeanFactoryInitialization(AbstractApplicationContext.java:920)
	at org.springframework.context.support.AbstractApplicationContext.refresh(AbstractApplicationContext.java:583)
	at org.springframework.boot.web.servlet.context.ServletWebServerApplicationContext.refresh(ServletWebServerApplicationContext.java:147)
	at org.springframework.boot.SpringApplication.refresh(SpringApplication.java:731)
	at org.springframework.boot.SpringApplication.refreshContext(SpringApplication.java:408)
	at org.springframework.boot.SpringApplication.run(SpringApplication.java:307)
	at org.springframework.boot.SpringApplication.run(SpringApplication.java:1303)
	at org.springframework.boot.SpringApplication.run(SpringApplication.java:1292)
	at com.hwadee.springboot.SpringbootApplication.main(SpringbootApplication.java:14)
	at java.base/jdk.internal.reflect.DirectMethodHandleAccessor.invoke(DirectMethodHandleAccessor.java:104)
	at java.base/java.lang.reflect.Method.invoke(Method.java:578)
	at org.springframework.boot.devtools.restart.RestartLauncher.run(RestartLauncher.java:50)
Caused by: org.springframework.beans.factory.BeanCreationException: Error creating bean with name 'courseService': Injection of resource dependencies failed; nested exception is org.springframework.beans.factory.UnsatisfiedDependencyException: Error creating bean with name 'courseDao' defined in file [E:\shixi\springboot\target\classes\com\hwadee\springboot\dao\CourseDao.class]: Unsatisfied dependency expressed through bean property 'sqlSessionFactory'; nested exception is org.springframework.beans.factory.BeanCreationException: Error creating bean with name 'sqlSessionFactory' defined in class path resource [org/mybatis/spring/boot/autoconfigure/MybatisAutoConfiguration.class]: Bean instantiation via factory method failed; nested exception is org.springframework.beans.BeanInstantiationException: Failed to instantiate [org.apache.ibatis.session.SqlSessionFactory]: Factory method 'sqlSessionFactory' threw exception; nested exception is java.io.IOException: Failed to parse mapping resource: 'file [E:\shixi\springboot\target\classes\mapper\VolunteerTeamDao.xml]'
	at org.springframework.context.annotation.CommonAnnotationBeanPostProcessor.postProcessProperties(CommonAnnotationBeanPostProcessor.java:332)
	at org.springframework.beans.factory.support.AbstractAutowireCapableBeanFactory.populateBean(AbstractAutowireCapableBeanFactory.java:1431)
	at org.springframework.beans.factory.support.AbstractAutowireCapableBeanFactory.doCreateBean(AbstractAutowireCapableBeanFactory.java:619)
	at org.springframework.beans.factory.support.AbstractAutowireCapableBeanFactory.createBean(AbstractAutowireCapableBeanFactory.java:542)
	at org.springframework.beans.factory.support.AbstractBeanFactory.lambda$doGetBean$0(AbstractBeanFactory.java:335)
	at org.springframework.beans.factory.support.DefaultSingletonBeanRegistry.getSingleton(DefaultSingletonBeanRegistry.java:234)
	at org.springframework.beans.factory.support.AbstractBeanFactory.doGetBean(AbstractBeanFactory.java:333)
	at org.springframework.beans.factory.support.AbstractBeanFactory.getBean(AbstractBeanFactory.java:213)
	at org.springframework.beans.factory.support.AbstractAutowireCapableBeanFactory.resolveBeanByName(AbstractAutowireCapableBeanFactory.java:479)
	at org.springframework.context.annotation.CommonAnnotationBeanPostProcessor.autowireResource(CommonAnnotationBeanPostProcessor.java:550)
	at org.springframework.context.annotation.CommonAnnotationBeanPostProcessor.getResource(CommonAnnotationBeanPostProcessor.java:520)
	at org.springframework.context.annotation.CommonAnnotationBeanPostProcessor$ResourceElement.getResourceToInject(CommonAnnotationBeanPostProcessor.java:673)
	at org.springframework.beans.factory.annotation.InjectionMetadata$InjectedElement.inject(InjectionMetadata.java:228)
	at org.springframework.beans.factory.annotation.InjectionMetadata.inject(InjectionMetadata.java:119)
	at org.springframework.context.annotation.CommonAnnotationBeanPostProcessor.postProcessProperties(CommonAnnotationBeanPostProcessor.java:329)
	... 20 common frames omitted
Caused by: org.springframework.beans.factory.UnsatisfiedDependencyException: Error creating bean with name 'courseDao' defined in file [E:\shixi\springboot\target\classes\com\hwadee\springboot\dao\CourseDao.class]: Unsatisfied dependency expressed through bean property 'sqlSessionFactory'; nested exception is org.springframework.beans.factory.BeanCreationException: Error creating bean with name 'sqlSessionFactory' defined in class path resource [org/mybatis/spring/boot/autoconfigure/MybatisAutoConfiguration.class]: Bean instantiation via factory method failed; nested exception is org.springframework.beans.BeanInstantiationException: Failed to instantiate [org.apache.ibatis.session.SqlSessionFactory]: Factory method 'sqlSessionFactory' threw exception; nested exception is java.io.IOException: Failed to parse mapping resource: 'file [E:\shixi\springboot\target\classes\mapper\VolunteerTeamDao.xml]'
	at org.springframework.beans.factory.support.AbstractAutowireCapableBeanFactory.autowireByType(AbstractAutowireCapableBeanFactory.java:1534)
	at org.springframework.beans.factory.support.AbstractAutowireCapableBeanFactory.populateBean(AbstractAutowireCapableBeanFactory.java:1417)
	at org.springframework.beans.factory.support.AbstractAutowireCapableBeanFactory.doCreateBean(AbstractAutowireCapableBeanFactory.java:619)
	at org.springframework.beans.factory.support.AbstractAutowireCapableBeanFactory.createBean(AbstractAutowireCapableBeanFactory.java:542)
	at org.springframework.beans.factory.support.AbstractBeanFactory.lambda$doGetBean$0(AbstractBeanFactory.java:335)
	at org.springframework.beans.factory.support.DefaultSingletonBeanRegistry.getSingleton(DefaultSingletonBeanRegistry.java:234)
	at org.springframework.beans.factory.support.AbstractBeanFactory.doGetBean(AbstractBeanFactory.java:333)
	at org.springframework.beans.factory.support.AbstractBeanFactory.getBean(AbstractBeanFactory.java:213)
	at org.springframework.beans.factory.support.AbstractAutowireCapableBeanFactory.resolveBeanByName(AbstractAutowireCapableBeanFactory.java:479)
	at org.springframework.context.annotation.CommonAnnotationBeanPostProcessor.autowireResource(CommonAnnotationBeanPostProcessor.java:550)
	at org.springframework.context.annotation.CommonAnnotationBeanPostProcessor.getResource(CommonAnnotationBeanPostProcessor.java:520)
	at org.springframework.context.annotation.CommonAnnotationBeanPostProcessor$ResourceElement.getResourceToInject(CommonAnnotationBeanPostProcessor.java:673)
	at org.springframework.beans.factory.annotation.InjectionMetadata$InjectedElement.inject(InjectionMetadata.java:228)
	at org.springframework.beans.factory.annotation.InjectionMetadata.inject(InjectionMetadata.java:119)
	at org.springframework.context.annotation.CommonAnnotationBeanPostProcessor.postProcessProperties(CommonAnnotationBeanPostProcessor.java:329)
	... 34 common frames omitted
Caused by: org.springframework.beans.factory.BeanCreationException: Error creating bean with name 'sqlSessionFactory' defined in class path resource [org/mybatis/spring/boot/autoconfigure/MybatisAutoConfiguration.class]: Bean instantiation via factory method failed; nested exception is org.springframework.beans.BeanInstantiationException: Failed to instantiate [org.apache.ibatis.session.SqlSessionFactory]: Factory method 'sqlSessionFactory' threw exception; nested exception is java.io.IOException: Failed to parse mapping resource: 'file [E:\shixi\springboot\target\classes\mapper\VolunteerTeamDao.xml]'
	at org.springframework.beans.factory.support.ConstructorResolver.instantiate(ConstructorResolver.java:658)
	at org.springframework.beans.factory.support.ConstructorResolver.instantiateUsingFactoryMethod(ConstructorResolver.java:638)
	at org.springframework.beans.factory.support.AbstractAutowireCapableBeanFactory.instantiateUsingFactoryMethod(AbstractAutowireCapableBeanFactory.java:1352)
	at org.springframework.beans.factory.support.AbstractAutowireCapableBeanFactory.createBeanInstance(AbstractAutowireCapableBeanFactory.java:1195)
	at org.springframework.beans.factory.support.AbstractAutowireCapableBeanFactory.doCreateBean(AbstractAutowireCapableBeanFactory.java:582)
	at org.springframework.beans.factory.support.AbstractAutowireCapableBeanFactory.createBean(AbstractAutowireCapableBeanFactory.java:542)
	at org.springframework.beans.factory.support.AbstractBeanFactory.lambda$doGetBean$0(AbstractBeanFactory.java:335)
	at org.springframework.beans.factory.support.DefaultSingletonBeanRegistry.getSingleton(DefaultSingletonBeanRegistry.java:234)
	at org.springframework.beans.factory.support.AbstractBeanFactory.doGetBean(AbstractBeanFactory.java:333)
	at org.springframework.beans.factory.support.AbstractBeanFactory.getBean(AbstractBeanFactory.java:208)
	at org.springframework.beans.factory.config.DependencyDescriptor.resolveCandidate(DependencyDescriptor.java:276)
	at org.springframework.beans.factory.support.DefaultListableBeanFactory.doResolveDependency(DefaultListableBeanFactory.java:1391)
	at org.springframework.beans.factory.support.DefaultListableBeanFactory.resolveDependency(DefaultListableBeanFactory.java:1311)
	at org.springframework.beans.factory.support.AbstractAutowireCapableBeanFactory.autowireByType(AbstractAutowireCapableBeanFactory.java:1519)
	... 48 common frames omitted
Caused by: org.springframework.beans.BeanInstantiationException: Failed to instantiate [org.apache.ibatis.session.SqlSessionFactory]: Factory method 'sqlSessionFactory' threw exception; nested exception is java.io.IOException: Failed to parse mapping resource: 'file [E:\shixi\springboot\target\classes\mapper\VolunteerTeamDao.xml]'
	at org.springframework.beans.factory.support.SimpleInstantiationStrategy.instantiate(SimpleInstantiationStrategy.java:185)
	at org.springframework.beans.factory.support.ConstructorResolver.instantiate(ConstructorResolver.java:653)
	... 61 common frames omitted
Caused by: java.io.IOException: Failed to parse mapping resource: 'file [E:\shixi\springboot\target\classes\mapper\VolunteerTeamDao.xml]'
	at org.mybatis.spring.SqlSessionFactoryBean.buildSqlSessionFactory(SqlSessionFactoryBean.java:700)
	at org.mybatis.spring.SqlSessionFactoryBean.afterPropertiesSet(SqlSessionFactoryBean.java:577)
	at org.mybatis.spring.SqlSessionFactoryBean.getObject(SqlSessionFactoryBean.java:720)
	at org.mybatis.spring.boot.autoconfigure.MybatisAutoConfiguration.sqlSessionFactory(MybatisAutoConfiguration.java:187)
	at org.mybatis.spring.boot.autoconfigure.MybatisAutoConfiguration$$EnhancerBySpringCGLIB$$e4adc45e.CGLIB$sqlSessionFactory$2(<generated>)
	at org.mybatis.spring.boot.autoconfigure.MybatisAutoConfiguration$$EnhancerBySpringCGLIB$$e4adc45e$$FastClassBySpringCGLIB$$34bb00c1.invoke(<generated>)
	at org.springframework.cglib.proxy.MethodProxy.invokeSuper(MethodProxy.java:244)
	at org.springframework.context.annotation.ConfigurationClassEnhancer$BeanMethodInterceptor.intercept(ConfigurationClassEnhancer.java:331)
	at org.mybatis.spring.boot.autoconfigure.MybatisAutoConfiguration$$EnhancerBySpringCGLIB$$e4adc45e.sqlSessionFactory(<generated>)
	at java.base/jdk.internal.reflect.DirectMethodHandleAccessor.invoke(DirectMethodHandleAccessor.java:104)
	at java.base/java.lang.reflect.Method.invoke(Method.java:578)
	at org.springframework.beans.factory.support.SimpleInstantiationStrategy.instantiate(SimpleInstantiationStrategy.java:154)
	... 62 common frames omitted
Caused by: org.apache.ibatis.builder.BuilderException: Error creating document instance.  Cause: org.xml.sax.SAXParseException; lineNumber: 45; columnNumber: 6; 不允许有匹配 "[xX][mM][lL]" 的处理指令目标。
	at org.apache.ibatis.parsing.XPathParser.createDocument(XPathParser.java:262)
	at org.apache.ibatis.parsing.XPathParser.<init>(XPathParser.java:127)
	at org.apache.ibatis.builder.xml.XMLMapperBuilder.<init>(XMLMapperBuilder.java:85)
	at org.mybatis.spring.SqlSessionFactoryBean.buildSqlSessionFactory(SqlSessionFactoryBean.java:697)
	... 73 common frames omitted
Caused by: org.xml.sax.SAXParseException: 不允许有匹配 "[xX][mM][lL]" 的处理指令目标。
	at java.xml/com.sun.org.apache.xerces.internal.util.ErrorHandlerWrapper.createSAXParseException(ErrorHandlerWrapper.java:204)
	at java.xml/com.sun.org.apache.xerces.internal.util.ErrorHandlerWrapper.fatalError(ErrorHandlerWrapper.java:178)
	at java.xml/com.sun.org.apache.xerces.internal.impl.XMLErrorReporter.reportError(XMLErrorReporter.java:400)
	at java.xml/com.sun.org.apache.xerces.internal.impl.XMLErrorReporter.reportError(XMLErrorReporter.java:327)
	at java.xml/com.sun.org.apache.xerces.internal.impl.XMLScanner.reportFatalError(XMLScanner.java:1465)
	at java.xml/com.sun.org.apache.xerces.internal.impl.XMLScanner.scanPIData(XMLScanner.java:745)
	at java.xml/com.sun.org.apache.xerces.internal.impl.XMLDocumentFragmentScannerImpl.scanPIData(XMLDocumentFragmentScannerImpl.java:1059)
	at java.xml/com.sun.org.apache.xerces.internal.impl.XMLScanner.scanPI(XMLScanner.java:713)
	at java.xml/com.sun.org.apache.xerces.internal.impl.XMLDocumentScannerImpl$PrologDriver.next(XMLDocumentScannerImpl.java:891)
	at java.xml/com.sun.org.apache.xerces.internal.impl.XMLDocumentScannerImpl.next(XMLDocumentScannerImpl.java:605)
	at java.xml/com.sun.org.apache.xerces.internal.impl.XMLDocumentFragmentScannerImpl.scanDocument(XMLDocumentFragmentScannerImpl.java:542)
	at java.xml/com.sun.org.apache.xerces.internal.parsers.XML11Configuration.parse(XML11Configuration.java:889)
	at java.xml/com.sun.org.apache.xerces.internal.parsers.XML11Configuration.parse(XML11Configuration.java:825)
	at java.xml/com.sun.org.apache.xerces.internal.parsers.XMLParser.parse(XMLParser.java:141)
	at java.xml/com.sun.org.apache.xerces.internal.parsers.DOMParser.parse(DOMParser.java:247)
	at java.xml/com.sun.org.apache.xerces.internal.jaxp.DocumentBuilderImpl.parse(DocumentBuilderImpl.java:342)
	at org.apache.ibatis.parsing.XPathParser.createDocument(XPathParser.java:260)
	... 76 common frames omitted
[INFO]2024-07-02 11:03:26,063 - Starting SpringbootApplication using Java 20.0.1 on LAPTOP-L2BN52PD with PID 34296 (E:\shixi\springboot\target\classes started by jiaoy in E:\shixi\springboot)
[INFO]2024-07-02 11:03:26,064 - No active profile set, falling back to 1 default profile: "default"
[INFO]2024-07-02 11:03:26,112 - Devtools property defaults active! Set 'spring.devtools.add-properties' to 'false' to disable
[INFO]2024-07-02 11:03:26,112 - For additional web related logging consider setting the 'logging.level.web' property to 'DEBUG'
[INFO]2024-07-02 11:03:26,712 - Multiple Spring Data modules found, entering strict repository configuration mode
[INFO]2024-07-02 11:03:26,712 - Bootstrapping Spring Data JPA repositories in DEFAULT mode.
[INFO]2024-07-02 11:03:26,725 - Finished Spring Data repository scanning in 7 ms. Found 0 JPA repository interfaces.
[INFO]2024-07-02 11:03:26,735 - Multiple Spring Data modules found, entering strict repository configuration mode
[INFO]2024-07-02 11:03:26,736 - Bootstrapping Spring Data Redis repositories in DEFAULT mode.
[INFO]2024-07-02 11:03:26,743 - Finished Spring Data repository scanning in 2 ms. Found 0 Redis repository interfaces.
[INFO]2024-07-02 11:03:27,175 - Tomcat initialized with port(s): 8080 (http)
[INFO]2024-07-02 11:03:27,175 - Loaded Apache Tomcat Native library [1.3.0] using APR version [1.7.4].
[INFO]2024-07-02 11:03:27,176 - APR capabilities: IPv6 [true], sendfile [true], accept filters [false], random [true], UDS [true].
[INFO]2024-07-02 11:03:27,176 - APR/OpenSSL configuration: useAprConnector [false], useOpenSSL [true]
[INFO]2024-07-02 11:03:27,181 - OpenSSL successfully initialized [OpenSSL 3.0.13 30 Jan 2024]
[INFO]2024-07-02 11:03:27,189 - Initializing ProtocolHandler ["http-nio-8080"]
[INFO]2024-07-02 11:03:27,190 - Starting service [Tomcat]
[INFO]2024-07-02 11:03:27,190 - Starting Servlet engine: [Apache Tomcat/9.0.76]
[INFO]2024-07-02 11:03:27,255 - Initializing Spring embedded WebApplicationContext
[INFO]2024-07-02 11:03:27,256 - Root WebApplicationContext: initialization completed in 1144 ms
[INFO]2024-07-02 11:03:27,359 - HikariPool-1 - Starting...
[WARN]2024-07-02 11:03:27,361 - Registered driver with driverClassName=com.mysql.jdbc.Driver was not found, trying direct instantiation.
[INFO]2024-07-02 11:03:27,440 - HikariPool-1 - Start completed.
[INFO]2024-07-02 11:03:27,503 - HHH000412: Hibernate ORM core version 5.6.15.Final
[INFO]2024-07-02 11:03:27,587 - HCANN000001: Hibernate Commons Annotations {5.1.2.Final}
[INFO]2024-07-02 11:03:27,656 - HHH000400: Using dialect: org.hibernate.dialect.MySQL55Dialect
[INFO]2024-07-02 11:03:27,741 - HHH000490: Using JtaPlatform implementation: [org.hibernate.engine.transaction.jta.platform.internal.NoJtaPlatform]
[INFO]2024-07-02 11:03:27,749 - Initialized JPA EntityManagerFactory for persistence unit 'default'
[WARN]2024-07-02 11:03:27,961 - Exception encountered during context initialization - cancelling refresh attempt: org.springframework.beans.factory.BeanCreationException: Error creating bean with name 'courseController': Injection of resource dependencies failed; nested exception is org.springframework.beans.factory.BeanCreationException: Error creating bean with name 'courseService': Injection of resource dependencies failed; nested exception is org.springframework.beans.factory.UnsatisfiedDependencyException: Error creating bean with name 'courseDao' defined in file [E:\shixi\springboot\target\classes\com\hwadee\springboot\dao\CourseDao.class]: Unsatisfied dependency expressed through bean property 'sqlSessionFactory'; nested exception is org.springframework.beans.factory.BeanCreationException: Error creating bean with name 'sqlSessionFactory' defined in class path resource [org/mybatis/spring/boot/autoconfigure/MybatisAutoConfiguration.class]: Bean instantiation via factory method failed; nested exception is org.springframework.beans.BeanInstantiationException: Failed to instantiate [org.apache.ibatis.session.SqlSessionFactory]: Factory method 'sqlSessionFactory' threw exception; nested exception is java.io.IOException: Failed to parse mapping resource: 'file [E:\shixi\springboot\target\classes\mapper\VolunteerTeamDao.xml]'
[INFO]2024-07-02 11:03:27,962 - Closing JPA EntityManagerFactory for persistence unit 'default'
[INFO]2024-07-02 11:03:27,964 - HikariPool-1 - Shutdown initiated...
[INFO]2024-07-02 11:03:27,968 - HikariPool-1 - Shutdown completed.
[INFO]2024-07-02 11:03:27,969 - Stopping service [Tomcat]
[ERROR]2024-07-02 11:03:28,002 - Application run failed
org.springframework.beans.factory.BeanCreationException: Error creating bean with name 'courseController': Injection of resource dependencies failed; nested exception is org.springframework.beans.factory.BeanCreationException: Error creating bean with name 'courseService': Injection of resource dependencies failed; nested exception is org.springframework.beans.factory.UnsatisfiedDependencyException: Error creating bean with name 'courseDao' defined in file [E:\shixi\springboot\target\classes\com\hwadee\springboot\dao\CourseDao.class]: Unsatisfied dependency expressed through bean property 'sqlSessionFactory'; nested exception is org.springframework.beans.factory.BeanCreationException: Error creating bean with name 'sqlSessionFactory' defined in class path resource [org/mybatis/spring/boot/autoconfigure/MybatisAutoConfiguration.class]: Bean instantiation via factory method failed; nested exception is org.springframework.beans.BeanInstantiationException: Failed to instantiate [org.apache.ibatis.session.SqlSessionFactory]: Factory method 'sqlSessionFactory' threw exception; nested exception is java.io.IOException: Failed to parse mapping resource: 'file [E:\shixi\springboot\target\classes\mapper\VolunteerTeamDao.xml]'
	at org.springframework.context.annotation.CommonAnnotationBeanPostProcessor.postProcessProperties(CommonAnnotationBeanPostProcessor.java:332)
	at org.springframework.beans.factory.support.AbstractAutowireCapableBeanFactory.populateBean(AbstractAutowireCapableBeanFactory.java:1431)
	at org.springframework.beans.factory.support.AbstractAutowireCapableBeanFactory.doCreateBean(AbstractAutowireCapableBeanFactory.java:619)
	at org.springframework.beans.factory.support.AbstractAutowireCapableBeanFactory.createBean(AbstractAutowireCapableBeanFactory.java:542)
	at org.springframework.beans.factory.support.AbstractBeanFactory.lambda$doGetBean$0(AbstractBeanFactory.java:335)
	at org.springframework.beans.factory.support.DefaultSingletonBeanRegistry.getSingleton(DefaultSingletonBeanRegistry.java:234)
	at org.springframework.beans.factory.support.AbstractBeanFactory.doGetBean(AbstractBeanFactory.java:333)
	at org.springframework.beans.factory.support.AbstractBeanFactory.getBean(AbstractBeanFactory.java:208)
	at org.springframework.beans.factory.support.DefaultListableBeanFactory.preInstantiateSingletons(DefaultListableBeanFactory.java:955)
	at org.springframework.context.support.AbstractApplicationContext.finishBeanFactoryInitialization(AbstractApplicationContext.java:920)
	at org.springframework.context.support.AbstractApplicationContext.refresh(AbstractApplicationContext.java:583)
	at org.springframework.boot.web.servlet.context.ServletWebServerApplicationContext.refresh(ServletWebServerApplicationContext.java:147)
	at org.springframework.boot.SpringApplication.refresh(SpringApplication.java:731)
	at org.springframework.boot.SpringApplication.refreshContext(SpringApplication.java:408)
	at org.springframework.boot.SpringApplication.run(SpringApplication.java:307)
	at org.springframework.boot.SpringApplication.run(SpringApplication.java:1303)
	at org.springframework.boot.SpringApplication.run(SpringApplication.java:1292)
	at com.hwadee.springboot.SpringbootApplication.main(SpringbootApplication.java:14)
	at java.base/jdk.internal.reflect.DirectMethodHandleAccessor.invoke(DirectMethodHandleAccessor.java:104)
	at java.base/java.lang.reflect.Method.invoke(Method.java:578)
	at org.springframework.boot.devtools.restart.RestartLauncher.run(RestartLauncher.java:50)
Caused by: org.springframework.beans.factory.BeanCreationException: Error creating bean with name 'courseService': Injection of resource dependencies failed; nested exception is org.springframework.beans.factory.UnsatisfiedDependencyException: Error creating bean with name 'courseDao' defined in file [E:\shixi\springboot\target\classes\com\hwadee\springboot\dao\CourseDao.class]: Unsatisfied dependency expressed through bean property 'sqlSessionFactory'; nested exception is org.springframework.beans.factory.BeanCreationException: Error creating bean with name 'sqlSessionFactory' defined in class path resource [org/mybatis/spring/boot/autoconfigure/MybatisAutoConfiguration.class]: Bean instantiation via factory method failed; nested exception is org.springframework.beans.BeanInstantiationException: Failed to instantiate [org.apache.ibatis.session.SqlSessionFactory]: Factory method 'sqlSessionFactory' threw exception; nested exception is java.io.IOException: Failed to parse mapping resource: 'file [E:\shixi\springboot\target\classes\mapper\VolunteerTeamDao.xml]'
	at org.springframework.context.annotation.CommonAnnotationBeanPostProcessor.postProcessProperties(CommonAnnotationBeanPostProcessor.java:332)
	at org.springframework.beans.factory.support.AbstractAutowireCapableBeanFactory.populateBean(AbstractAutowireCapableBeanFactory.java:1431)
	at org.springframework.beans.factory.support.AbstractAutowireCapableBeanFactory.doCreateBean(AbstractAutowireCapableBeanFactory.java:619)
	at org.springframework.beans.factory.support.AbstractAutowireCapableBeanFactory.createBean(AbstractAutowireCapableBeanFactory.java:542)
	at org.springframework.beans.factory.support.AbstractBeanFactory.lambda$doGetBean$0(AbstractBeanFactory.java:335)
	at org.springframework.beans.factory.support.DefaultSingletonBeanRegistry.getSingleton(DefaultSingletonBeanRegistry.java:234)
	at org.springframework.beans.factory.support.AbstractBeanFactory.doGetBean(AbstractBeanFactory.java:333)
	at org.springframework.beans.factory.support.AbstractBeanFactory.getBean(AbstractBeanFactory.java:213)
	at org.springframework.beans.factory.support.AbstractAutowireCapableBeanFactory.resolveBeanByName(AbstractAutowireCapableBeanFactory.java:479)
	at org.springframework.context.annotation.CommonAnnotationBeanPostProcessor.autowireResource(CommonAnnotationBeanPostProcessor.java:550)
	at org.springframework.context.annotation.CommonAnnotationBeanPostProcessor.getResource(CommonAnnotationBeanPostProcessor.java:520)
	at org.springframework.context.annotation.CommonAnnotationBeanPostProcessor$ResourceElement.getResourceToInject(CommonAnnotationBeanPostProcessor.java:673)
	at org.springframework.beans.factory.annotation.InjectionMetadata$InjectedElement.inject(InjectionMetadata.java:228)
	at org.springframework.beans.factory.annotation.InjectionMetadata.inject(InjectionMetadata.java:119)
	at org.springframework.context.annotation.CommonAnnotationBeanPostProcessor.postProcessProperties(CommonAnnotationBeanPostProcessor.java:329)
	... 20 common frames omitted
Caused by: org.springframework.beans.factory.UnsatisfiedDependencyException: Error creating bean with name 'courseDao' defined in file [E:\shixi\springboot\target\classes\com\hwadee\springboot\dao\CourseDao.class]: Unsatisfied dependency expressed through bean property 'sqlSessionFactory'; nested exception is org.springframework.beans.factory.BeanCreationException: Error creating bean with name 'sqlSessionFactory' defined in class path resource [org/mybatis/spring/boot/autoconfigure/MybatisAutoConfiguration.class]: Bean instantiation via factory method failed; nested exception is org.springframework.beans.BeanInstantiationException: Failed to instantiate [org.apache.ibatis.session.SqlSessionFactory]: Factory method 'sqlSessionFactory' threw exception; nested exception is java.io.IOException: Failed to parse mapping resource: 'file [E:\shixi\springboot\target\classes\mapper\VolunteerTeamDao.xml]'
	at org.springframework.beans.factory.support.AbstractAutowireCapableBeanFactory.autowireByType(AbstractAutowireCapableBeanFactory.java:1534)
	at org.springframework.beans.factory.support.AbstractAutowireCapableBeanFactory.populateBean(AbstractAutowireCapableBeanFactory.java:1417)
	at org.springframework.beans.factory.support.AbstractAutowireCapableBeanFactory.doCreateBean(AbstractAutowireCapableBeanFactory.java:619)
	at org.springframework.beans.factory.support.AbstractAutowireCapableBeanFactory.createBean(AbstractAutowireCapableBeanFactory.java:542)
	at org.springframework.beans.factory.support.AbstractBeanFactory.lambda$doGetBean$0(AbstractBeanFactory.java:335)
	at org.springframework.beans.factory.support.DefaultSingletonBeanRegistry.getSingleton(DefaultSingletonBeanRegistry.java:234)
	at org.springframework.beans.factory.support.AbstractBeanFactory.doGetBean(AbstractBeanFactory.java:333)
	at org.springframework.beans.factory.support.AbstractBeanFactory.getBean(AbstractBeanFactory.java:213)
	at org.springframework.beans.factory.support.AbstractAutowireCapableBeanFactory.resolveBeanByName(AbstractAutowireCapableBeanFactory.java:479)
	at org.springframework.context.annotation.CommonAnnotationBeanPostProcessor.autowireResource(CommonAnnotationBeanPostProcessor.java:550)
	at org.springframework.context.annotation.CommonAnnotationBeanPostProcessor.getResource(CommonAnnotationBeanPostProcessor.java:520)
	at org.springframework.context.annotation.CommonAnnotationBeanPostProcessor$ResourceElement.getResourceToInject(CommonAnnotationBeanPostProcessor.java:673)
	at org.springframework.beans.factory.annotation.InjectionMetadata$InjectedElement.inject(InjectionMetadata.java:228)
	at org.springframework.beans.factory.annotation.InjectionMetadata.inject(InjectionMetadata.java:119)
	at org.springframework.context.annotation.CommonAnnotationBeanPostProcessor.postProcessProperties(CommonAnnotationBeanPostProcessor.java:329)
	... 34 common frames omitted
Caused by: org.springframework.beans.factory.BeanCreationException: Error creating bean with name 'sqlSessionFactory' defined in class path resource [org/mybatis/spring/boot/autoconfigure/MybatisAutoConfiguration.class]: Bean instantiation via factory method failed; nested exception is org.springframework.beans.BeanInstantiationException: Failed to instantiate [org.apache.ibatis.session.SqlSessionFactory]: Factory method 'sqlSessionFactory' threw exception; nested exception is java.io.IOException: Failed to parse mapping resource: 'file [E:\shixi\springboot\target\classes\mapper\VolunteerTeamDao.xml]'
	at org.springframework.beans.factory.support.ConstructorResolver.instantiate(ConstructorResolver.java:658)
	at org.springframework.beans.factory.support.ConstructorResolver.instantiateUsingFactoryMethod(ConstructorResolver.java:638)
	at org.springframework.beans.factory.support.AbstractAutowireCapableBeanFactory.instantiateUsingFactoryMethod(AbstractAutowireCapableBeanFactory.java:1352)
	at org.springframework.beans.factory.support.AbstractAutowireCapableBeanFactory.createBeanInstance(AbstractAutowireCapableBeanFactory.java:1195)
	at org.springframework.beans.factory.support.AbstractAutowireCapableBeanFactory.doCreateBean(AbstractAutowireCapableBeanFactory.java:582)
	at org.springframework.beans.factory.support.AbstractAutowireCapableBeanFactory.createBean(AbstractAutowireCapableBeanFactory.java:542)
	at org.springframework.beans.factory.support.AbstractBeanFactory.lambda$doGetBean$0(AbstractBeanFactory.java:335)
	at org.springframework.beans.factory.support.DefaultSingletonBeanRegistry.getSingleton(DefaultSingletonBeanRegistry.java:234)
	at org.springframework.beans.factory.support.AbstractBeanFactory.doGetBean(AbstractBeanFactory.java:333)
	at org.springframework.beans.factory.support.AbstractBeanFactory.getBean(AbstractBeanFactory.java:208)
	at org.springframework.beans.factory.config.DependencyDescriptor.resolveCandidate(DependencyDescriptor.java:276)
	at org.springframework.beans.factory.support.DefaultListableBeanFactory.doResolveDependency(DefaultListableBeanFactory.java:1391)
	at org.springframework.beans.factory.support.DefaultListableBeanFactory.resolveDependency(DefaultListableBeanFactory.java:1311)
	at org.springframework.beans.factory.support.AbstractAutowireCapableBeanFactory.autowireByType(AbstractAutowireCapableBeanFactory.java:1519)
	... 48 common frames omitted
Caused by: org.springframework.beans.BeanInstantiationException: Failed to instantiate [org.apache.ibatis.session.SqlSessionFactory]: Factory method 'sqlSessionFactory' threw exception; nested exception is java.io.IOException: Failed to parse mapping resource: 'file [E:\shixi\springboot\target\classes\mapper\VolunteerTeamDao.xml]'
	at org.springframework.beans.factory.support.SimpleInstantiationStrategy.instantiate(SimpleInstantiationStrategy.java:185)
	at org.springframework.beans.factory.support.ConstructorResolver.instantiate(ConstructorResolver.java:653)
	... 61 common frames omitted
Caused by: java.io.IOException: Failed to parse mapping resource: 'file [E:\shixi\springboot\target\classes\mapper\VolunteerTeamDao.xml]'
	at org.mybatis.spring.SqlSessionFactoryBean.buildSqlSessionFactory(SqlSessionFactoryBean.java:700)
	at org.mybatis.spring.SqlSessionFactoryBean.afterPropertiesSet(SqlSessionFactoryBean.java:577)
	at org.mybatis.spring.SqlSessionFactoryBean.getObject(SqlSessionFactoryBean.java:720)
	at org.mybatis.spring.boot.autoconfigure.MybatisAutoConfiguration.sqlSessionFactory(MybatisAutoConfiguration.java:187)
	at org.mybatis.spring.boot.autoconfigure.MybatisAutoConfiguration$$EnhancerBySpringCGLIB$$56e3653.CGLIB$sqlSessionFactory$2(<generated>)
	at org.mybatis.spring.boot.autoconfigure.MybatisAutoConfiguration$$EnhancerBySpringCGLIB$$56e3653$$FastClassBySpringCGLIB$$22558837.invoke(<generated>)
	at org.springframework.cglib.proxy.MethodProxy.invokeSuper(MethodProxy.java:244)
	at org.springframework.context.annotation.ConfigurationClassEnhancer$BeanMethodInterceptor.intercept(ConfigurationClassEnhancer.java:331)
	at org.mybatis.spring.boot.autoconfigure.MybatisAutoConfiguration$$EnhancerBySpringCGLIB$$56e3653.sqlSessionFactory(<generated>)
	at java.base/jdk.internal.reflect.DirectMethodHandleAccessor.invoke(DirectMethodHandleAccessor.java:104)
	at java.base/java.lang.reflect.Method.invoke(Method.java:578)
	at org.springframework.beans.factory.support.SimpleInstantiationStrategy.instantiate(SimpleInstantiationStrategy.java:154)
	... 62 common frames omitted
Caused by: org.apache.ibatis.builder.BuilderException: Error creating document instance.  Cause: org.xml.sax.SAXParseException; lineNumber: 45; columnNumber: 6; 不允许有匹配 "[xX][mM][lL]" 的处理指令目标。
	at org.apache.ibatis.parsing.XPathParser.createDocument(XPathParser.java:262)
	at org.apache.ibatis.parsing.XPathParser.<init>(XPathParser.java:127)
	at org.apache.ibatis.builder.xml.XMLMapperBuilder.<init>(XMLMapperBuilder.java:85)
	at org.mybatis.spring.SqlSessionFactoryBean.buildSqlSessionFactory(SqlSessionFactoryBean.java:697)
	... 73 common frames omitted
Caused by: org.xml.sax.SAXParseException: 不允许有匹配 "[xX][mM][lL]" 的处理指令目标。
	at java.xml/com.sun.org.apache.xerces.internal.util.ErrorHandlerWrapper.createSAXParseException(ErrorHandlerWrapper.java:204)
	at java.xml/com.sun.org.apache.xerces.internal.util.ErrorHandlerWrapper.fatalError(ErrorHandlerWrapper.java:178)
	at java.xml/com.sun.org.apache.xerces.internal.impl.XMLErrorReporter.reportError(XMLErrorReporter.java:400)
	at java.xml/com.sun.org.apache.xerces.internal.impl.XMLErrorReporter.reportError(XMLErrorReporter.java:327)
	at java.xml/com.sun.org.apache.xerces.internal.impl.XMLScanner.reportFatalError(XMLScanner.java:1465)
	at java.xml/com.sun.org.apache.xerces.internal.impl.XMLScanner.scanPIData(XMLScanner.java:745)
	at java.xml/com.sun.org.apache.xerces.internal.impl.XMLDocumentFragmentScannerImpl.scanPIData(XMLDocumentFragmentScannerImpl.java:1059)
	at java.xml/com.sun.org.apache.xerces.internal.impl.XMLScanner.scanPI(XMLScanner.java:713)
	at java.xml/com.sun.org.apache.xerces.internal.impl.XMLDocumentScannerImpl$PrologDriver.next(XMLDocumentScannerImpl.java:891)
	at java.xml/com.sun.org.apache.xerces.internal.impl.XMLDocumentScannerImpl.next(XMLDocumentScannerImpl.java:605)
	at java.xml/com.sun.org.apache.xerces.internal.impl.XMLDocumentFragmentScannerImpl.scanDocument(XMLDocumentFragmentScannerImpl.java:542)
	at java.xml/com.sun.org.apache.xerces.internal.parsers.XML11Configuration.parse(XML11Configuration.java:889)
	at java.xml/com.sun.org.apache.xerces.internal.parsers.XML11Configuration.parse(XML11Configuration.java:825)
	at java.xml/com.sun.org.apache.xerces.internal.parsers.XMLParser.parse(XMLParser.java:141)
	at java.xml/com.sun.org.apache.xerces.internal.parsers.DOMParser.parse(DOMParser.java:247)
	at java.xml/com.sun.org.apache.xerces.internal.jaxp.DocumentBuilderImpl.parse(DocumentBuilderImpl.java:342)
	at org.apache.ibatis.parsing.XPathParser.createDocument(XPathParser.java:260)
	... 76 common frames omitted
[INFO]2024-07-02 11:12:58,107 - Starting SpringbootApplication using Java 20.0.1 on LAPTOP-L2BN52PD with PID 6272 (E:\shixi\springboot\target\classes started by jiaoy in E:\shixi\springboot)
[INFO]2024-07-02 11:12:58,109 - No active profile set, falling back to 1 default profile: "default"
[INFO]2024-07-02 11:12:58,163 - Devtools property defaults active! Set 'spring.devtools.add-properties' to 'false' to disable
[INFO]2024-07-02 11:12:58,163 - For additional web related logging consider setting the 'logging.level.web' property to 'DEBUG'
[INFO]2024-07-02 11:12:58,837 - Multiple Spring Data modules found, entering strict repository configuration mode
[INFO]2024-07-02 11:12:58,837 - Bootstrapping Spring Data JPA repositories in DEFAULT mode.
[INFO]2024-07-02 11:12:58,853 - Finished Spring Data repository scanning in 7 ms. Found 0 JPA repository interfaces.
[INFO]2024-07-02 11:12:58,869 - Multiple Spring Data modules found, entering strict repository configuration mode
[INFO]2024-07-02 11:12:58,870 - Bootstrapping Spring Data Redis repositories in DEFAULT mode.
[INFO]2024-07-02 11:12:58,883 - Finished Spring Data repository scanning in 3 ms. Found 0 Redis repository interfaces.
[INFO]2024-07-02 11:12:59,439 - Tomcat initialized with port(s): 8080 (http)
[INFO]2024-07-02 11:12:59,440 - Loaded Apache Tomcat Native library [1.3.0] using APR version [1.7.4].
[INFO]2024-07-02 11:12:59,440 - APR capabilities: IPv6 [true], sendfile [true], accept filters [false], random [true], UDS [true].
[INFO]2024-07-02 11:12:59,440 - APR/OpenSSL configuration: useAprConnector [false], useOpenSSL [true]
[INFO]2024-07-02 11:12:59,465 - OpenSSL successfully initialized [OpenSSL 3.0.13 30 Jan 2024]
[INFO]2024-07-02 11:12:59,470 - Initializing ProtocolHandler ["http-nio-8080"]
[INFO]2024-07-02 11:12:59,472 - Starting service [Tomcat]
[INFO]2024-07-02 11:12:59,472 - Starting Servlet engine: [Apache Tomcat/9.0.76]
[INFO]2024-07-02 11:12:59,541 - Initializing Spring embedded WebApplicationContext
[INFO]2024-07-02 11:12:59,542 - Root WebApplicationContext: initialization completed in 1378 ms
[INFO]2024-07-02 11:12:59,681 - HikariPool-1 - Starting...
[WARN]2024-07-02 11:12:59,683 - Registered driver with driverClassName=com.mysql.jdbc.Driver was not found, trying direct instantiation.
[INFO]2024-07-02 11:12:59,784 - HikariPool-1 - Start completed.
[INFO]2024-07-02 11:12:59,882 - HHH000412: Hibernate ORM core version 5.6.15.Final
[INFO]2024-07-02 11:13:00,003 - HCANN000001: Hibernate Commons Annotations {5.1.2.Final}
[INFO]2024-07-02 11:13:00,115 - HHH000400: Using dialect: org.hibernate.dialect.MySQL55Dialect
[INFO]2024-07-02 11:13:00,253 - HHH000490: Using JtaPlatform implementation: [org.hibernate.engine.transaction.jta.platform.internal.NoJtaPlatform]
[INFO]2024-07-02 11:13:00,266 - Initialized JPA EntityManagerFactory for persistence unit 'default'
[INFO]2024-07-02 11:13:00,797 - 自定义Redis配置--
[WARN]2024-07-02 11:13:00,845 - spring.jpa.open-in-view is enabled by default. Therefore, database queries may be performed during view rendering. Explicitly configure spring.jpa.open-in-view to disable this warning
[INFO]2024-07-02 11:13:00,979 - Adding welcome page template: index
[INFO]2024-07-02 11:13:01,233 - LiveReload server is running on port 35729
[INFO]2024-07-02 11:13:01,251 - Starting ProtocolHandler ["http-nio-8080"]
[INFO]2024-07-02 11:13:01,266 - Tomcat started on port(s): 8080 (http) with context path ''
[INFO]2024-07-02 11:13:01,280 - Started SpringbootApplication in 3.613 seconds (JVM running for 4.399)
[INFO]2024-07-02 11:13:19,167 - Initializing Spring DispatcherServlet 'dispatcherServlet'
[INFO]2024-07-02 11:13:19,167 - Initializing Servlet 'dispatcherServlet'
[INFO]2024-07-02 11:13:19,168 - Completed initialization in 1 ms
[WARN]2024-07-02 11:13:58,317 - Resolved [org.springframework.web.HttpRequestMethodNotSupportedException: Request method 'GET' not supported]
[WARN]2024-07-02 11:16:21,743 - Resolved [org.springframework.web.bind.MissingServletRequestParameterException: Required request parameter 'teamId' for method parameter type String is not present]
[WARN]2024-07-02 11:16:37,862 - Resolved [org.springframework.web.bind.MissingServletRequestParameterException: Required request parameter 'teamId' for method parameter type String is not present]
[INFO]2024-07-02 11:18:12,305 - Closing JPA EntityManagerFactory for persistence unit 'default'
[INFO]2024-07-02 11:18:12,307 - HikariPool-1 - Shutdown initiated...
[INFO]2024-07-02 11:18:12,312 - HikariPool-1 - Shutdown completed.
[INFO]2024-07-02 11:18:17,529 - Starting SpringbootApplication using Java 20.0.1 on LAPTOP-L2BN52PD with PID 50524 (E:\shixi\springboot\target\classes started by jiaoy in E:\shixi\springboot)
[INFO]2024-07-02 11:18:17,530 - No active profile set, falling back to 1 default profile: "default"
[INFO]2024-07-02 11:18:17,575 - Devtools property defaults active! Set 'spring.devtools.add-properties' to 'false' to disable
[INFO]2024-07-02 11:18:17,575 - For additional web related logging consider setting the 'logging.level.web' property to 'DEBUG'
[INFO]2024-07-02 11:18:18,163 - Multiple Spring Data modules found, entering strict repository configuration mode
[INFO]2024-07-02 11:18:18,163 - Bootstrapping Spring Data JPA repositories in DEFAULT mode.
[INFO]2024-07-02 11:18:18,176 - Finished Spring Data repository scanning in 7 ms. Found 0 JPA repository interfaces.
[INFO]2024-07-02 11:18:18,187 - Multiple Spring Data modules found, entering strict repository configuration mode
[INFO]2024-07-02 11:18:18,187 - Bootstrapping Spring Data Redis repositories in DEFAULT mode.
[INFO]2024-07-02 11:18:18,195 - Finished Spring Data repository scanning in 2 ms. Found 0 Redis repository interfaces.
[INFO]2024-07-02 11:18:18,622 - Tomcat initialized with port(s): 8080 (http)
[INFO]2024-07-02 11:18:18,623 - Loaded Apache Tomcat Native library [1.3.0] using APR version [1.7.4].
[INFO]2024-07-02 11:18:18,623 - APR capabilities: IPv6 [true], sendfile [true], accept filters [false], random [true], UDS [true].
[INFO]2024-07-02 11:18:18,623 - APR/OpenSSL configuration: useAprConnector [false], useOpenSSL [true]
[INFO]2024-07-02 11:18:18,628 - OpenSSL successfully initialized [OpenSSL 3.0.13 30 Jan 2024]
[INFO]2024-07-02 11:18:18,633 - Initializing ProtocolHandler ["http-nio-8080"]
[INFO]2024-07-02 11:18:18,634 - Starting service [Tomcat]
[INFO]2024-07-02 11:18:18,634 - Starting Servlet engine: [Apache Tomcat/9.0.76]
[INFO]2024-07-02 11:18:18,688 - Initializing Spring embedded WebApplicationContext
[INFO]2024-07-02 11:18:18,688 - Root WebApplicationContext: initialization completed in 1113 ms
[INFO]2024-07-02 11:18:18,791 - HikariPool-1 - Starting...
[WARN]2024-07-02 11:18:18,792 - Registered driver with driverClassName=com.mysql.jdbc.Driver was not found, trying direct instantiation.
[INFO]2024-07-02 11:18:18,871 - HikariPool-1 - Start completed.
[INFO]2024-07-02 11:18:18,946 - HHH000412: Hibernate ORM core version 5.6.15.Final
[INFO]2024-07-02 11:18:19,044 - HCANN000001: Hibernate Commons Annotations {5.1.2.Final}
[INFO]2024-07-02 11:18:19,122 - HHH000400: Using dialect: org.hibernate.dialect.MySQL55Dialect
[INFO]2024-07-02 11:18:19,216 - HHH000490: Using JtaPlatform implementation: [org.hibernate.engine.transaction.jta.platform.internal.NoJtaPlatform]
[INFO]2024-07-02 11:18:19,225 - Initialized JPA EntityManagerFactory for persistence unit 'default'
[INFO]2024-07-02 11:18:19,635 - 自定义Redis配置--
[WARN]2024-07-02 11:18:19,690 - spring.jpa.open-in-view is enabled by default. Therefore, database queries may be performed during view rendering. Explicitly configure spring.jpa.open-in-view to disable this warning
[INFO]2024-07-02 11:18:19,813 - Adding welcome page template: index
[INFO]2024-07-02 11:18:20,069 - LiveReload server is running on port 35729
[INFO]2024-07-02 11:18:20,090 - Starting ProtocolHandler ["http-nio-8080"]
[INFO]2024-07-02 11:18:20,106 - Tomcat started on port(s): 8080 (http) with context path ''
[INFO]2024-07-02 11:18:20,120 - Started SpringbootApplication in 2.906 seconds (JVM running for 3.484)
[INFO]2024-07-02 11:18:23,063 - Initializing Spring DispatcherServlet 'dispatcherServlet'
[INFO]2024-07-02 11:18:23,063 - Initializing Servlet 'dispatcherServlet'
[INFO]2024-07-02 11:18:23,064 - Completed initialization in 1 ms
[WARN]2024-07-02 11:18:23,158 - Resolved [org.springframework.web.bind.MissingServletRequestParameterException: Required request parameter 'teamId' for method parameter type String is not present]
[WARN]2024-07-02 11:19:47,487 - Resolved [org.springframework.web.bind.MissingServletRequestParameterException: Required request parameter 'teamId' for method parameter type String is not present]
[WARN]2024-07-02 11:21:38,884 - Resolved [org.springframework.web.bind.MissingServletRequestParameterException: Required request parameter 'teamId' for method parameter type String is not present]
[INFO]2024-07-02 11:22:35,420 - Closing JPA EntityManagerFactory for persistence unit 'default'
[INFO]2024-07-02 11:22:35,423 - HikariPool-1 - Shutdown initiated...
[INFO]2024-07-02 11:22:35,427 - HikariPool-1 - Shutdown completed.
[INFO]2024-07-02 11:22:40,751 - Starting SpringbootApplication using Java 20.0.1 on LAPTOP-L2BN52PD with PID 11176 (E:\shixi\springboot\target\classes started by jiaoy in E:\shixi\springboot)
[INFO]2024-07-02 11:22:40,752 - No active profile set, falling back to 1 default profile: "default"
[INFO]2024-07-02 11:22:40,792 - Devtools property defaults active! Set 'spring.devtools.add-properties' to 'false' to disable
[INFO]2024-07-02 11:22:40,792 - For additional web related logging consider setting the 'logging.level.web' property to 'DEBUG'
[INFO]2024-07-02 11:22:41,372 - Multiple Spring Data modules found, entering strict repository configuration mode
[INFO]2024-07-02 11:22:41,372 - Bootstrapping Spring Data JPA repositories in DEFAULT mode.
[INFO]2024-07-02 11:22:41,386 - Finished Spring Data repository scanning in 8 ms. Found 0 JPA repository interfaces.
[INFO]2024-07-02 11:22:41,397 - Multiple Spring Data modules found, entering strict repository configuration mode
[INFO]2024-07-02 11:22:41,398 - Bootstrapping Spring Data Redis repositories in DEFAULT mode.
[INFO]2024-07-02 11:22:41,408 - Finished Spring Data repository scanning in 3 ms. Found 0 Redis repository interfaces.
[INFO]2024-07-02 11:22:41,895 - Tomcat initialized with port(s): 8080 (http)
[INFO]2024-07-02 11:22:41,896 - Loaded Apache Tomcat Native library [1.3.0] using APR version [1.7.4].
[INFO]2024-07-02 11:22:41,896 - APR capabilities: IPv6 [true], sendfile [true], accept filters [false], random [true], UDS [true].
[INFO]2024-07-02 11:22:41,896 - APR/OpenSSL configuration: useAprConnector [false], useOpenSSL [true]
[INFO]2024-07-02 11:22:41,901 - OpenSSL successfully initialized [OpenSSL 3.0.13 30 Jan 2024]
[INFO]2024-07-02 11:22:41,907 - Initializing ProtocolHandler ["http-nio-8080"]
[INFO]2024-07-02 11:22:41,908 - Starting service [Tomcat]
[INFO]2024-07-02 11:22:41,908 - Starting Servlet engine: [Apache Tomcat/9.0.76]
[INFO]2024-07-02 11:22:41,973 - Initializing Spring embedded WebApplicationContext
[INFO]2024-07-02 11:22:41,973 - Root WebApplicationContext: initialization completed in 1180 ms
[INFO]2024-07-02 11:22:42,098 - HikariPool-1 - Starting...
[WARN]2024-07-02 11:22:42,101 - Registered driver with driverClassName=com.mysql.jdbc.Driver was not found, trying direct instantiation.
[INFO]2024-07-02 11:22:42,196 - HikariPool-1 - Start completed.
[INFO]2024-07-02 11:22:42,270 - HHH000412: Hibernate ORM core version 5.6.15.Final
[INFO]2024-07-02 11:22:42,375 - HCANN000001: Hibernate Commons Annotations {5.1.2.Final}
[INFO]2024-07-02 11:22:42,446 - HHH000400: Using dialect: org.hibernate.dialect.MySQL55Dialect
[INFO]2024-07-02 11:22:42,527 - HHH000490: Using JtaPlatform implementation: [org.hibernate.engine.transaction.jta.platform.internal.NoJtaPlatform]
[INFO]2024-07-02 11:22:42,535 - Initialized JPA EntityManagerFactory for persistence unit 'default'
[INFO]2024-07-02 11:22:42,922 - 自定义Redis配置--
[WARN]2024-07-02 11:22:42,969 - spring.jpa.open-in-view is enabled by default. Therefore, database queries may be performed during view rendering. Explicitly configure spring.jpa.open-in-view to disable this warning
[INFO]2024-07-02 11:22:43,084 - Adding welcome page template: index
[INFO]2024-07-02 11:22:43,381 - LiveReload server is running on port 35729
[INFO]2024-07-02 11:22:43,403 - Starting ProtocolHandler ["http-nio-8080"]
[INFO]2024-07-02 11:22:43,429 - Tomcat started on port(s): 8080 (http) with context path ''
[INFO]2024-07-02 11:22:43,452 - Started SpringbootApplication in 3.02 seconds (JVM running for 3.655)
[INFO]2024-07-02 11:22:44,379 - Initializing Spring DispatcherServlet 'dispatcherServlet'
[INFO]2024-07-02 11:22:44,379 - Initializing Servlet 'dispatcherServlet'
[INFO]2024-07-02 11:22:44,381 - Completed initialization in 1 ms
[WARN]2024-07-02 11:22:44,396 - Resolved [org.springframework.web.HttpRequestMethodNotSupportedException: Request method 'GET' not supported]
[WARN]2024-07-02 11:23:19,393 - Resolved [org.springframework.http.converter.HttpMessageNotReadableException: JSON parse error: Unexpected character ('}' (code 125)): expected a value; nested exception is com.fasterxml.jackson.core.JsonParseException: Unexpected character ('}' (code 125)): expected a value<EOL> at [Source: (org.springframework.util.StreamUtils$NonClosingInputStream); line: 3, column: 2]]
[WARN]2024-07-02 11:26:57,148 - Resolved [org.springframework.web.HttpRequestMethodNotSupportedException: Request method 'GET' not supported]
[INFO]2024-07-02 11:29:04,169 - Closing JPA EntityManagerFactory for persistence unit 'default'
[INFO]2024-07-02 11:29:04,172 - HikariPool-1 - Shutdown initiated...
[INFO]2024-07-02 11:29:04,180 - HikariPool-1 - Shutdown completed.
[INFO]2024-07-02 11:29:09,204 - Starting SpringbootApplication using Java 20.0.1 on LAPTOP-L2BN52PD with PID 23208 (E:\shixi\springboot\target\classes started by jiaoy in E:\shixi\springboot)
[INFO]2024-07-02 11:29:09,205 - No active profile set, falling back to 1 default profile: "default"
[INFO]2024-07-02 11:29:09,250 - Devtools property defaults active! Set 'spring.devtools.add-properties' to 'false' to disable
[INFO]2024-07-02 11:29:09,250 - For additional web related logging consider setting the 'logging.level.web' property to 'DEBUG'
[INFO]2024-07-02 11:29:09,878 - Multiple Spring Data modules found, entering strict repository configuration mode
[INFO]2024-07-02 11:29:09,878 - Bootstrapping Spring Data JPA repositories in DEFAULT mode.
[INFO]2024-07-02 11:29:09,892 - Finished Spring Data repository scanning in 7 ms. Found 0 JPA repository interfaces.
[INFO]2024-07-02 11:29:09,902 - Multiple Spring Data modules found, entering strict repository configuration mode
[INFO]2024-07-02 11:29:09,903 - Bootstrapping Spring Data Redis repositories in DEFAULT mode.
[INFO]2024-07-02 11:29:09,911 - Finished Spring Data repository scanning in 3 ms. Found 0 Redis repository interfaces.
[INFO]2024-07-02 11:29:10,439 - Tomcat initialized with port(s): 8080 (http)
[INFO]2024-07-02 11:29:10,440 - Loaded Apache Tomcat Native library [1.3.0] using APR version [1.7.4].
[INFO]2024-07-02 11:29:10,440 - APR capabilities: IPv6 [true], sendfile [true], accept filters [false], random [true], UDS [true].
[INFO]2024-07-02 11:29:10,441 - APR/OpenSSL configuration: useAprConnector [false], useOpenSSL [true]
[INFO]2024-07-02 11:29:10,446 - OpenSSL successfully initialized [OpenSSL 3.0.13 30 Jan 2024]
[INFO]2024-07-02 11:29:10,451 - Initializing ProtocolHandler ["http-nio-8080"]
[INFO]2024-07-02 11:29:10,452 - Starting service [Tomcat]
[INFO]2024-07-02 11:29:10,452 - Starting Servlet engine: [Apache Tomcat/9.0.76]
[INFO]2024-07-02 11:29:10,513 - Initializing Spring embedded WebApplicationContext
[INFO]2024-07-02 11:29:10,514 - Root WebApplicationContext: initialization completed in 1263 ms
[INFO]2024-07-02 11:29:10,747 - HikariPool-1 - Starting...
[WARN]2024-07-02 11:29:10,750 - Registered driver with driverClassName=com.mysql.jdbc.Driver was not found, trying direct instantiation.
[INFO]2024-07-02 11:29:10,905 - HikariPool-1 - Start completed.
[INFO]2024-07-02 11:29:11,011 - HHH000412: Hibernate ORM core version 5.6.15.Final
[INFO]2024-07-02 11:29:11,173 - HCANN000001: Hibernate Commons Annotations {5.1.2.Final}
[INFO]2024-07-02 11:29:11,285 - HHH000400: Using dialect: org.hibernate.dialect.MySQL55Dialect
[INFO]2024-07-02 11:29:11,429 - HHH000490: Using JtaPlatform implementation: [org.hibernate.engine.transaction.jta.platform.internal.NoJtaPlatform]
[INFO]2024-07-02 11:29:11,439 - Initialized JPA EntityManagerFactory for persistence unit 'default'
[INFO]2024-07-02 11:29:11,879 - 自定义Redis配置--
[WARN]2024-07-02 11:29:11,929 - spring.jpa.open-in-view is enabled by default. Therefore, database queries may be performed during view rendering. Explicitly configure spring.jpa.open-in-view to disable this warning
[INFO]2024-07-02 11:29:12,044 - Adding welcome page template: index
[INFO]2024-07-02 11:29:12,286 - LiveReload server is running on port 35729
[INFO]2024-07-02 11:29:12,306 - Starting ProtocolHandler ["http-nio-8080"]
[INFO]2024-07-02 11:29:12,320 - Tomcat started on port(s): 8080 (http) with context path ''
[INFO]2024-07-02 11:29:12,333 - Started SpringbootApplication in 3.449 seconds (JVM running for 4.042)
[INFO]2024-07-02 11:29:16,432 - Initializing Spring DispatcherServlet 'dispatcherServlet'
[INFO]2024-07-02 11:29:16,432 - Initializing Servlet 'dispatcherServlet'
[INFO]2024-07-02 11:29:16,433 - Completed initialization in 1 ms
[WARN]2024-07-02 11:29:16,544 - Resolved [org.springframework.http.converter.HttpMessageNotReadableException: JSON parse error: Unexpected character ('}' (code 125)): expected a value; nested exception is com.fasterxml.jackson.core.JsonParseException: Unexpected character ('}' (code 125)): expected a value<EOL> at [Source: (org.springframework.util.StreamUtils$NonClosingInputStream); line: 3, column: 2]]
[INFO]2024-07-02 11:31:02,657 - Closing JPA EntityManagerFactory for persistence unit 'default'
[INFO]2024-07-02 11:31:02,659 - HikariPool-1 - Shutdown initiated...
[INFO]2024-07-02 11:31:02,665 - HikariPool-1 - Shutdown completed.
[INFO]2024-07-02 11:31:07,685 - Starting SpringbootApplication using Java 20.0.1 on LAPTOP-L2BN52PD with PID 51460 (E:\shixi\springboot\target\classes started by jiaoy in E:\shixi\springboot)
[INFO]2024-07-02 11:31:07,686 - No active profile set, falling back to 1 default profile: "default"
[INFO]2024-07-02 11:31:07,731 - Devtools property defaults active! Set 'spring.devtools.add-properties' to 'false' to disable
[INFO]2024-07-02 11:31:07,731 - For additional web related logging consider setting the 'logging.level.web' property to 'DEBUG'
[INFO]2024-07-02 11:31:08,362 - Multiple Spring Data modules found, entering strict repository configuration mode
[INFO]2024-07-02 11:31:08,363 - Bootstrapping Spring Data JPA repositories in DEFAULT mode.
[INFO]2024-07-02 11:31:08,376 - Finished Spring Data repository scanning in 7 ms. Found 0 JPA repository interfaces.
[INFO]2024-07-02 11:31:08,388 - Multiple Spring Data modules found, entering strict repository configuration mode
[INFO]2024-07-02 11:31:08,388 - Bootstrapping Spring Data Redis repositories in DEFAULT mode.
[INFO]2024-07-02 11:31:08,396 - Finished Spring Data repository scanning in 2 ms. Found 0 Redis repository interfaces.
[INFO]2024-07-02 11:31:08,826 - Tomcat initialized with port(s): 8080 (http)
[INFO]2024-07-02 11:31:08,826 - Loaded Apache Tomcat Native library [1.3.0] using APR version [1.7.4].
[INFO]2024-07-02 11:31:08,826 - APR capabilities: IPv6 [true], sendfile [true], accept filters [false], random [true], UDS [true].
[INFO]2024-07-02 11:31:08,826 - APR/OpenSSL configuration: useAprConnector [false], useOpenSSL [true]
[INFO]2024-07-02 11:31:08,831 - OpenSSL successfully initialized [OpenSSL 3.0.13 30 Jan 2024]
[INFO]2024-07-02 11:31:08,835 - Initializing ProtocolHandler ["http-nio-8080"]
[INFO]2024-07-02 11:31:08,836 - Starting service [Tomcat]
[INFO]2024-07-02 11:31:08,837 - Starting Servlet engine: [Apache Tomcat/9.0.76]
[INFO]2024-07-02 11:31:08,891 - Initializing Spring embedded WebApplicationContext
[INFO]2024-07-02 11:31:08,892 - Root WebApplicationContext: initialization completed in 1160 ms
[INFO]2024-07-02 11:31:08,992 - HikariPool-1 - Starting...
[WARN]2024-07-02 11:31:08,994 - Registered driver with driverClassName=com.mysql.jdbc.Driver was not found, trying direct instantiation.
[INFO]2024-07-02 11:31:09,077 - HikariPool-1 - Start completed.
[INFO]2024-07-02 11:31:09,142 - HHH000412: Hibernate ORM core version 5.6.15.Final
[INFO]2024-07-02 11:31:09,225 - HCANN000001: Hibernate Commons Annotations {5.1.2.Final}
[INFO]2024-07-02 11:31:09,289 - HHH000400: Using dialect: org.hibernate.dialect.MySQL55Dialect
[INFO]2024-07-02 11:31:09,373 - HHH000490: Using JtaPlatform implementation: [org.hibernate.engine.transaction.jta.platform.internal.NoJtaPlatform]
[INFO]2024-07-02 11:31:09,380 - Initialized JPA EntityManagerFactory for persistence unit 'default'
[INFO]2024-07-02 11:31:09,793 - 自定义Redis配置--
[WARN]2024-07-02 11:31:09,833 - spring.jpa.open-in-view is enabled by default. Therefore, database queries may be performed during view rendering. Explicitly configure spring.jpa.open-in-view to disable this warning
[INFO]2024-07-02 11:31:09,943 - Adding welcome page template: index
[INFO]2024-07-02 11:31:10,159 - LiveReload server is running on port 35729
[INFO]2024-07-02 11:31:10,177 - Starting ProtocolHandler ["http-nio-8080"]
[INFO]2024-07-02 11:31:10,192 - Tomcat started on port(s): 8080 (http) with context path ''
[INFO]2024-07-02 11:31:10,207 - Started SpringbootApplication in 2.844 seconds (JVM running for 3.439)
[INFO]2024-07-02 11:31:14,858 - Initializing Spring DispatcherServlet 'dispatcherServlet'
[INFO]2024-07-02 11:31:14,858 - Initializing Servlet 'dispatcherServlet'
[INFO]2024-07-02 11:31:14,859 - Completed initialization in 1 ms
[WARN]2024-07-02 11:31:14,963 - Resolved [org.springframework.http.converter.HttpMessageNotReadableException: JSON parse error: Unexpected character ('}' (code 125)): expected a value; nested exception is com.fasterxml.jackson.core.JsonParseException: Unexpected character ('}' (code 125)): expected a value<EOL> at [Source: (org.springframework.util.StreamUtils$NonClosingInputStream); line: 3, column: 2]]
[WARN]2024-07-02 11:31:35,132 - Resolved [org.springframework.web.HttpRequestMethodNotSupportedException: Request method 'GET' not supported]
[WARN]2024-07-02 11:31:36,192 - Resolved [org.springframework.web.HttpRequestMethodNotSupportedException: Request method 'GET' not supported]
[WARN]2024-07-02 11:32:07,606 - Resolved [org.springframework.http.converter.HttpMessageNotReadableException: JSON parse error: Unexpected character ('}' (code 125)): expected a value; nested exception is com.fasterxml.jackson.core.JsonParseException: Unexpected character ('}' (code 125)): expected a value<EOL> at [Source: (org.springframework.util.StreamUtils$NonClosingInputStream); line: 3, column: 2]]
[INFO]2024-07-02 11:34:09,219 - Closing JPA EntityManagerFactory for persistence unit 'default'
[INFO]2024-07-02 11:34:09,229 - HikariPool-1 - Shutdown initiated...
[INFO]2024-07-02 11:34:09,236 - HikariPool-1 - Shutdown completed.
[INFO]2024-07-02 11:36:24,576 - Starting SpringbootApplication using Java 20.0.1 on LAPTOP-L2BN52PD with PID 20452 (E:\shixi\springboot\target\classes started by jiaoy in E:\shixi\springboot)
[INFO]2024-07-02 11:36:24,577 - No active profile set, falling back to 1 default profile: "default"
[INFO]2024-07-02 11:36:24,625 - Devtools property defaults active! Set 'spring.devtools.add-properties' to 'false' to disable
[INFO]2024-07-02 11:36:24,625 - For additional web related logging consider setting the 'logging.level.web' property to 'DEBUG'
[INFO]2024-07-02 11:36:25,200 - Multiple Spring Data modules found, entering strict repository configuration mode
[INFO]2024-07-02 11:36:25,200 - Bootstrapping Spring Data JPA repositories in DEFAULT mode.
[INFO]2024-07-02 11:36:25,212 - Finished Spring Data repository scanning in 6 ms. Found 0 JPA repository interfaces.
[INFO]2024-07-02 11:36:25,221 - Multiple Spring Data modules found, entering strict repository configuration mode
[INFO]2024-07-02 11:36:25,222 - Bootstrapping Spring Data Redis repositories in DEFAULT mode.
[INFO]2024-07-02 11:36:25,229 - Finished Spring Data repository scanning in 2 ms. Found 0 Redis repository interfaces.
[INFO]2024-07-02 11:36:25,648 - Tomcat initialized with port(s): 8080 (http)
[INFO]2024-07-02 11:36:25,649 - Loaded Apache Tomcat Native library [1.3.0] using APR version [1.7.4].
[INFO]2024-07-02 11:36:25,649 - APR capabilities: IPv6 [true], sendfile [true], accept filters [false], random [true], UDS [true].
[INFO]2024-07-02 11:36:25,649 - APR/OpenSSL configuration: useAprConnector [false], useOpenSSL [true]
[INFO]2024-07-02 11:36:25,653 - OpenSSL successfully initialized [OpenSSL 3.0.13 30 Jan 2024]
[INFO]2024-07-02 11:36:25,658 - Initializing ProtocolHandler ["http-nio-8080"]
[INFO]2024-07-02 11:36:25,659 - Starting service [Tomcat]
[INFO]2024-07-02 11:36:25,659 - Starting Servlet engine: [Apache Tomcat/9.0.76]
[INFO]2024-07-02 11:36:25,725 - Initializing Spring embedded WebApplicationContext
[INFO]2024-07-02 11:36:25,725 - Root WebApplicationContext: initialization completed in 1100 ms
[INFO]2024-07-02 11:36:25,827 - HikariPool-1 - Starting...
[WARN]2024-07-02 11:36:25,828 - Registered driver with driverClassName=com.mysql.jdbc.Driver was not found, trying direct instantiation.
[INFO]2024-07-02 11:36:25,915 - HikariPool-1 - Start completed.
[INFO]2024-07-02 11:36:25,968 - HHH000412: Hibernate ORM core version 5.6.15.Final
[INFO]2024-07-02 11:36:26,051 - HCANN000001: Hibernate Commons Annotations {5.1.2.Final}
[INFO]2024-07-02 11:36:26,118 - HHH000400: Using dialect: org.hibernate.dialect.MySQL55Dialect
[INFO]2024-07-02 11:36:26,201 - HHH000490: Using JtaPlatform implementation: [org.hibernate.engine.transaction.jta.platform.internal.NoJtaPlatform]
[INFO]2024-07-02 11:36:26,209 - Initialized JPA EntityManagerFactory for persistence unit 'default'
[INFO]2024-07-02 11:36:26,603 - 自定义Redis配置--
[WARN]2024-07-02 11:36:26,645 - spring.jpa.open-in-view is enabled by default. Therefore, database queries may be performed during view rendering. Explicitly configure spring.jpa.open-in-view to disable this warning
[INFO]2024-07-02 11:36:26,749 - Adding welcome page template: index
[INFO]2024-07-02 11:36:26,970 - LiveReload server is running on port 35729
[INFO]2024-07-02 11:36:26,986 - Starting ProtocolHandler ["http-nio-8080"]
[INFO]2024-07-02 11:36:27,000 - Tomcat started on port(s): 8080 (http) with context path ''
[INFO]2024-07-02 11:36:27,016 - Started SpringbootApplication in 2.763 seconds (JVM running for 3.389)
[INFO]2024-07-02 11:36:30,349 - Initializing Spring DispatcherServlet 'dispatcherServlet'
[INFO]2024-07-02 11:36:30,349 - Initializing Servlet 'dispatcherServlet'
[INFO]2024-07-02 11:36:30,351 - Completed initialization in 2 ms
[WARN]2024-07-02 11:36:30,443 - Resolved [org.springframework.http.converter.HttpMessageNotReadableException: JSON parse error: Unexpected character ('}' (code 125)): expected a value; nested exception is com.fasterxml.jackson.core.JsonParseException: Unexpected character ('}' (code 125)): expected a value<EOL> at [Source: (org.springframework.util.StreamUtils$NonClosingInputStream); line: 3, column: 2]]
[WARN]2024-07-02 11:37:07,486 - Resolved [org.springframework.http.converter.HttpMessageNotReadableException: JSON parse error: Unexpected character ('}' (code 125)): expected a value; nested exception is com.fasterxml.jackson.core.JsonParseException: Unexpected character ('}' (code 125)): expected a value<EOL> at [Source: (org.springframework.util.StreamUtils$NonClosingInputStream); line: 3, column: 2]]
[INFO]2024-07-02 11:37:44,063 - Closing JPA EntityManagerFactory for persistence unit 'default'
[INFO]2024-07-02 11:37:44,065 - HikariPool-1 - Shutdown initiated...
[INFO]2024-07-02 11:37:44,076 - HikariPool-1 - Shutdown completed.
[INFO]2024-07-02 11:37:48,904 - Starting SpringbootApplication using Java 20.0.1 on LAPTOP-L2BN52PD with PID 48032 (E:\shixi\springboot\target\classes started by jiaoy in E:\shixi\springboot)
[INFO]2024-07-02 11:37:48,905 - No active profile set, falling back to 1 default profile: "default"
[INFO]2024-07-02 11:37:48,950 - Devtools property defaults active! Set 'spring.devtools.add-properties' to 'false' to disable
[INFO]2024-07-02 11:37:48,950 - For additional web related logging consider setting the 'logging.level.web' property to 'DEBUG'
[INFO]2024-07-02 11:37:49,534 - Multiple Spring Data modules found, entering strict repository configuration mode
[INFO]2024-07-02 11:37:49,534 - Bootstrapping Spring Data JPA repositories in DEFAULT mode.
[INFO]2024-07-02 11:37:49,548 - Finished Spring Data repository scanning in 7 ms. Found 0 JPA repository interfaces.
[INFO]2024-07-02 11:37:49,558 - Multiple Spring Data modules found, entering strict repository configuration mode
[INFO]2024-07-02 11:37:49,559 - Bootstrapping Spring Data Redis repositories in DEFAULT mode.
[INFO]2024-07-02 11:37:49,567 - Finished Spring Data repository scanning in 2 ms. Found 0 Redis repository interfaces.
[INFO]2024-07-02 11:37:49,994 - Tomcat initialized with port(s): 8080 (http)
[INFO]2024-07-02 11:37:49,994 - Loaded Apache Tomcat Native library [1.3.0] using APR version [1.7.4].
[INFO]2024-07-02 11:37:49,994 - APR capabilities: IPv6 [true], sendfile [true], accept filters [false], random [true], UDS [true].
[INFO]2024-07-02 11:37:49,994 - APR/OpenSSL configuration: useAprConnector [false], useOpenSSL [true]
[INFO]2024-07-02 11:37:49,999 - OpenSSL successfully initialized [OpenSSL 3.0.13 30 Jan 2024]
[INFO]2024-07-02 11:37:50,004 - Initializing ProtocolHandler ["http-nio-8080"]
[INFO]2024-07-02 11:37:50,005 - Starting service [Tomcat]
[INFO]2024-07-02 11:37:50,005 - Starting Servlet engine: [Apache Tomcat/9.0.76]
[INFO]2024-07-02 11:37:50,067 - Initializing Spring embedded WebApplicationContext
[INFO]2024-07-02 11:37:50,067 - Root WebApplicationContext: initialization completed in 1116 ms
[INFO]2024-07-02 11:37:50,190 - HikariPool-1 - Starting...
[WARN]2024-07-02 11:37:50,192 - Registered driver with driverClassName=com.mysql.jdbc.Driver was not found, trying direct instantiation.
[INFO]2024-07-02 11:37:50,291 - HikariPool-1 - Start completed.
[INFO]2024-07-02 11:37:50,344 - HHH000412: Hibernate ORM core version 5.6.15.Final
[INFO]2024-07-02 11:37:50,428 - HCANN000001: Hibernate Commons Annotations {5.1.2.Final}
[INFO]2024-07-02 11:37:50,491 - HHH000400: Using dialect: org.hibernate.dialect.MySQL55Dialect
[INFO]2024-07-02 11:37:50,581 - HHH000490: Using JtaPlatform implementation: [org.hibernate.engine.transaction.jta.platform.internal.NoJtaPlatform]
[INFO]2024-07-02 11:37:50,588 - Initialized JPA EntityManagerFactory for persistence unit 'default'
[INFO]2024-07-02 11:37:51,016 - 自定义Redis配置--
[WARN]2024-07-02 11:37:51,060 - spring.jpa.open-in-view is enabled by default. Therefore, database queries may be performed during view rendering. Explicitly configure spring.jpa.open-in-view to disable this warning
[INFO]2024-07-02 11:37:51,183 - Adding welcome page template: index
[INFO]2024-07-02 11:37:51,389 - LiveReload server is running on port 35729
[INFO]2024-07-02 11:37:51,408 - Starting ProtocolHandler ["http-nio-8080"]
[INFO]2024-07-02 11:37:51,424 - Tomcat started on port(s): 8080 (http) with context path ''
[INFO]2024-07-02 11:37:51,440 - Started SpringbootApplication in 2.858 seconds (JVM running for 3.609)
[INFO]2024-07-02 11:37:52,646 - Initializing Spring DispatcherServlet 'dispatcherServlet'
[INFO]2024-07-02 11:37:52,646 - Initializing Servlet 'dispatcherServlet'
[INFO]2024-07-02 11:37:52,648 - Completed initialization in 2 ms
[WARN]2024-07-02 11:38:00,882 - Resolved [org.springframework.http.converter.HttpMessageNotReadableException: JSON parse error: Unexpected character ('}' (code 125)): expected a value; nested exception is com.fasterxml.jackson.core.JsonParseException: Unexpected character ('}' (code 125)): expected a value<EOL> at [Source: (org.springframework.util.StreamUtils$NonClosingInputStream); line: 3, column: 2]]
[INFO]2024-07-02 11:42:29,503 - Closing JPA EntityManagerFactory for persistence unit 'default'
[INFO]2024-07-02 11:42:29,505 - HikariPool-1 - Shutdown initiated...
[INFO]2024-07-02 11:42:29,510 - HikariPool-1 - Shutdown completed.
[INFO]2024-07-02 11:42:34,313 - Starting SpringbootApplication using Java 20.0.1 on LAPTOP-L2BN52PD with PID 50048 (E:\shixi\springboot\target\classes started by jiaoy in E:\shixi\springboot)
[INFO]2024-07-02 11:42:34,314 - No active profile set, falling back to 1 default profile: "default"
[INFO]2024-07-02 11:42:34,359 - Devtools property defaults active! Set 'spring.devtools.add-properties' to 'false' to disable
[INFO]2024-07-02 11:42:34,359 - For additional web related logging consider setting the 'logging.level.web' property to 'DEBUG'
[INFO]2024-07-02 11:42:34,931 - Multiple Spring Data modules found, entering strict repository configuration mode
[INFO]2024-07-02 11:42:34,931 - Bootstrapping Spring Data JPA repositories in DEFAULT mode.
[INFO]2024-07-02 11:42:34,944 - Finished Spring Data repository scanning in 7 ms. Found 0 JPA repository interfaces.
[INFO]2024-07-02 11:42:34,953 - Multiple Spring Data modules found, entering strict repository configuration mode
[INFO]2024-07-02 11:42:34,954 - Bootstrapping Spring Data Redis repositories in DEFAULT mode.
[INFO]2024-07-02 11:42:34,961 - Finished Spring Data repository scanning in 2 ms. Found 0 Redis repository interfaces.
[INFO]2024-07-02 11:42:35,372 - Tomcat initialized with port(s): 8080 (http)
[INFO]2024-07-02 11:42:35,373 - Loaded Apache Tomcat Native library [1.3.0] using APR version [1.7.4].
[INFO]2024-07-02 11:42:35,373 - APR capabilities: IPv6 [true], sendfile [true], accept filters [false], random [true], UDS [true].
[INFO]2024-07-02 11:42:35,373 - APR/OpenSSL configuration: useAprConnector [false], useOpenSSL [true]
[INFO]2024-07-02 11:42:35,378 - OpenSSL successfully initialized [OpenSSL 3.0.13 30 Jan 2024]
[INFO]2024-07-02 11:42:35,384 - Initializing ProtocolHandler ["http-nio-8080"]
[INFO]2024-07-02 11:42:35,384 - Starting service [Tomcat]
[INFO]2024-07-02 11:42:35,384 - Starting Servlet engine: [Apache Tomcat/9.0.76]
[INFO]2024-07-02 11:42:35,447 - Initializing Spring embedded WebApplicationContext
[INFO]2024-07-02 11:42:35,448 - Root WebApplicationContext: initialization completed in 1089 ms
[INFO]2024-07-02 11:42:35,552 - HikariPool-1 - Starting...
[WARN]2024-07-02 11:42:35,556 - Registered driver with driverClassName=com.mysql.jdbc.Driver was not found, trying direct instantiation.
[INFO]2024-07-02 11:42:35,649 - HikariPool-1 - Start completed.
[INFO]2024-07-02 11:42:35,702 - HHH000412: Hibernate ORM core version 5.6.15.Final
[INFO]2024-07-02 11:42:35,786 - HCANN000001: Hibernate Commons Annotations {5.1.2.Final}
[INFO]2024-07-02 11:42:35,852 - HHH000400: Using dialect: org.hibernate.dialect.MySQL55Dialect
[INFO]2024-07-02 11:42:35,944 - HHH000490: Using JtaPlatform implementation: [org.hibernate.engine.transaction.jta.platform.internal.NoJtaPlatform]
[INFO]2024-07-02 11:42:35,952 - Initialized JPA EntityManagerFactory for persistence unit 'default'
[INFO]2024-07-02 11:42:36,351 - 自定义Redis配置--
[WARN]2024-07-02 11:42:36,402 - spring.jpa.open-in-view is enabled by default. Therefore, database queries may be performed during view rendering. Explicitly configure spring.jpa.open-in-view to disable this warning
[INFO]2024-07-02 11:42:36,517 - Adding welcome page template: index
[INFO]2024-07-02 11:42:36,785 - LiveReload server is running on port 35729
[INFO]2024-07-02 11:42:36,803 - Starting ProtocolHandler ["http-nio-8080"]
[INFO]2024-07-02 11:42:36,817 - Tomcat started on port(s): 8080 (http) with context path ''
[INFO]2024-07-02 11:42:36,831 - Started SpringbootApplication in 2.848 seconds (JVM running for 3.453)
[INFO]2024-07-02 11:42:44,123 - Initializing Spring DispatcherServlet 'dispatcherServlet'
[INFO]2024-07-02 11:42:44,123 - Initializing Servlet 'dispatcherServlet'
[INFO]2024-07-02 11:42:44,124 - Completed initialization in 1 ms
[WARN]2024-07-02 11:42:44,225 - Resolved [org.springframework.http.converter.HttpMessageNotReadableException: JSON parse error: Unexpected character ('}' (code 125)): expected a value; nested exception is com.fasterxml.jackson.core.JsonParseException: Unexpected character ('}' (code 125)): expected a value<EOL> at [Source: (org.springframework.util.StreamUtils$NonClosingInputStream); line: 3, column: 2]]
[WARN]2024-07-02 11:46:54,960 - Resolved [org.springframework.http.converter.HttpMessageNotReadableException: JSON parse error: Unexpected character ('}' (code 125)): expected a value; nested exception is com.fasterxml.jackson.core.JsonParseException: Unexpected character ('}' (code 125)): expected a value<EOL> at [Source: (org.springframework.util.StreamUtils$NonClosingInputStream); line: 3, column: 2]]
[INFO]2024-07-02 11:53:36,250 - Closing JPA EntityManagerFactory for persistence unit 'default'
[INFO]2024-07-02 11:53:36,254 - HikariPool-1 - Shutdown initiated...
[INFO]2024-07-02 11:53:36,260 - HikariPool-1 - Shutdown completed.
[INFO]2024-07-02 11:53:39,194 - Starting SpringbootApplication using Java 20.0.1 on LAPTOP-L2BN52PD with PID 39084 (E:\shixi\springboot\target\classes started by jiaoy in E:\shixi\springboot)
[INFO]2024-07-02 11:53:39,195 - No active profile set, falling back to 1 default profile: "default"
[INFO]2024-07-02 11:53:39,244 - Devtools property defaults active! Set 'spring.devtools.add-properties' to 'false' to disable
[INFO]2024-07-02 11:53:39,244 - For additional web related logging consider setting the 'logging.level.web' property to 'DEBUG'
[INFO]2024-07-02 11:53:39,815 - Multiple Spring Data modules found, entering strict repository configuration mode
[INFO]2024-07-02 11:53:39,816 - Bootstrapping Spring Data JPA repositories in DEFAULT mode.
[INFO]2024-07-02 11:53:39,828 - Finished Spring Data repository scanning in 7 ms. Found 0 JPA repository interfaces.
[INFO]2024-07-02 11:53:39,836 - Multiple Spring Data modules found, entering strict repository configuration mode
[INFO]2024-07-02 11:53:39,838 - Bootstrapping Spring Data Redis repositories in DEFAULT mode.
[INFO]2024-07-02 11:53:39,846 - Finished Spring Data repository scanning in 3 ms. Found 0 Redis repository interfaces.
[INFO]2024-07-02 11:53:40,307 - Tomcat initialized with port(s): 8080 (http)
[INFO]2024-07-02 11:53:40,308 - Loaded Apache Tomcat Native library [1.3.0] using APR version [1.7.4].
[INFO]2024-07-02 11:53:40,309 - APR capabilities: IPv6 [true], sendfile [true], accept filters [false], random [true], UDS [true].
[INFO]2024-07-02 11:53:40,309 - APR/OpenSSL configuration: useAprConnector [false], useOpenSSL [true]
[INFO]2024-07-02 11:53:40,315 - OpenSSL successfully initialized [OpenSSL 3.0.13 30 Jan 2024]
[INFO]2024-07-02 11:53:40,321 - Initializing ProtocolHandler ["http-nio-8080"]
[INFO]2024-07-02 11:53:40,322 - Starting service [Tomcat]
[INFO]2024-07-02 11:53:40,322 - Starting Servlet engine: [Apache Tomcat/9.0.76]
[INFO]2024-07-02 11:53:40,384 - Initializing Spring embedded WebApplicationContext
[INFO]2024-07-02 11:53:40,385 - Root WebApplicationContext: initialization completed in 1141 ms
[INFO]2024-07-02 11:53:40,489 - HikariPool-1 - Starting...
[WARN]2024-07-02 11:53:40,491 - Registered driver with driverClassName=com.mysql.jdbc.Driver was not found, trying direct instantiation.
[INFO]2024-07-02 11:53:40,582 - HikariPool-1 - Start completed.
[INFO]2024-07-02 11:53:40,657 - HHH000412: Hibernate ORM core version 5.6.15.Final
[INFO]2024-07-02 11:53:40,760 - HCANN000001: Hibernate Commons Annotations {5.1.2.Final}
[INFO]2024-07-02 11:53:40,839 - HHH000400: Using dialect: org.hibernate.dialect.MySQL55Dialect
[INFO]2024-07-02 11:53:40,946 - HHH000490: Using JtaPlatform implementation: [org.hibernate.engine.transaction.jta.platform.internal.NoJtaPlatform]
[INFO]2024-07-02 11:53:40,953 - Initialized JPA EntityManagerFactory for persistence unit 'default'
[INFO]2024-07-02 11:53:41,365 - 自定义Redis配置--
[WARN]2024-07-02 11:53:41,407 - spring.jpa.open-in-view is enabled by default. Therefore, database queries may be performed during view rendering. Explicitly configure spring.jpa.open-in-view to disable this warning
[INFO]2024-07-02 11:53:41,518 - Adding welcome page template: index
[INFO]2024-07-02 11:53:41,729 - LiveReload server is running on port 35729
[INFO]2024-07-02 11:53:41,746 - Starting ProtocolHandler ["http-nio-8080"]
[INFO]2024-07-02 11:53:41,762 - Tomcat started on port(s): 8080 (http) with context path ''
[INFO]2024-07-02 11:53:41,776 - Started SpringbootApplication in 2.942 seconds (JVM running for 3.621)
[INFO]2024-07-02 11:53:44,065 - Initializing Spring DispatcherServlet 'dispatcherServlet'
[INFO]2024-07-02 11:53:44,065 - Initializing Servlet 'dispatcherServlet'
[INFO]2024-07-02 11:53:44,066 - Completed initialization in 1 ms
[INFO]2024-07-02 11:54:45,008 - Closing JPA EntityManagerFactory for persistence unit 'default'
[INFO]2024-07-02 11:54:45,010 - HikariPool-1 - Shutdown initiated...
[INFO]2024-07-02 11:54:45,015 - HikariPool-1 - Shutdown completed.
[INFO]2024-07-02 14:38:10,084 - Starting SpringbootApplication using Java 20.0.1 on LAPTOP-L2BN52PD with PID 33964 (E:\shixi\springboot\target\classes started by jiaoy in E:\shixi\springboot)
[INFO]2024-07-02 14:38:10,085 - No active profile set, falling back to 1 default profile: "default"
[INFO]2024-07-02 14:38:10,129 - Devtools property defaults active! Set 'spring.devtools.add-properties' to 'false' to disable
[INFO]2024-07-02 14:38:10,129 - For additional web related logging consider setting the 'logging.level.web' property to 'DEBUG'
[INFO]2024-07-02 14:38:11,215 - Multiple Spring Data modules found, entering strict repository configuration mode
[INFO]2024-07-02 14:38:11,215 - Bootstrapping Spring Data JPA repositories in DEFAULT mode.
[INFO]2024-07-02 14:38:11,236 - Finished Spring Data repository scanning in 10 ms. Found 0 JPA repository interfaces.
[INFO]2024-07-02 14:38:11,253 - Multiple Spring Data modules found, entering strict repository configuration mode
[INFO]2024-07-02 14:38:11,254 - Bootstrapping Spring Data Redis repositories in DEFAULT mode.
[INFO]2024-07-02 14:38:11,267 - Finished Spring Data repository scanning in 4 ms. Found 0 Redis repository interfaces.
[INFO]2024-07-02 14:38:11,855 - Tomcat initialized with port(s): 8080 (http)
[INFO]2024-07-02 14:38:11,855 - Loaded Apache Tomcat Native library [1.3.0] using APR version [1.7.4].
[INFO]2024-07-02 14:38:11,856 - APR capabilities: IPv6 [true], sendfile [true], accept filters [false], random [true], UDS [true].
[INFO]2024-07-02 14:38:11,856 - APR/OpenSSL configuration: useAprConnector [false], useOpenSSL [true]
[INFO]2024-07-02 14:38:11,861 - OpenSSL successfully initialized [OpenSSL 3.0.13 30 Jan 2024]
[INFO]2024-07-02 14:38:11,866 - Initializing ProtocolHandler ["http-nio-8080"]
[INFO]2024-07-02 14:38:11,868 - Starting service [Tomcat]
[INFO]2024-07-02 14:38:11,868 - Starting Servlet engine: [Apache Tomcat/9.0.76]
[INFO]2024-07-02 14:38:11,937 - Initializing Spring embedded WebApplicationContext
[INFO]2024-07-02 14:38:11,937 - Root WebApplicationContext: initialization completed in 1807 ms
[INFO]2024-07-02 14:38:12,081 - HikariPool-1 - Starting...
[WARN]2024-07-02 14:38:12,084 - Registered driver with driverClassName=com.mysql.jdbc.Driver was not found, trying direct instantiation.
[INFO]2024-07-02 14:38:12,186 - HikariPool-1 - Start completed.
[INFO]2024-07-02 14:38:12,295 - HHH000412: Hibernate ORM core version 5.6.15.Final
[INFO]2024-07-02 14:38:12,406 - HCANN000001: Hibernate Commons Annotations {5.1.2.Final}
[INFO]2024-07-02 14:38:12,514 - HHH000400: Using dialect: org.hibernate.dialect.MySQL55Dialect
[INFO]2024-07-02 14:38:12,631 - HHH000490: Using JtaPlatform implementation: [org.hibernate.engine.transaction.jta.platform.internal.NoJtaPlatform]
[INFO]2024-07-02 14:38:12,642 - Initialized JPA EntityManagerFactory for persistence unit 'default'
[INFO]2024-07-02 14:38:13,302 - 自定义Redis配置--
[WARN]2024-07-02 14:38:13,365 - spring.jpa.open-in-view is enabled by default. Therefore, database queries may be performed during view rendering. Explicitly configure spring.jpa.open-in-view to disable this warning
[INFO]2024-07-02 14:38:13,512 - Adding welcome page template: index
[INFO]2024-07-02 14:38:13,788 - LiveReload server is running on port 35729
[INFO]2024-07-02 14:38:13,806 - Starting ProtocolHandler ["http-nio-8080"]
[INFO]2024-07-02 14:38:13,821 - Tomcat started on port(s): 8080 (http) with context path ''
[INFO]2024-07-02 14:38:13,837 - Started SpringbootApplication in 4.149 seconds (JVM running for 7.565)
[INFO]2024-07-02 14:39:11,717 - Initializing Spring DispatcherServlet 'dispatcherServlet'
[INFO]2024-07-02 14:39:11,717 - Initializing Servlet 'dispatcherServlet'
[INFO]2024-07-02 14:39:11,718 - Completed initialization in 1 ms
[WARN]2024-07-02 14:39:24,319 - Resolved [org.springframework.http.converter.HttpMessageNotReadableException: JSON parse error: Illegal unquoted character ((CTRL-CHAR, code 13)): has to be escaped using backslash to be included in name; nested exception is com.fasterxml.jackson.core.JsonParseException: Illegal unquoted character ((CTRL-CHAR, code 13)): has to be escaped using backslash to be included in name<EOL> at [Source: (org.springframework.util.StreamUtils$NonClosingInputStream); line: 4, column: 7]]
[INFO]2024-07-02 14:41:00,298 - Closing JPA EntityManagerFactory for persistence unit 'default'
[INFO]2024-07-02 14:41:00,301 - HikariPool-1 - Shutdown initiated...
[INFO]2024-07-02 14:41:00,308 - HikariPool-1 - Shutdown completed.
[INFO]2024-07-02 14:41:05,574 - Starting SpringbootApplication using Java 20.0.1 on LAPTOP-L2BN52PD with PID 50196 (E:\shixi\springboot\target\classes started by jiaoy in E:\shixi\springboot)
[INFO]2024-07-02 14:41:05,574 - No active profile set, falling back to 1 default profile: "default"
[INFO]2024-07-02 14:41:05,621 - Devtools property defaults active! Set 'spring.devtools.add-properties' to 'false' to disable
[INFO]2024-07-02 14:41:05,621 - For additional web related logging consider setting the 'logging.level.web' property to 'DEBUG'
[INFO]2024-07-02 14:41:06,246 - Multiple Spring Data modules found, entering strict repository configuration mode
[INFO]2024-07-02 14:41:06,246 - Bootstrapping Spring Data JPA repositories in DEFAULT mode.
[INFO]2024-07-02 14:41:06,260 - Finished Spring Data repository scanning in 7 ms. Found 0 JPA repository interfaces.
[INFO]2024-07-02 14:41:06,272 - Multiple Spring Data modules found, entering strict repository configuration mode
[INFO]2024-07-02 14:41:06,274 - Bootstrapping Spring Data Redis repositories in DEFAULT mode.
[INFO]2024-07-02 14:41:06,284 - Finished Spring Data repository scanning in 3 ms. Found 0 Redis repository interfaces.
[INFO]2024-07-02 14:41:06,761 - Tomcat initialized with port(s): 8080 (http)
[INFO]2024-07-02 14:41:06,762 - Loaded Apache Tomcat Native library [1.3.0] using APR version [1.7.4].
[INFO]2024-07-02 14:41:06,762 - APR capabilities: IPv6 [true], sendfile [true], accept filters [false], random [true], UDS [true].
[INFO]2024-07-02 14:41:06,762 - APR/OpenSSL configuration: useAprConnector [false], useOpenSSL [true]
[INFO]2024-07-02 14:41:06,767 - OpenSSL successfully initialized [OpenSSL 3.0.13 30 Jan 2024]
[INFO]2024-07-02 14:41:06,772 - Initializing ProtocolHandler ["http-nio-8080"]
[INFO]2024-07-02 14:41:06,772 - Starting service [Tomcat]
[INFO]2024-07-02 14:41:06,772 - Starting Servlet engine: [Apache Tomcat/9.0.76]
[INFO]2024-07-02 14:41:06,832 - Initializing Spring embedded WebApplicationContext
[INFO]2024-07-02 14:41:06,832 - Root WebApplicationContext: initialization completed in 1211 ms
[INFO]2024-07-02 14:41:06,949 - HikariPool-1 - Starting...
[WARN]2024-07-02 14:41:06,950 - Registered driver with driverClassName=com.mysql.jdbc.Driver was not found, trying direct instantiation.
[INFO]2024-07-02 14:41:07,046 - HikariPool-1 - Start completed.
[INFO]2024-07-02 14:41:07,101 - HHH000412: Hibernate ORM core version 5.6.15.Final
[INFO]2024-07-02 14:41:07,191 - HCANN000001: Hibernate Commons Annotations {5.1.2.Final}
[INFO]2024-07-02 14:41:07,260 - HHH000400: Using dialect: org.hibernate.dialect.MySQL55Dialect
[INFO]2024-07-02 14:41:07,346 - HHH000490: Using JtaPlatform implementation: [org.hibernate.engine.transaction.jta.platform.internal.NoJtaPlatform]
[INFO]2024-07-02 14:41:07,353 - Initialized JPA EntityManagerFactory for persistence unit 'default'
[INFO]2024-07-02 14:41:07,767 - 自定义Redis配置--
[WARN]2024-07-02 14:41:07,814 - spring.jpa.open-in-view is enabled by default. Therefore, database queries may be performed during view rendering. Explicitly configure spring.jpa.open-in-view to disable this warning
[INFO]2024-07-02 14:41:07,941 - Adding welcome page template: index
[INFO]2024-07-02 14:41:08,167 - LiveReload server is running on port 35729
[INFO]2024-07-02 14:41:08,184 - Starting ProtocolHandler ["http-nio-8080"]
[INFO]2024-07-02 14:41:08,199 - Tomcat started on port(s): 8080 (http) with context path ''
[INFO]2024-07-02 14:41:08,215 - Started SpringbootApplication in 2.971 seconds (JVM running for 3.59)
[INFO]2024-07-02 14:41:28,487 - Initializing Spring DispatcherServlet 'dispatcherServlet'
[INFO]2024-07-02 14:41:28,487 - Initializing Servlet 'dispatcherServlet'
[INFO]2024-07-02 14:41:28,488 - Completed initialization in 1 ms
[WARN]2024-07-02 14:49:26,037 - Resolved [org.springframework.web.HttpMediaTypeNotSupportedException: Content type 'application/x-www-form-urlencoded;charset=UTF-8' not supported]
[WARN]2024-07-02 14:49:26,037 - Resolved [org.springframework.web.HttpMediaTypeNotSupportedException: Content type 'application/x-www-form-urlencoded;charset=UTF-8' not supported]
[WARN]2024-07-02 14:49:26,038 - Resolved [org.springframework.web.HttpMediaTypeNotSupportedException: Content type 'application/x-www-form-urlencoded;charset=UTF-8' not supported]
[WARN]2024-07-02 14:49:26,039 - Resolved [org.springframework.web.HttpMediaTypeNotSupportedException: Content type 'application/x-www-form-urlencoded;charset=UTF-8' not supported]
[WARN]2024-07-02 14:51:37,567 - Resolved [org.springframework.web.HttpMediaTypeNotSupportedException: Content type 'application/x-www-form-urlencoded;charset=UTF-8' not supported]
[WARN]2024-07-02 14:51:37,575 - Resolved [org.springframework.web.HttpMediaTypeNotSupportedException: Content type 'application/x-www-form-urlencoded;charset=UTF-8' not supported]
[WARN]2024-07-02 14:51:37,576 - Resolved [org.springframework.web.HttpMediaTypeNotSupportedException: Content type 'application/x-www-form-urlencoded;charset=UTF-8' not supported]
[WARN]2024-07-02 14:51:37,576 - Resolved [org.springframework.web.HttpMediaTypeNotSupportedException: Content type 'application/x-www-form-urlencoded;charset=UTF-8' not supported]
[WARN]2024-07-02 14:51:40,808 - Resolved [org.springframework.web.HttpMediaTypeNotSupportedException: Content type 'application/x-www-form-urlencoded;charset=UTF-8' not supported]
[WARN]2024-07-02 14:51:40,808 - Resolved [org.springframework.web.HttpMediaTypeNotSupportedException: Content type 'application/x-www-form-urlencoded;charset=UTF-8' not supported]
[WARN]2024-07-02 14:51:40,808 - Resolved [org.springframework.web.HttpMediaTypeNotSupportedException: Content type 'application/x-www-form-urlencoded;charset=UTF-8' not supported]
[WARN]2024-07-02 14:51:40,809 - Resolved [org.springframework.web.HttpMediaTypeNotSupportedException: Content type 'application/x-www-form-urlencoded;charset=UTF-8' not supported]
[WARN]2024-07-02 14:52:04,011 - Resolved [org.springframework.web.HttpMediaTypeNotSupportedException: Content type 'application/x-www-form-urlencoded;charset=UTF-8' not supported]
[WARN]2024-07-02 14:52:04,011 - Resolved [org.springframework.web.HttpMediaTypeNotSupportedException: Content type 'application/x-www-form-urlencoded;charset=UTF-8' not supported]
[WARN]2024-07-02 14:52:04,011 - Resolved [org.springframework.web.HttpMediaTypeNotSupportedException: Content type 'application/x-www-form-urlencoded;charset=UTF-8' not supported]
[WARN]2024-07-02 14:52:04,011 - Resolved [org.springframework.web.HttpMediaTypeNotSupportedException: Content type 'application/x-www-form-urlencoded;charset=UTF-8' not supported]
[WARN]2024-07-02 14:52:05,223 - Resolved [org.springframework.web.HttpMediaTypeNotSupportedException: Content type 'application/x-www-form-urlencoded;charset=UTF-8' not supported]
[WARN]2024-07-02 14:52:05,228 - Resolved [org.springframework.web.HttpMediaTypeNotSupportedException: Content type 'application/x-www-form-urlencoded;charset=UTF-8' not supported]
[WARN]2024-07-02 14:52:05,228 - Resolved [org.springframework.web.HttpMediaTypeNotSupportedException: Content type 'application/x-www-form-urlencoded;charset=UTF-8' not supported]
[WARN]2024-07-02 14:52:05,229 - Resolved [org.springframework.web.HttpMediaTypeNotSupportedException: Content type 'application/x-www-form-urlencoded;charset=UTF-8' not supported]
[WARN]2024-07-02 14:52:30,569 - Resolved [org.springframework.web.HttpMediaTypeNotSupportedException: Content type 'application/x-www-form-urlencoded;charset=UTF-8' not supported]
[WARN]2024-07-02 14:52:30,573 - Resolved [org.springframework.web.HttpMediaTypeNotSupportedException: Content type 'application/x-www-form-urlencoded;charset=UTF-8' not supported]
[WARN]2024-07-02 14:52:30,573 - Resolved [org.springframework.web.HttpMediaTypeNotSupportedException: Content type 'application/x-www-form-urlencoded;charset=UTF-8' not supported]
[WARN]2024-07-02 14:52:30,573 - Resolved [org.springframework.web.HttpMediaTypeNotSupportedException: Content type 'application/x-www-form-urlencoded;charset=UTF-8' not supported]
[WARN]2024-07-02 14:55:47,040 - Resolved [org.springframework.web.HttpRequestMethodNotSupportedException: Request method 'GET' not supported]
[WARN]2024-07-02 14:55:56,990 - Resolved [org.springframework.web.HttpRequestMethodNotSupportedException: Request method 'GET' not supported]
[WARN]2024-07-02 15:01:54,289 - Resolved [org.springframework.web.HttpMediaTypeNotSupportedException: Content type 'application/x-www-form-urlencoded;charset=UTF-8' not supported]
[WARN]2024-07-02 15:01:54,297 - Resolved [org.springframework.web.HttpMediaTypeNotSupportedException: Content type 'application/x-www-form-urlencoded;charset=UTF-8' not supported]
[WARN]2024-07-02 15:01:54,297 - Resolved [org.springframework.web.HttpMediaTypeNotSupportedException: Content type 'application/x-www-form-urlencoded;charset=UTF-8' not supported]
[WARN]2024-07-02 15:01:54,297 - Resolved [org.springframework.web.HttpMediaTypeNotSupportedException: Content type 'application/x-www-form-urlencoded;charset=UTF-8' not supported]
[WARN]2024-07-02 15:02:48,391 - Resolved [org.springframework.web.HttpMediaTypeNotSupportedException: Content type 'application/x-www-form-urlencoded;charset=UTF-8' not supported]
[WARN]2024-07-02 15:02:48,391 - Resolved [org.springframework.web.HttpMediaTypeNotSupportedException: Content type 'application/x-www-form-urlencoded;charset=UTF-8' not supported]
[WARN]2024-07-02 15:02:48,392 - Resolved [org.springframework.web.HttpMediaTypeNotSupportedException: Content type 'application/x-www-form-urlencoded;charset=UTF-8' not supported]
[WARN]2024-07-02 15:02:48,392 - Resolved [org.springframework.web.HttpMediaTypeNotSupportedException: Content type 'application/x-www-form-urlencoded;charset=UTF-8' not supported]
[WARN]2024-07-02 15:02:50,001 - Resolved [org.springframework.web.HttpMediaTypeNotSupportedException: Content type 'application/x-www-form-urlencoded;charset=UTF-8' not supported]
[WARN]2024-07-02 15:02:50,001 - Resolved [org.springframework.web.HttpMediaTypeNotSupportedException: Content type 'application/x-www-form-urlencoded;charset=UTF-8' not supported]
[WARN]2024-07-02 15:02:50,001 - Resolved [org.springframework.web.HttpMediaTypeNotSupportedException: Content type 'application/x-www-form-urlencoded;charset=UTF-8' not supported]
[WARN]2024-07-02 15:02:50,002 - Resolved [org.springframework.web.HttpMediaTypeNotSupportedException: Content type 'application/x-www-form-urlencoded;charset=UTF-8' not supported]
[WARN]2024-07-02 15:02:52,012 - Resolved [org.springframework.web.HttpMediaTypeNotSupportedException: Content type 'application/x-www-form-urlencoded;charset=UTF-8' not supported]
[WARN]2024-07-02 15:02:52,013 - Resolved [org.springframework.web.HttpMediaTypeNotSupportedException: Content type 'application/x-www-form-urlencoded;charset=UTF-8' not supported]
[WARN]2024-07-02 15:02:52,014 - Resolved [org.springframework.web.HttpMediaTypeNotSupportedException: Content type 'application/x-www-form-urlencoded;charset=UTF-8' not supported]
[WARN]2024-07-02 15:02:52,014 - Resolved [org.springframework.web.HttpMediaTypeNotSupportedException: Content type 'application/x-www-form-urlencoded;charset=UTF-8' not supported]
[WARN]2024-07-02 15:02:52,769 - Resolved [org.springframework.web.HttpMediaTypeNotSupportedException: Content type 'application/x-www-form-urlencoded;charset=UTF-8' not supported]
[WARN]2024-07-02 15:02:52,769 - Resolved [org.springframework.web.HttpMediaTypeNotSupportedException: Content type 'application/x-www-form-urlencoded;charset=UTF-8' not supported]
[WARN]2024-07-02 15:02:52,770 - Resolved [org.springframework.web.HttpMediaTypeNotSupportedException: Content type 'application/x-www-form-urlencoded;charset=UTF-8' not supported]
[WARN]2024-07-02 15:02:52,770 - Resolved [org.springframework.web.HttpMediaTypeNotSupportedException: Content type 'application/x-www-form-urlencoded;charset=UTF-8' not supported]
[WARN]2024-07-02 15:02:53,272 - Resolved [org.springframework.web.HttpMediaTypeNotSupportedException: Content type 'application/x-www-form-urlencoded;charset=UTF-8' not supported]
[WARN]2024-07-02 15:02:53,273 - Resolved [org.springframework.web.HttpMediaTypeNotSupportedException: Content type 'application/x-www-form-urlencoded;charset=UTF-8' not supported]
[WARN]2024-07-02 15:02:53,273 - Resolved [org.springframework.web.HttpMediaTypeNotSupportedException: Content type 'application/x-www-form-urlencoded;charset=UTF-8' not supported]
[WARN]2024-07-02 15:02:53,274 - Resolved [org.springframework.web.HttpMediaTypeNotSupportedException: Content type 'application/x-www-form-urlencoded;charset=UTF-8' not supported]
[WARN]2024-07-02 15:02:55,107 - Resolved [org.springframework.web.HttpMediaTypeNotSupportedException: Content type 'application/x-www-form-urlencoded;charset=UTF-8' not supported]
[WARN]2024-07-02 15:02:55,108 - Resolved [org.springframework.web.HttpMediaTypeNotSupportedException: Content type 'application/x-www-form-urlencoded;charset=UTF-8' not supported]
[WARN]2024-07-02 15:02:55,108 - Resolved [org.springframework.web.HttpMediaTypeNotSupportedException: Content type 'application/x-www-form-urlencoded;charset=UTF-8' not supported]
[WARN]2024-07-02 15:02:55,108 - Resolved [org.springframework.web.HttpMediaTypeNotSupportedException: Content type 'application/x-www-form-urlencoded;charset=UTF-8' not supported]
[WARN]2024-07-02 15:02:55,881 - Resolved [org.springframework.web.HttpMediaTypeNotSupportedException: Content type 'application/x-www-form-urlencoded;charset=UTF-8' not supported]
[WARN]2024-07-02 15:02:55,889 - Resolved [org.springframework.web.HttpMediaTypeNotSupportedException: Content type 'application/x-www-form-urlencoded;charset=UTF-8' not supported]
[WARN]2024-07-02 15:02:55,889 - Resolved [org.springframework.web.HttpMediaTypeNotSupportedException: Content type 'application/x-www-form-urlencoded;charset=UTF-8' not supported]
[WARN]2024-07-02 15:02:55,889 - Resolved [org.springframework.web.HttpMediaTypeNotSupportedException: Content type 'application/x-www-form-urlencoded;charset=UTF-8' not supported]
[WARN]2024-07-02 15:02:56,580 - Resolved [org.springframework.web.HttpMediaTypeNotSupportedException: Content type 'application/x-www-form-urlencoded;charset=UTF-8' not supported]
[WARN]2024-07-02 15:02:56,580 - Resolved [org.springframework.web.HttpMediaTypeNotSupportedException: Content type 'application/x-www-form-urlencoded;charset=UTF-8' not supported]
[WARN]2024-07-02 15:02:56,581 - Resolved [org.springframework.web.HttpMediaTypeNotSupportedException: Content type 'application/x-www-form-urlencoded;charset=UTF-8' not supported]
[WARN]2024-07-02 15:02:56,581 - Resolved [org.springframework.web.HttpMediaTypeNotSupportedException: Content type 'application/x-www-form-urlencoded;charset=UTF-8' not supported]
[WARN]2024-07-02 15:02:57,115 - Resolved [org.springframework.web.HttpMediaTypeNotSupportedException: Content type 'application/x-www-form-urlencoded;charset=UTF-8' not supported]
[WARN]2024-07-02 15:02:57,122 - Resolved [org.springframework.web.HttpMediaTypeNotSupportedException: Content type 'application/x-www-form-urlencoded;charset=UTF-8' not supported]
[WARN]2024-07-02 15:02:57,122 - Resolved [org.springframework.web.HttpMediaTypeNotSupportedException: Content type 'application/x-www-form-urlencoded;charset=UTF-8' not supported]
[WARN]2024-07-02 15:02:57,122 - Resolved [org.springframework.web.HttpMediaTypeNotSupportedException: Content type 'application/x-www-form-urlencoded;charset=UTF-8' not supported]
[WARN]2024-07-02 15:02:57,555 - Resolved [org.springframework.web.HttpMediaTypeNotSupportedException: Content type 'application/x-www-form-urlencoded;charset=UTF-8' not supported]
[WARN]2024-07-02 15:02:57,555 - Resolved [org.springframework.web.HttpMediaTypeNotSupportedException: Content type 'application/x-www-form-urlencoded;charset=UTF-8' not supported]
[WARN]2024-07-02 15:02:57,555 - Resolved [org.springframework.web.HttpMediaTypeNotSupportedException: Content type 'application/x-www-form-urlencoded;charset=UTF-8' not supported]
[WARN]2024-07-02 15:02:57,556 - Resolved [org.springframework.web.HttpMediaTypeNotSupportedException: Content type 'application/x-www-form-urlencoded;charset=UTF-8' not supported]
[WARN]2024-07-02 15:02:57,852 - Resolved [org.springframework.web.HttpMediaTypeNotSupportedException: Content type 'application/x-www-form-urlencoded;charset=UTF-8' not supported]
[WARN]2024-07-02 15:02:57,852 - Resolved [org.springframework.web.HttpMediaTypeNotSupportedException: Content type 'application/x-www-form-urlencoded;charset=UTF-8' not supported]
[WARN]2024-07-02 15:02:57,852 - Resolved [org.springframework.web.HttpMediaTypeNotSupportedException: Content type 'application/x-www-form-urlencoded;charset=UTF-8' not supported]
[WARN]2024-07-02 15:02:57,852 - Resolved [org.springframework.web.HttpMediaTypeNotSupportedException: Content type 'application/x-www-form-urlencoded;charset=UTF-8' not supported]
[WARN]2024-07-02 15:03:12,749 - Resolved [org.springframework.web.HttpMediaTypeNotSupportedException: Content type 'application/x-www-form-urlencoded;charset=UTF-8' not supported]
[WARN]2024-07-02 15:03:12,749 - Resolved [org.springframework.web.HttpMediaTypeNotSupportedException: Content type 'application/x-www-form-urlencoded;charset=UTF-8' not supported]
[WARN]2024-07-02 15:03:12,750 - Resolved [org.springframework.web.HttpMediaTypeNotSupportedException: Content type 'application/x-www-form-urlencoded;charset=UTF-8' not supported]
[WARN]2024-07-02 15:03:12,750 - Resolved [org.springframework.web.HttpMediaTypeNotSupportedException: Content type 'application/x-www-form-urlencoded;charset=UTF-8' not supported]
[WARN]2024-07-02 15:03:14,085 - Resolved [org.springframework.web.HttpMediaTypeNotSupportedException: Content type 'application/x-www-form-urlencoded;charset=UTF-8' not supported]
[WARN]2024-07-02 15:03:14,099 - Resolved [org.springframework.web.HttpMediaTypeNotSupportedException: Content type 'application/x-www-form-urlencoded;charset=UTF-8' not supported]
[WARN]2024-07-02 15:03:14,099 - Resolved [org.springframework.web.HttpMediaTypeNotSupportedException: Content type 'application/x-www-form-urlencoded;charset=UTF-8' not supported]
[WARN]2024-07-02 15:03:14,099 - Resolved [org.springframework.web.HttpMediaTypeNotSupportedException: Content type 'application/x-www-form-urlencoded;charset=UTF-8' not supported]
[WARN]2024-07-02 15:03:35,904 - Resolved [org.springframework.web.HttpMediaTypeNotSupportedException: Content type 'application/x-www-form-urlencoded;charset=UTF-8' not supported]
[WARN]2024-07-02 15:03:35,905 - Resolved [org.springframework.web.HttpMediaTypeNotSupportedException: Content type 'application/x-www-form-urlencoded;charset=UTF-8' not supported]
[WARN]2024-07-02 15:03:35,906 - Resolved [org.springframework.web.HttpMediaTypeNotSupportedException: Content type 'application/x-www-form-urlencoded;charset=UTF-8' not supported]
[WARN]2024-07-02 15:03:35,906 - Resolved [org.springframework.web.HttpMediaTypeNotSupportedException: Content type 'application/x-www-form-urlencoded;charset=UTF-8' not supported]
[WARN]2024-07-02 15:03:38,726 - Resolved [org.springframework.web.HttpMediaTypeNotSupportedException: Content type 'application/x-www-form-urlencoded;charset=UTF-8' not supported]
[WARN]2024-07-02 15:03:38,726 - Resolved [org.springframework.web.HttpMediaTypeNotSupportedException: Content type 'application/x-www-form-urlencoded;charset=UTF-8' not supported]
[WARN]2024-07-02 15:03:38,727 - Resolved [org.springframework.web.HttpMediaTypeNotSupportedException: Content type 'application/x-www-form-urlencoded;charset=UTF-8' not supported]
[WARN]2024-07-02 15:03:38,727 - Resolved [org.springframework.web.HttpMediaTypeNotSupportedException: Content type 'application/x-www-form-urlencoded;charset=UTF-8' not supported]
[WARN]2024-07-02 15:05:57,941 - Resolved [org.springframework.http.converter.HttpMessageNotReadableException: JSON parse error: Unexpected character ('}' (code 125)): was expecting double-quote to start field name; nested exception is com.fasterxml.jackson.core.JsonParseException: Unexpected character ('}' (code 125)): was expecting double-quote to start field name<EOL> at [Source: (org.springframework.util.StreamUtils$NonClosingInputStream); line: 4, column: 2]]
[WARN]2024-07-02 15:06:31,389 - Resolved [org.springframework.web.HttpMediaTypeNotSupportedException: Content type 'application/x-www-form-urlencoded;charset=UTF-8' not supported]
[WARN]2024-07-02 15:06:31,418 - Resolved [org.springframework.web.HttpMediaTypeNotSupportedException: Content type 'application/x-www-form-urlencoded;charset=UTF-8' not supported]
[WARN]2024-07-02 15:06:31,418 - Resolved [org.springframework.web.HttpMediaTypeNotSupportedException: Content type 'application/x-www-form-urlencoded;charset=UTF-8' not supported]
[WARN]2024-07-02 15:06:31,419 - Resolved [org.springframework.web.HttpMediaTypeNotSupportedException: Content type 'application/x-www-form-urlencoded;charset=UTF-8' not supported]
[WARN]2024-07-02 15:06:32,840 - Resolved [org.springframework.http.converter.HttpMessageNotReadableException: JSON parse error: Unexpected character ('}' (code 125)): was expecting double-quote to start field name; nested exception is com.fasterxml.jackson.core.JsonParseException: Unexpected character ('}' (code 125)): was expecting double-quote to start field name<EOL> at [Source: (org.springframework.util.StreamUtils$NonClosingInputStream); line: 4, column: 2]]
[WARN]2024-07-02 15:06:36,267 - Resolved [org.springframework.web.HttpMediaTypeNotSupportedException: Content type 'application/x-www-form-urlencoded;charset=UTF-8' not supported]
[WARN]2024-07-02 15:06:36,267 - Resolved [org.springframework.web.HttpMediaTypeNotSupportedException: Content type 'application/x-www-form-urlencoded;charset=UTF-8' not supported]
[WARN]2024-07-02 15:06:36,267 - Resolved [org.springframework.web.HttpMediaTypeNotSupportedException: Content type 'application/x-www-form-urlencoded;charset=UTF-8' not supported]
[WARN]2024-07-02 15:06:36,268 - Resolved [org.springframework.web.HttpMediaTypeNotSupportedException: Content type 'application/x-www-form-urlencoded;charset=UTF-8' not supported]
[WARN]2024-07-02 15:10:23,491 - Resolved [org.springframework.http.converter.HttpMessageNotReadableException: Required request body is missing: public com.hwadee.springboot.entity.Result com.hwadee.springboot.controller.VolunteerActivityController.getAllActivities(java.util.Map<java.lang.String, java.lang.Object>)]
[WARN]2024-07-02 15:12:53,142 - Resolved [org.springframework.http.converter.HttpMessageNotReadableException: JSON parse error: Invalid UTF-8 start byte 0x98; nested exception is com.fasterxml.jackson.core.JsonParseException: Invalid UTF-8 start byte 0x98<EOL> at [Source: (org.springframework.util.StreamUtils$NonClosingInputStream); line: 4, column: 14]]
[WARN]2024-07-02 15:19:33,843 - Resolved [org.springframework.web.HttpMediaTypeNotSupportedException: Content type 'application/x-www-form-urlencoded;charset=UTF-8' not supported]
[WARN]2024-07-02 15:19:33,854 - Resolved [org.springframework.web.HttpMediaTypeNotSupportedException: Content type 'application/x-www-form-urlencoded;charset=UTF-8' not supported]
[WARN]2024-07-02 15:19:33,854 - Resolved [org.springframework.web.HttpMediaTypeNotSupportedException: Content type 'application/x-www-form-urlencoded;charset=UTF-8' not supported]
[WARN]2024-07-02 15:19:33,855 - Resolved [org.springframework.web.HttpMediaTypeNotSupportedException: Content type 'application/x-www-form-urlencoded;charset=UTF-8' not supported]
[WARN]2024-07-02 15:19:38,477 - Resolved [org.springframework.web.HttpMediaTypeNotSupportedException: Content type 'application/x-www-form-urlencoded;charset=UTF-8' not supported]
[WARN]2024-07-02 15:19:38,477 - Resolved [org.springframework.web.HttpMediaTypeNotSupportedException: Content type 'application/x-www-form-urlencoded;charset=UTF-8' not supported]
[WARN]2024-07-02 15:19:38,477 - Resolved [org.springframework.web.HttpMediaTypeNotSupportedException: Content type 'application/x-www-form-urlencoded;charset=UTF-8' not supported]
[WARN]2024-07-02 15:19:38,478 - Resolved [org.springframework.web.HttpMediaTypeNotSupportedException: Content type 'application/x-www-form-urlencoded;charset=UTF-8' not supported]
[WARN]2024-07-02 15:19:44,590 - Resolved [org.springframework.web.HttpMediaTypeNotSupportedException: Content type 'application/x-www-form-urlencoded;charset=UTF-8' not supported]
[WARN]2024-07-02 15:19:44,590 - Resolved [org.springframework.web.HttpMediaTypeNotSupportedException: Content type 'application/x-www-form-urlencoded;charset=UTF-8' not supported]
[WARN]2024-07-02 15:19:44,590 - Resolved [org.springframework.web.HttpMediaTypeNotSupportedException: Content type 'application/x-www-form-urlencoded;charset=UTF-8' not supported]
[WARN]2024-07-02 15:19:44,591 - Resolved [org.springframework.web.HttpMediaTypeNotSupportedException: Content type 'application/x-www-form-urlencoded;charset=UTF-8' not supported]
[WARN]2024-07-02 15:20:47,189 - Resolved [org.springframework.web.HttpMediaTypeNotSupportedException: Content type 'application/x-www-form-urlencoded;charset=UTF-8' not supported]
[WARN]2024-07-02 15:20:47,205 - Resolved [org.springframework.web.HttpMediaTypeNotSupportedException: Content type 'application/x-www-form-urlencoded;charset=UTF-8' not supported]
[WARN]2024-07-02 15:20:47,205 - Resolved [org.springframework.web.HttpMediaTypeNotSupportedException: Content type 'application/x-www-form-urlencoded;charset=UTF-8' not supported]
[WARN]2024-07-02 15:20:47,205 - Resolved [org.springframework.web.HttpMediaTypeNotSupportedException: Content type 'application/x-www-form-urlencoded;charset=UTF-8' not supported]
[WARN]2024-07-02 15:20:53,661 - Resolved [org.springframework.web.HttpMediaTypeNotSupportedException: Content type 'application/x-www-form-urlencoded;charset=UTF-8' not supported]
[WARN]2024-07-02 15:20:53,661 - Resolved [org.springframework.web.HttpMediaTypeNotSupportedException: Content type 'application/x-www-form-urlencoded;charset=UTF-8' not supported]
[WARN]2024-07-02 15:20:53,662 - Resolved [org.springframework.web.HttpMediaTypeNotSupportedException: Content type 'application/x-www-form-urlencoded;charset=UTF-8' not supported]
[WARN]2024-07-02 15:20:53,662 - Resolved [org.springframework.web.HttpMediaTypeNotSupportedException: Content type 'application/x-www-form-urlencoded;charset=UTF-8' not supported]
[WARN]2024-07-02 15:21:20,052 - Resolved [org.springframework.web.HttpMediaTypeNotSupportedException: Content type 'application/x-www-form-urlencoded;charset=UTF-8' not supported]
[WARN]2024-07-02 15:21:20,052 - Resolved [org.springframework.web.HttpMediaTypeNotSupportedException: Content type 'application/x-www-form-urlencoded;charset=UTF-8' not supported]
[WARN]2024-07-02 15:21:20,052 - Resolved [org.springframework.web.HttpMediaTypeNotSupportedException: Content type 'application/x-www-form-urlencoded;charset=UTF-8' not supported]
[WARN]2024-07-02 15:21:20,053 - Resolved [org.springframework.web.HttpMediaTypeNotSupportedException: Content type 'application/x-www-form-urlencoded;charset=UTF-8' not supported]
[WARN]2024-07-02 15:22:09,598 - Resolved [org.springframework.web.HttpMediaTypeNotSupportedException: Content type 'application/x-www-form-urlencoded;charset=UTF-8' not supported]
[WARN]2024-07-02 15:22:09,598 - Resolved [org.springframework.web.HttpMediaTypeNotSupportedException: Content type 'application/x-www-form-urlencoded;charset=UTF-8' not supported]
[WARN]2024-07-02 15:22:09,598 - Resolved [org.springframework.web.HttpMediaTypeNotSupportedException: Content type 'application/x-www-form-urlencoded;charset=UTF-8' not supported]
[WARN]2024-07-02 15:22:09,599 - Resolved [org.springframework.web.HttpMediaTypeNotSupportedException: Content type 'application/x-www-form-urlencoded;charset=UTF-8' not supported]
[WARN]2024-07-02 15:24:57,347 - Resolved [org.springframework.web.HttpMediaTypeNotSupportedException: Content type 'application/x-www-form-urlencoded;charset=UTF-8' not supported]
[WARN]2024-07-02 15:24:57,353 - Resolved [org.springframework.web.HttpMediaTypeNotSupportedException: Content type 'application/x-www-form-urlencoded;charset=UTF-8' not supported]
[WARN]2024-07-02 15:24:57,353 - Resolved [org.springframework.web.HttpMediaTypeNotSupportedException: Content type 'application/x-www-form-urlencoded;charset=UTF-8' not supported]
[WARN]2024-07-02 15:24:57,354 - Resolved [org.springframework.web.HttpMediaTypeNotSupportedException: Content type 'application/x-www-form-urlencoded;charset=UTF-8' not supported]
[INFO]2024-07-02 15:39:55,818 - Closing JPA EntityManagerFactory for persistence unit 'default'
[INFO]2024-07-02 15:39:55,822 - HikariPool-1 - Shutdown initiated...
[INFO]2024-07-02 15:39:55,824 - HikariPool-1 - Shutdown completed.
[INFO]2024-07-02 15:40:03,416 - Starting SpringbootApplication using Java 20.0.1 on LAPTOP-L2BN52PD with PID 5684 (E:\shixi\springboot\target\classes started by jiaoy in E:\shixi\springboot)
[INFO]2024-07-02 15:40:03,417 - No active profile set, falling back to 1 default profile: "default"
[INFO]2024-07-02 15:40:03,461 - Devtools property defaults active! Set 'spring.devtools.add-properties' to 'false' to disable
[INFO]2024-07-02 15:40:03,461 - For additional web related logging consider setting the 'logging.level.web' property to 'DEBUG'
[INFO]2024-07-02 15:40:04,112 - Multiple Spring Data modules found, entering strict repository configuration mode
[INFO]2024-07-02 15:40:04,112 - Bootstrapping Spring Data JPA repositories in DEFAULT mode.
[INFO]2024-07-02 15:40:04,125 - Finished Spring Data repository scanning in 6 ms. Found 0 JPA repository interfaces.
[INFO]2024-07-02 15:40:04,134 - Multiple Spring Data modules found, entering strict repository configuration mode
[INFO]2024-07-02 15:40:04,135 - Bootstrapping Spring Data Redis repositories in DEFAULT mode.
[INFO]2024-07-02 15:40:04,143 - Finished Spring Data repository scanning in 3 ms. Found 0 Redis repository interfaces.
[INFO]2024-07-02 15:40:04,629 - Tomcat initialized with port(s): 8080 (http)
[INFO]2024-07-02 15:40:04,630 - Loaded Apache Tomcat Native library [1.3.0] using APR version [1.7.4].
[INFO]2024-07-02 15:40:04,630 - APR capabilities: IPv6 [true], sendfile [true], accept filters [false], random [true], UDS [true].
[INFO]2024-07-02 15:40:04,630 - APR/OpenSSL configuration: useAprConnector [false], useOpenSSL [true]
[INFO]2024-07-02 15:40:04,639 - OpenSSL successfully initialized [OpenSSL 3.0.13 30 Jan 2024]
[INFO]2024-07-02 15:40:04,647 - Initializing ProtocolHandler ["http-nio-8080"]
[INFO]2024-07-02 15:40:04,648 - Starting service [Tomcat]
[INFO]2024-07-02 15:40:04,648 - Starting Servlet engine: [Apache Tomcat/9.0.76]
[INFO]2024-07-02 15:40:04,716 - Initializing Spring embedded WebApplicationContext
[INFO]2024-07-02 15:40:04,716 - Root WebApplicationContext: initialization completed in 1255 ms
[INFO]2024-07-02 15:40:04,828 - HikariPool-1 - Starting...
[WARN]2024-07-02 15:40:04,830 - Registered driver with driverClassName=com.mysql.jdbc.Driver was not found, trying direct instantiation.
[INFO]2024-07-02 15:40:04,912 - HikariPool-1 - Start completed.
[INFO]2024-07-02 15:40:05,001 - HHH000412: Hibernate ORM core version 5.6.15.Final
[INFO]2024-07-02 15:40:05,111 - HCANN000001: Hibernate Commons Annotations {5.1.2.Final}
[INFO]2024-07-02 15:40:05,201 - HHH000400: Using dialect: org.hibernate.dialect.MySQL55Dialect
[INFO]2024-07-02 15:40:05,329 - HHH000490: Using JtaPlatform implementation: [org.hibernate.engine.transaction.jta.platform.internal.NoJtaPlatform]
[INFO]2024-07-02 15:40:05,338 - Initialized JPA EntityManagerFactory for persistence unit 'default'
[INFO]2024-07-02 15:40:05,753 - 自定义Redis配置--
[WARN]2024-07-02 15:40:05,798 - spring.jpa.open-in-view is enabled by default. Therefore, database queries may be performed during view rendering. Explicitly configure spring.jpa.open-in-view to disable this warning
[INFO]2024-07-02 15:40:05,911 - Adding welcome page template: index
[INFO]2024-07-02 15:40:06,128 - LiveReload server is running on port 35729
[INFO]2024-07-02 15:40:06,146 - Starting ProtocolHandler ["http-nio-8080"]
[INFO]2024-07-02 15:40:06,165 - Tomcat started on port(s): 8080 (http) with context path ''
[INFO]2024-07-02 15:40:06,184 - Started SpringbootApplication in 3.125 seconds (JVM running for 3.774)
[INFO]2024-07-02 15:41:05,563 - Initializing Spring DispatcherServlet 'dispatcherServlet'
[INFO]2024-07-02 15:41:05,563 - Initializing Servlet 'dispatcherServlet'
[INFO]2024-07-02 15:41:05,565 - Completed initialization in 2 ms
[INFO]2024-07-02 16:02:12,705 - Closing JPA EntityManagerFactory for persistence unit 'default'
[INFO]2024-07-02 16:02:12,708 - HikariPool-1 - Shutdown initiated...
[INFO]2024-07-02 16:02:12,714 - HikariPool-1 - Shutdown completed.
[INFO]2024-07-02 16:02:19,289 - Starting SpringbootApplication using Java 20.0.1 on LAPTOP-L2BN52PD with PID 43584 (E:\shixi\springboot\target\classes started by jiaoy in E:\shixi\springboot)
[INFO]2024-07-02 16:02:19,291 - No active profile set, falling back to 1 default profile: "default"
[INFO]2024-07-02 16:02:19,340 - Devtools property defaults active! Set 'spring.devtools.add-properties' to 'false' to disable
[INFO]2024-07-02 16:02:19,340 - For additional web related logging consider setting the 'logging.level.web' property to 'DEBUG'
[INFO]2024-07-02 16:02:20,018 - Multiple Spring Data modules found, entering strict repository configuration mode
[INFO]2024-07-02 16:02:20,018 - Bootstrapping Spring Data JPA repositories in DEFAULT mode.
[INFO]2024-07-02 16:02:20,032 - Finished Spring Data repository scanning in 8 ms. Found 0 JPA repository interfaces.
[INFO]2024-07-02 16:02:20,041 - Multiple Spring Data modules found, entering strict repository configuration mode
[INFO]2024-07-02 16:02:20,042 - Bootstrapping Spring Data Redis repositories in DEFAULT mode.
[INFO]2024-07-02 16:02:20,050 - Finished Spring Data repository scanning in 3 ms. Found 0 Redis repository interfaces.
[INFO]2024-07-02 16:02:20,510 - Tomcat initialized with port(s): 8080 (http)
[INFO]2024-07-02 16:02:20,511 - Loaded Apache Tomcat Native library [1.3.0] using APR version [1.7.4].
[INFO]2024-07-02 16:02:20,511 - APR capabilities: IPv6 [true], sendfile [true], accept filters [false], random [true], UDS [true].
[INFO]2024-07-02 16:02:20,511 - APR/OpenSSL configuration: useAprConnector [false], useOpenSSL [true]
[INFO]2024-07-02 16:02:20,516 - OpenSSL successfully initialized [OpenSSL 3.0.13 30 Jan 2024]
[INFO]2024-07-02 16:02:20,523 - Initializing ProtocolHandler ["http-nio-8080"]
[INFO]2024-07-02 16:02:20,524 - Starting service [Tomcat]
[INFO]2024-07-02 16:02:20,524 - Starting Servlet engine: [Apache Tomcat/9.0.76]
[INFO]2024-07-02 16:02:20,592 - Initializing Spring embedded WebApplicationContext
[INFO]2024-07-02 16:02:20,592 - Root WebApplicationContext: initialization completed in 1251 ms
[INFO]2024-07-02 16:02:20,703 - HikariPool-1 - Starting...
[WARN]2024-07-02 16:02:20,705 - Registered driver with driverClassName=com.mysql.jdbc.Driver was not found, trying direct instantiation.
[INFO]2024-07-02 16:02:20,786 - HikariPool-1 - Start completed.
[INFO]2024-07-02 16:02:20,873 - HHH000412: Hibernate ORM core version 5.6.15.Final
[INFO]2024-07-02 16:02:20,978 - HCANN000001: Hibernate Commons Annotations {5.1.2.Final}
[INFO]2024-07-02 16:02:21,056 - HHH000400: Using dialect: org.hibernate.dialect.MySQL55Dialect
[INFO]2024-07-02 16:02:21,167 - HHH000490: Using JtaPlatform implementation: [org.hibernate.engine.transaction.jta.platform.internal.NoJtaPlatform]
[INFO]2024-07-02 16:02:21,175 - Initialized JPA EntityManagerFactory for persistence unit 'default'
[INFO]2024-07-02 16:02:21,695 - 自定义Redis配置--
[WARN]2024-07-02 16:02:21,742 - spring.jpa.open-in-view is enabled by default. Therefore, database queries may be performed during view rendering. Explicitly configure spring.jpa.open-in-view to disable this warning
[INFO]2024-07-02 16:02:21,880 - Adding welcome page template: index
[INFO]2024-07-02 16:02:22,185 - LiveReload server is running on port 35729
[INFO]2024-07-02 16:02:22,208 - Starting ProtocolHandler ["http-nio-8080"]
[INFO]2024-07-02 16:02:22,224 - Tomcat started on port(s): 8080 (http) with context path ''
[INFO]2024-07-02 16:02:22,242 - Started SpringbootApplication in 3.334 seconds (JVM running for 3.989)
[INFO]2024-07-02 16:02:33,925 - Initializing Spring DispatcherServlet 'dispatcherServlet'
[INFO]2024-07-02 16:02:33,925 - Initializing Servlet 'dispatcherServlet'
[INFO]2024-07-02 16:02:33,926 - Completed initialization in 1 ms
[WARN]2024-07-02 16:08:43,042 - Resolved [org.springframework.http.converter.HttpMessageNotReadableException: Required request body is missing: public com.hwadee.springboot.entity.Result com.hwadee.springboot.controller.NewsController.getAllNews(java.util.Map<java.lang.String, java.lang.Object>)]
[WARN]2024-07-02 16:08:49,350 - Resolved [org.springframework.http.converter.HttpMessageNotReadableException: Required request body is missing: public com.hwadee.springboot.entity.Result com.hwadee.springboot.controller.NewsController.getAllNews(java.util.Map<java.lang.String, java.lang.Object>)]
[INFO]2024-07-02 16:29:27,758 - Closing JPA EntityManagerFactory for persistence unit 'default'
[INFO]2024-07-02 16:29:27,759 - HikariPool-1 - Shutdown initiated...
[INFO]2024-07-02 16:29:27,765 - HikariPool-1 - Shutdown completed.
[INFO]2024-07-02 16:29:32,980 - Starting SpringbootApplication using Java 20.0.1 on LAPTOP-L2BN52PD with PID 19748 (E:\shixi\springboot\target\classes started by jiaoy in E:\shixi\springboot)
[INFO]2024-07-02 16:29:32,981 - No active profile set, falling back to 1 default profile: "default"
[INFO]2024-07-02 16:29:33,022 - Devtools property defaults active! Set 'spring.devtools.add-properties' to 'false' to disable
[INFO]2024-07-02 16:29:33,022 - For additional web related logging consider setting the 'logging.level.web' property to 'DEBUG'
[INFO]2024-07-02 16:29:33,648 - Multiple Spring Data modules found, entering strict repository configuration mode
[INFO]2024-07-02 16:29:33,649 - Bootstrapping Spring Data JPA repositories in DEFAULT mode.
[INFO]2024-07-02 16:29:33,663 - Finished Spring Data repository scanning in 8 ms. Found 0 JPA repository interfaces.
[INFO]2024-07-02 16:29:33,674 - Multiple Spring Data modules found, entering strict repository configuration mode
[INFO]2024-07-02 16:29:33,675 - Bootstrapping Spring Data Redis repositories in DEFAULT mode.
[INFO]2024-07-02 16:29:33,684 - Finished Spring Data repository scanning in 3 ms. Found 0 Redis repository interfaces.
[INFO]2024-07-02 16:29:34,110 - Tomcat initialized with port(s): 8080 (http)
[INFO]2024-07-02 16:29:34,111 - Loaded Apache Tomcat Native library [1.3.0] using APR version [1.7.4].
[INFO]2024-07-02 16:29:34,111 - APR capabilities: IPv6 [true], sendfile [true], accept filters [false], random [true], UDS [true].
[INFO]2024-07-02 16:29:34,111 - APR/OpenSSL configuration: useAprConnector [false], useOpenSSL [true]
[INFO]2024-07-02 16:29:34,115 - OpenSSL successfully initialized [OpenSSL 3.0.13 30 Jan 2024]
[INFO]2024-07-02 16:29:34,120 - Initializing ProtocolHandler ["http-nio-8080"]
[INFO]2024-07-02 16:29:34,121 - Starting service [Tomcat]
[INFO]2024-07-02 16:29:34,122 - Starting Servlet engine: [Apache Tomcat/9.0.76]
[INFO]2024-07-02 16:29:34,180 - Initializing Spring embedded WebApplicationContext
[INFO]2024-07-02 16:29:34,181 - Root WebApplicationContext: initialization completed in 1158 ms
[INFO]2024-07-02 16:29:34,281 - HikariPool-1 - Starting...
[WARN]2024-07-02 16:29:34,283 - Registered driver with driverClassName=com.mysql.jdbc.Driver was not found, trying direct instantiation.
[INFO]2024-07-02 16:29:34,362 - HikariPool-1 - Start completed.
[INFO]2024-07-02 16:29:34,426 - HHH000412: Hibernate ORM core version 5.6.15.Final
[INFO]2024-07-02 16:29:34,517 - HCANN000001: Hibernate Commons Annotations {5.1.2.Final}
[INFO]2024-07-02 16:29:34,582 - HHH000400: Using dialect: org.hibernate.dialect.MySQL55Dialect
[INFO]2024-07-02 16:29:34,671 - HHH000490: Using JtaPlatform implementation: [org.hibernate.engine.transaction.jta.platform.internal.NoJtaPlatform]
[INFO]2024-07-02 16:29:34,678 - Initialized JPA EntityManagerFactory for persistence unit 'default'
[INFO]2024-07-02 16:29:35,107 - 自定义Redis配置--
[WARN]2024-07-02 16:29:35,150 - spring.jpa.open-in-view is enabled by default. Therefore, database queries may be performed during view rendering. Explicitly configure spring.jpa.open-in-view to disable this warning
[INFO]2024-07-02 16:29:35,262 - Adding welcome page template: index
[INFO]2024-07-02 16:29:35,494 - LiveReload server is running on port 35729
[INFO]2024-07-02 16:29:35,512 - Starting ProtocolHandler ["http-nio-8080"]
[INFO]2024-07-02 16:29:35,528 - Tomcat started on port(s): 8080 (http) with context path ''
[INFO]2024-07-02 16:29:35,542 - Started SpringbootApplication in 2.867 seconds (JVM running for 3.448)
[INFO]2024-07-02 16:31:00,851 - Initializing Spring DispatcherServlet 'dispatcherServlet'
[INFO]2024-07-02 16:31:00,851 - Initializing Servlet 'dispatcherServlet'
[INFO]2024-07-02 16:31:00,852 - Completed initialization in 1 ms
[INFO]2024-07-02 16:52:05,032 - Closing JPA EntityManagerFactory for persistence unit 'default'
[INFO]2024-07-02 16:52:05,036 - HikariPool-1 - Shutdown initiated...
[INFO]2024-07-02 16:52:05,042 - HikariPool-1 - Shutdown completed.
[INFO]2024-07-02 16:52:10,667 - Starting SpringbootApplication using Java 20.0.1 on LAPTOP-L2BN52PD with PID 34036 (E:\shixi\springboot\target\classes started by jiaoy in E:\shixi\springboot)
[INFO]2024-07-02 16:52:10,668 - No active profile set, falling back to 1 default profile: "default"
[INFO]2024-07-02 16:52:10,713 - Devtools property defaults active! Set 'spring.devtools.add-properties' to 'false' to disable
[INFO]2024-07-02 16:52:10,713 - For additional web related logging consider setting the 'logging.level.web' property to 'DEBUG'
[INFO]2024-07-02 16:52:11,506 - Multiple Spring Data modules found, entering strict repository configuration mode
[INFO]2024-07-02 16:52:11,507 - Bootstrapping Spring Data JPA repositories in DEFAULT mode.
[INFO]2024-07-02 16:52:11,522 - Finished Spring Data repository scanning in 8 ms. Found 0 JPA repository interfaces.
[INFO]2024-07-02 16:52:11,533 - Multiple Spring Data modules found, entering strict repository configuration mode
[INFO]2024-07-02 16:52:11,534 - Bootstrapping Spring Data Redis repositories in DEFAULT mode.
[INFO]2024-07-02 16:52:11,542 - Finished Spring Data repository scanning in 3 ms. Found 0 Redis repository interfaces.
[INFO]2024-07-02 16:52:12,075 - Tomcat initialized with port(s): 8080 (http)
[INFO]2024-07-02 16:52:12,076 - Loaded Apache Tomcat Native library [1.3.0] using APR version [1.7.4].
[INFO]2024-07-02 16:52:12,076 - APR capabilities: IPv6 [true], sendfile [true], accept filters [false], random [true], UDS [true].
[INFO]2024-07-02 16:52:12,076 - APR/OpenSSL configuration: useAprConnector [false], useOpenSSL [true]
[INFO]2024-07-02 16:52:12,083 - OpenSSL successfully initialized [OpenSSL 3.0.13 30 Jan 2024]
[INFO]2024-07-02 16:52:12,091 - Initializing ProtocolHandler ["http-nio-8080"]
[INFO]2024-07-02 16:52:12,091 - Starting service [Tomcat]
[INFO]2024-07-02 16:52:12,092 - Starting Servlet engine: [Apache Tomcat/9.0.76]
[INFO]2024-07-02 16:52:12,163 - Initializing Spring embedded WebApplicationContext
[INFO]2024-07-02 16:52:12,163 - Root WebApplicationContext: initialization completed in 1450 ms
[INFO]2024-07-02 16:52:12,291 - HikariPool-1 - Starting...
[WARN]2024-07-02 16:52:12,293 - Registered driver with driverClassName=com.mysql.jdbc.Driver was not found, trying direct instantiation.
[INFO]2024-07-02 16:52:12,398 - HikariPool-1 - Start completed.
[INFO]2024-07-02 16:52:12,526 - HHH000412: Hibernate ORM core version 5.6.15.Final
[INFO]2024-07-02 16:52:12,647 - HCANN000001: Hibernate Commons Annotations {5.1.2.Final}
[INFO]2024-07-02 16:52:12,737 - HHH000400: Using dialect: org.hibernate.dialect.MySQL55Dialect
[INFO]2024-07-02 16:52:12,859 - HHH000490: Using JtaPlatform implementation: [org.hibernate.engine.transaction.jta.platform.internal.NoJtaPlatform]
[INFO]2024-07-02 16:52:12,867 - Initialized JPA EntityManagerFactory for persistence unit 'default'
[INFO]2024-07-02 16:52:13,350 - 自定义Redis配置--
[WARN]2024-07-02 16:52:13,393 - spring.jpa.open-in-view is enabled by default. Therefore, database queries may be performed during view rendering. Explicitly configure spring.jpa.open-in-view to disable this warning
[INFO]2024-07-02 16:52:13,500 - Adding welcome page template: index
[INFO]2024-07-02 16:52:13,778 - LiveReload server is running on port 35729
[INFO]2024-07-02 16:52:13,797 - Starting ProtocolHandler ["http-nio-8080"]
[INFO]2024-07-02 16:52:13,815 - Tomcat started on port(s): 8080 (http) with context path ''
[INFO]2024-07-02 16:52:13,833 - Started SpringbootApplication in 3.515 seconds (JVM running for 4.159)
[INFO]2024-07-02 16:52:52,553 - Initializing Spring DispatcherServlet 'dispatcherServlet'
[INFO]2024-07-02 16:52:52,553 - Initializing Servlet 'dispatcherServlet'
[INFO]2024-07-02 16:52:52,555 - Completed initialization in 2 ms
[INFO]2024-07-02 16:54:50,993 - Closing JPA EntityManagerFactory for persistence unit 'default'
[INFO]2024-07-02 16:54:50,995 - HikariPool-1 - Shutdown initiated...
[INFO]2024-07-02 16:54:51,000 - HikariPool-1 - Shutdown completed.
[INFO]2024-07-02 16:54:56,790 - Starting SpringbootApplication using Java 20.0.1 on LAPTOP-L2BN52PD with PID 8320 (E:\shixi\springboot\target\classes started by jiaoy in E:\shixi\springboot)
[INFO]2024-07-02 16:54:56,791 - No active profile set, falling back to 1 default profile: "default"
[INFO]2024-07-02 16:54:56,840 - Devtools property defaults active! Set 'spring.devtools.add-properties' to 'false' to disable
[INFO]2024-07-02 16:54:56,840 - For additional web related logging consider setting the 'logging.level.web' property to 'DEBUG'
[INFO]2024-07-02 16:54:57,487 - Multiple Spring Data modules found, entering strict repository configuration mode
[INFO]2024-07-02 16:54:57,487 - Bootstrapping Spring Data JPA repositories in DEFAULT mode.
[INFO]2024-07-02 16:54:57,506 - Finished Spring Data repository scanning in 10 ms. Found 0 JPA repository interfaces.
[INFO]2024-07-02 16:54:57,517 - Multiple Spring Data modules found, entering strict repository configuration mode
[INFO]2024-07-02 16:54:57,518 - Bootstrapping Spring Data Redis repositories in DEFAULT mode.
[INFO]2024-07-02 16:54:57,527 - Finished Spring Data repository scanning in 3 ms. Found 0 Redis repository interfaces.
[INFO]2024-07-02 16:54:58,010 - Tomcat initialized with port(s): 8080 (http)
[INFO]2024-07-02 16:54:58,011 - Loaded Apache Tomcat Native library [1.3.0] using APR version [1.7.4].
[INFO]2024-07-02 16:54:58,011 - APR capabilities: IPv6 [true], sendfile [true], accept filters [false], random [true], UDS [true].
[INFO]2024-07-02 16:54:58,011 - APR/OpenSSL configuration: useAprConnector [false], useOpenSSL [true]
[INFO]2024-07-02 16:54:58,016 - OpenSSL successfully initialized [OpenSSL 3.0.13 30 Jan 2024]
[INFO]2024-07-02 16:54:58,021 - Initializing ProtocolHandler ["http-nio-8080"]
[INFO]2024-07-02 16:54:58,022 - Starting service [Tomcat]
[INFO]2024-07-02 16:54:58,022 - Starting Servlet engine: [Apache Tomcat/9.0.76]
[INFO]2024-07-02 16:54:58,082 - Initializing Spring embedded WebApplicationContext
[INFO]2024-07-02 16:54:58,082 - Root WebApplicationContext: initialization completed in 1242 ms
[INFO]2024-07-02 16:54:58,192 - HikariPool-1 - Starting...
[WARN]2024-07-02 16:54:58,194 - Registered driver with driverClassName=com.mysql.jdbc.Driver was not found, trying direct instantiation.
[INFO]2024-07-02 16:54:58,286 - HikariPool-1 - Start completed.
[INFO]2024-07-02 16:54:58,350 - HHH000412: Hibernate ORM core version 5.6.15.Final
[INFO]2024-07-02 16:54:58,446 - HCANN000001: Hibernate Commons Annotations {5.1.2.Final}
[INFO]2024-07-02 16:54:58,513 - HHH000400: Using dialect: org.hibernate.dialect.MySQL55Dialect
[INFO]2024-07-02 16:54:58,600 - HHH000490: Using JtaPlatform implementation: [org.hibernate.engine.transaction.jta.platform.internal.NoJtaPlatform]
[INFO]2024-07-02 16:54:58,609 - Initialized JPA EntityManagerFactory for persistence unit 'default'
[INFO]2024-07-02 16:54:59,020 - 自定义Redis配置--
[WARN]2024-07-02 16:54:59,067 - spring.jpa.open-in-view is enabled by default. Therefore, database queries may be performed during view rendering. Explicitly configure spring.jpa.open-in-view to disable this warning
[INFO]2024-07-02 16:54:59,179 - Adding welcome page template: index
[INFO]2024-07-02 16:54:59,400 - LiveReload server is running on port 35729
[INFO]2024-07-02 16:54:59,417 - Starting ProtocolHandler ["http-nio-8080"]
[INFO]2024-07-02 16:54:59,431 - Tomcat started on port(s): 8080 (http) with context path ''
[INFO]2024-07-02 16:54:59,449 - Started SpringbootApplication in 2.99 seconds (JVM running for 3.639)
[INFO]2024-07-02 16:55:20,764 - Initializing Spring DispatcherServlet 'dispatcherServlet'
[INFO]2024-07-02 16:55:20,764 - Initializing Servlet 'dispatcherServlet'
[INFO]2024-07-02 16:55:20,765 - Completed initialization in 1 ms
[WARN]2024-07-02 16:55:49,814 - Resolved [org.springframework.http.converter.HttpMessageNotReadableException: JSON parse error: Unexpected character ('}' (code 125)): was expecting double-quote to start field name; nested exception is com.fasterxml.jackson.core.JsonParseException: Unexpected character ('}' (code 125)): was expecting double-quote to start field name<EOL> at [Source: (org.springframework.util.StreamUtils$NonClosingInputStream); line: 5, column: 2]]
[WARN]2024-07-02 16:56:00,188 - Resolved [org.springframework.http.converter.HttpMessageNotReadableException: JSON parse error: Unexpected character ('}' (code 125)): was expecting double-quote to start field name; nested exception is com.fasterxml.jackson.core.JsonParseException: Unexpected character ('}' (code 125)): was expecting double-quote to start field name<EOL> at [Source: (org.springframework.util.StreamUtils$NonClosingInputStream); line: 4, column: 2]]
[INFO]2024-07-02 16:57:43,112 - Closing JPA EntityManagerFactory for persistence unit 'default'
[INFO]2024-07-02 16:57:43,115 - HikariPool-1 - Shutdown initiated...
[INFO]2024-07-02 16:57:43,130 - HikariPool-1 - Shutdown completed.
[INFO]2024-07-02 16:57:48,380 - Starting SpringbootApplication using Java 20.0.1 on LAPTOP-L2BN52PD with PID 36036 (E:\shixi\springboot\target\classes started by jiaoy in E:\shixi\springboot)
[INFO]2024-07-02 16:57:48,380 - No active profile set, falling back to 1 default profile: "default"
[INFO]2024-07-02 16:57:48,424 - Devtools property defaults active! Set 'spring.devtools.add-properties' to 'false' to disable
[INFO]2024-07-02 16:57:48,424 - For additional web related logging consider setting the 'logging.level.web' property to 'DEBUG'
[INFO]2024-07-02 16:57:49,008 - Multiple Spring Data modules found, entering strict repository configuration mode
[INFO]2024-07-02 16:57:49,009 - Bootstrapping Spring Data JPA repositories in DEFAULT mode.
[INFO]2024-07-02 16:57:49,024 - Finished Spring Data repository scanning in 8 ms. Found 0 JPA repository interfaces.
[INFO]2024-07-02 16:57:49,035 - Multiple Spring Data modules found, entering strict repository configuration mode
[INFO]2024-07-02 16:57:49,035 - Bootstrapping Spring Data Redis repositories in DEFAULT mode.
[INFO]2024-07-02 16:57:49,045 - Finished Spring Data repository scanning in 4 ms. Found 0 Redis repository interfaces.
[INFO]2024-07-02 16:57:49,489 - Tomcat initialized with port(s): 8080 (http)
[INFO]2024-07-02 16:57:49,489 - Loaded Apache Tomcat Native library [1.3.0] using APR version [1.7.4].
[INFO]2024-07-02 16:57:49,490 - APR capabilities: IPv6 [true], sendfile [true], accept filters [false], random [true], UDS [true].
[INFO]2024-07-02 16:57:49,490 - APR/OpenSSL configuration: useAprConnector [false], useOpenSSL [true]
[INFO]2024-07-02 16:57:49,494 - OpenSSL successfully initialized [OpenSSL 3.0.13 30 Jan 2024]
[INFO]2024-07-02 16:57:49,499 - Initializing ProtocolHandler ["http-nio-8080"]
[INFO]2024-07-02 16:57:49,500 - Starting service [Tomcat]
[INFO]2024-07-02 16:57:49,500 - Starting Servlet engine: [Apache Tomcat/9.0.76]
[INFO]2024-07-02 16:57:49,555 - Initializing Spring embedded WebApplicationContext
[INFO]2024-07-02 16:57:49,555 - Root WebApplicationContext: initialization completed in 1130 ms
[INFO]2024-07-02 16:57:49,660 - HikariPool-1 - Starting...
[WARN]2024-07-02 16:57:49,662 - Registered driver with driverClassName=com.mysql.jdbc.Driver was not found, trying direct instantiation.
[INFO]2024-07-02 16:57:49,742 - HikariPool-1 - Start completed.
[INFO]2024-07-02 16:57:49,806 - HHH000412: Hibernate ORM core version 5.6.15.Final
[INFO]2024-07-02 16:57:49,891 - HCANN000001: Hibernate Commons Annotations {5.1.2.Final}
[INFO]2024-07-02 16:57:49,972 - HHH000400: Using dialect: org.hibernate.dialect.MySQL55Dialect
[INFO]2024-07-02 16:57:50,051 - HHH000490: Using JtaPlatform implementation: [org.hibernate.engine.transaction.jta.platform.internal.NoJtaPlatform]
[INFO]2024-07-02 16:57:50,058 - Initialized JPA EntityManagerFactory for persistence unit 'default'
[INFO]2024-07-02 16:57:50,445 - 自定义Redis配置--
[WARN]2024-07-02 16:57:50,491 - spring.jpa.open-in-view is enabled by default. Therefore, database queries may be performed during view rendering. Explicitly configure spring.jpa.open-in-view to disable this warning
[INFO]2024-07-02 16:57:50,597 - Adding welcome page template: index
[INFO]2024-07-02 16:57:50,808 - LiveReload server is running on port 35729
[INFO]2024-07-02 16:57:50,825 - Starting ProtocolHandler ["http-nio-8080"]
[INFO]2024-07-02 16:57:50,838 - Tomcat started on port(s): 8080 (http) with context path ''
[INFO]2024-07-02 16:57:50,851 - Started SpringbootApplication in 2.808 seconds (JVM running for 3.444)
[INFO]2024-07-02 16:58:00,268 - Initializing Spring DispatcherServlet 'dispatcherServlet'
[INFO]2024-07-02 16:58:00,268 - Initializing Servlet 'dispatcherServlet'
[INFO]2024-07-02 16:58:00,269 - Completed initialization in 1 ms
[INFO]2024-07-02 17:00:02,809 - Closing JPA EntityManagerFactory for persistence unit 'default'
[INFO]2024-07-02 17:00:02,812 - HikariPool-1 - Shutdown initiated...
[INFO]2024-07-02 17:00:02,818 - HikariPool-1 - Shutdown completed.
[INFO]2024-07-02 17:00:08,197 - Starting SpringbootApplication using Java 20.0.1 on LAPTOP-L2BN52PD with PID 35724 (E:\shixi\springboot\target\classes started by jiaoy in E:\shixi\springboot)
[INFO]2024-07-02 17:00:08,198 - No active profile set, falling back to 1 default profile: "default"
[INFO]2024-07-02 17:00:08,241 - Devtools property defaults active! Set 'spring.devtools.add-properties' to 'false' to disable
[INFO]2024-07-02 17:00:08,241 - For additional web related logging consider setting the 'logging.level.web' property to 'DEBUG'
[INFO]2024-07-02 17:00:08,916 - Multiple Spring Data modules found, entering strict repository configuration mode
[INFO]2024-07-02 17:00:08,916 - Bootstrapping Spring Data JPA repositories in DEFAULT mode.
[INFO]2024-07-02 17:00:08,931 - Finished Spring Data repository scanning in 8 ms. Found 0 JPA repository interfaces.
[INFO]2024-07-02 17:00:08,941 - Multiple Spring Data modules found, entering strict repository configuration mode
[INFO]2024-07-02 17:00:08,942 - Bootstrapping Spring Data Redis repositories in DEFAULT mode.
[INFO]2024-07-02 17:00:08,951 - Finished Spring Data repository scanning in 3 ms. Found 0 Redis repository interfaces.
[INFO]2024-07-02 17:00:09,402 - Tomcat initialized with port(s): 8080 (http)
[INFO]2024-07-02 17:00:09,403 - Loaded Apache Tomcat Native library [1.3.0] using APR version [1.7.4].
[INFO]2024-07-02 17:00:09,403 - APR capabilities: IPv6 [true], sendfile [true], accept filters [false], random [true], UDS [true].
[INFO]2024-07-02 17:00:09,403 - APR/OpenSSL configuration: useAprConnector [false], useOpenSSL [true]
[INFO]2024-07-02 17:00:09,407 - OpenSSL successfully initialized [OpenSSL 3.0.13 30 Jan 2024]
[INFO]2024-07-02 17:00:09,413 - Initializing ProtocolHandler ["http-nio-8080"]
[INFO]2024-07-02 17:00:09,414 - Starting service [Tomcat]
[INFO]2024-07-02 17:00:09,414 - Starting Servlet engine: [Apache Tomcat/9.0.76]
[INFO]2024-07-02 17:00:09,473 - Initializing Spring embedded WebApplicationContext
[INFO]2024-07-02 17:00:09,473 - Root WebApplicationContext: initialization completed in 1232 ms
[INFO]2024-07-02 17:00:09,581 - HikariPool-1 - Starting...
[WARN]2024-07-02 17:00:09,583 - Registered driver with driverClassName=com.mysql.jdbc.Driver was not found, trying direct instantiation.
[INFO]2024-07-02 17:00:09,669 - HikariPool-1 - Start completed.
[INFO]2024-07-02 17:00:09,739 - HHH000412: Hibernate ORM core version 5.6.15.Final
[INFO]2024-07-02 17:00:09,840 - HCANN000001: Hibernate Commons Annotations {5.1.2.Final}
[INFO]2024-07-02 17:00:09,924 - HHH000400: Using dialect: org.hibernate.dialect.MySQL55Dialect
[INFO]2024-07-02 17:00:10,028 - HHH000490: Using JtaPlatform implementation: [org.hibernate.engine.transaction.jta.platform.internal.NoJtaPlatform]
[INFO]2024-07-02 17:00:10,038 - Initialized JPA EntityManagerFactory for persistence unit 'default'
[INFO]2024-07-02 17:00:10,501 - 自定义Redis配置--
[WARN]2024-07-02 17:00:10,548 - spring.jpa.open-in-view is enabled by default. Therefore, database queries may be performed during view rendering. Explicitly configure spring.jpa.open-in-view to disable this warning
[INFO]2024-07-02 17:00:10,658 - Adding welcome page template: index
[INFO]2024-07-02 17:00:10,895 - LiveReload server is running on port 35729
[INFO]2024-07-02 17:00:10,916 - Starting ProtocolHandler ["http-nio-8080"]
[INFO]2024-07-02 17:00:10,930 - Tomcat started on port(s): 8080 (http) with context path ''
[INFO]2024-07-02 17:00:10,944 - Started SpringbootApplication in 3.069 seconds (JVM running for 3.769)
[INFO]2024-07-02 17:07:29,840 - Closing JPA EntityManagerFactory for persistence unit 'default'
[INFO]2024-07-02 17:07:29,842 - HikariPool-1 - Shutdown initiated...
[INFO]2024-07-02 17:07:29,847 - HikariPool-1 - Shutdown completed.
[INFO]2024-07-02 17:07:34,849 - Starting SpringbootApplication using Java 20.0.1 on LAPTOP-L2BN52PD with PID 14664 (E:\shixi\springboot\target\classes started by jiaoy in E:\shixi\springboot)
[INFO]2024-07-02 17:07:34,851 - No active profile set, falling back to 1 default profile: "default"
[INFO]2024-07-02 17:07:34,913 - Devtools property defaults active! Set 'spring.devtools.add-properties' to 'false' to disable
[INFO]2024-07-02 17:07:34,913 - For additional web related logging consider setting the 'logging.level.web' property to 'DEBUG'
[INFO]2024-07-02 17:07:35,809 - Multiple Spring Data modules found, entering strict repository configuration mode
[INFO]2024-07-02 17:07:35,809 - Bootstrapping Spring Data JPA repositories in DEFAULT mode.
[INFO]2024-07-02 17:07:35,828 - Finished Spring Data repository scanning in 10 ms. Found 0 JPA repository interfaces.
[INFO]2024-07-02 17:07:35,840 - Multiple Spring Data modules found, entering strict repository configuration mode
[INFO]2024-07-02 17:07:35,842 - Bootstrapping Spring Data Redis repositories in DEFAULT mode.
[INFO]2024-07-02 17:07:35,855 - Finished Spring Data repository scanning in 5 ms. Found 0 Redis repository interfaces.
[INFO]2024-07-02 17:07:36,331 - Tomcat initialized with port(s): 8080 (http)
[INFO]2024-07-02 17:07:36,331 - Loaded Apache Tomcat Native library [1.3.0] using APR version [1.7.4].
[INFO]2024-07-02 17:07:36,332 - APR capabilities: IPv6 [true], sendfile [true], accept filters [false], random [true], UDS [true].
[INFO]2024-07-02 17:07:36,332 - APR/OpenSSL configuration: useAprConnector [false], useOpenSSL [true]
[INFO]2024-07-02 17:07:36,336 - OpenSSL successfully initialized [OpenSSL 3.0.13 30 Jan 2024]
[INFO]2024-07-02 17:07:36,344 - Initializing ProtocolHandler ["http-nio-8080"]
[INFO]2024-07-02 17:07:36,345 - Starting service [Tomcat]
[INFO]2024-07-02 17:07:36,345 - Starting Servlet engine: [Apache Tomcat/9.0.76]
[INFO]2024-07-02 17:07:36,401 - Initializing Spring embedded WebApplicationContext
[INFO]2024-07-02 17:07:36,401 - Root WebApplicationContext: initialization completed in 1487 ms
[INFO]2024-07-02 17:07:36,507 - HikariPool-1 - Starting...
[WARN]2024-07-02 17:07:36,511 - Registered driver with driverClassName=com.mysql.jdbc.Driver was not found, trying direct instantiation.
[INFO]2024-07-02 17:07:36,612 - HikariPool-1 - Start completed.
[INFO]2024-07-02 17:07:36,677 - HHH000412: Hibernate ORM core version 5.6.15.Final
[INFO]2024-07-02 17:07:36,769 - HCANN000001: Hibernate Commons Annotations {5.1.2.Final}
[INFO]2024-07-02 17:07:36,837 - HHH000400: Using dialect: org.hibernate.dialect.MySQL55Dialect
[INFO]2024-07-02 17:07:36,922 - HHH000490: Using JtaPlatform implementation: [org.hibernate.engine.transaction.jta.platform.internal.NoJtaPlatform]
[INFO]2024-07-02 17:07:36,928 - Initialized JPA EntityManagerFactory for persistence unit 'default'
[INFO]2024-07-02 17:07:37,385 - 自定义Redis配置--
[WARN]2024-07-02 17:07:37,432 - spring.jpa.open-in-view is enabled by default. Therefore, database queries may be performed during view rendering. Explicitly configure spring.jpa.open-in-view to disable this warning
[INFO]2024-07-02 17:07:37,545 - Adding welcome page template: index
[INFO]2024-07-02 17:07:37,779 - LiveReload server is running on port 35729
[INFO]2024-07-02 17:07:37,800 - Starting ProtocolHandler ["http-nio-8080"]
[INFO]2024-07-02 17:07:37,817 - Tomcat started on port(s): 8080 (http) with context path ''
[INFO]2024-07-02 17:07:37,833 - Started SpringbootApplication in 3.299 seconds (JVM running for 3.98)
[INFO]2024-07-02 17:07:38,418 - Initializing Spring DispatcherServlet 'dispatcherServlet'
[INFO]2024-07-02 17:07:38,418 - Initializing Servlet 'dispatcherServlet'
[INFO]2024-07-02 17:07:38,419 - Completed initialization in 1 ms
[WARN]2024-07-02 20:31:35,591 - HikariPool-1 - Thread starvation or clock leap detected (housekeeper delta=2h43m28s224ms871µs800ns).
[WARN]2024-07-02 21:29:19,427 - HikariPool-1 - Thread starvation or clock leap detected (housekeeper delta=57m50s509ms419µs700ns).
[INFO]2024-07-02 21:30:06,611 - Closing JPA EntityManagerFactory for persistence unit 'default'
[INFO]2024-07-02 21:30:06,620 - HikariPool-1 - Shutdown initiated...
[INFO]2024-07-02 21:30:06,624 - HikariPool-1 - Shutdown completed.
