[INFO]2024-07-05 00:16:43,126 - Closing JPA EntityManagerFactory for persistence unit 'default'
[INFO]2024-07-05 00:16:43,131 - HikariPool-1 - Shutdown initiated...
[INFO]2024-07-05 00:16:43,137 - HikariPool-1 - Shutdown completed.
[INFO]2024-07-05 00:16:49,629 - Starting SpringbootApplication using Java 20.0.1 on LAPTOP-L2BN52PD with PID 19036 (E:\shixi\springboot\target\classes started by jiaoy in E:\shixi\springboot)
[INFO]2024-07-05 00:16:49,629 - No active profile set, falling back to 1 default profile: "default"
[INFO]2024-07-05 00:16:49,677 - Devtools property defaults active! Set 'spring.devtools.add-properties' to 'false' to disable
[INFO]2024-07-05 00:16:49,678 - For additional web related logging consider setting the 'logging.level.web' property to 'DEBUG'
[INFO]2024-07-05 00:16:50,398 - Multiple Spring Data modules found, entering strict repository configuration mode
[INFO]2024-07-05 00:16:50,398 - Bootstrapping Spring Data JPA repositories in DEFAULT mode.
[INFO]2024-07-05 00:16:50,422 - Finished Spring Data repository scanning in 12 ms. Found 0 JPA repository interfaces.
[INFO]2024-07-05 00:16:50,435 - Multiple Spring Data modules found, entering strict repository configuration mode
[INFO]2024-07-05 00:16:50,437 - Bootstrapping Spring Data Redis repositories in DEFAULT mode.
[INFO]2024-07-05 00:16:50,447 - Finished Spring Data repository scanning in 3 ms. Found 0 Redis repository interfaces.
[INFO]2024-07-05 00:16:50,907 - Tomcat initialized with port(s): 8080 (http)
[INFO]2024-07-05 00:16:50,908 - Loaded Apache Tomcat Native library [1.3.0] using APR version [1.7.4].
[INFO]2024-07-05 00:16:50,909 - APR capabilities: IPv6 [true], sendfile [true], accept filters [false], random [true], UDS [true].
[INFO]2024-07-05 00:16:50,909 - APR/OpenSSL configuration: useAprConnector [false], useOpenSSL [true]
[INFO]2024-07-05 00:16:50,913 - OpenSSL successfully initialized [OpenSSL 3.0.13 30 Jan 2024]
[INFO]2024-07-05 00:16:50,918 - Initializing ProtocolHandler ["http-nio-8080"]
[INFO]2024-07-05 00:16:50,919 - Starting service [Tomcat]
[INFO]2024-07-05 00:16:50,920 - Starting Servlet engine: [Apache Tomcat/9.0.76]
[INFO]2024-07-05 00:16:50,977 - Initializing Spring embedded WebApplicationContext
[INFO]2024-07-05 00:16:50,977 - Root WebApplicationContext: initialization completed in 1299 ms
[INFO]2024-07-05 00:16:51,080 - HikariPool-1 - Starting...
[WARN]2024-07-05 00:16:51,081 - Registered driver with driverClassName=com.mysql.jdbc.Driver was not found, trying direct instantiation.
[INFO]2024-07-05 00:16:51,174 - HikariPool-1 - Start completed.
[INFO]2024-07-05 00:16:51,265 - HHH000412: Hibernate ORM core version 5.6.15.Final
[INFO]2024-07-05 00:16:51,363 - HCANN000001: Hibernate Commons Annotations {5.1.2.Final}
[INFO]2024-07-05 00:16:51,439 - HHH000400: Using dialect: org.hibernate.dialect.MySQL55Dialect
[INFO]2024-07-05 00:16:51,528 - HHH000490: Using JtaPlatform implementation: [org.hibernate.engine.transaction.jta.platform.internal.NoJtaPlatform]
[INFO]2024-07-05 00:16:51,535 - Initialized JPA EntityManagerFactory for persistence unit 'default'
[INFO]2024-07-05 00:16:52,277 - 自定义Redis配置--
[WARN]2024-07-05 00:16:52,341 - spring.jpa.open-in-view is enabled by default. Therefore, database queries may be performed during view rendering. Explicitly configure spring.jpa.open-in-view to disable this warning
[INFO]2024-07-05 00:16:52,463 - Adding welcome page template: index
[INFO]2024-07-05 00:16:52,685 - LiveReload server is running on port 35729
[INFO]2024-07-05 00:16:52,705 - Starting ProtocolHandler ["http-nio-8080"]
[INFO]2024-07-05 00:16:52,718 - Tomcat started on port(s): 8080 (http) with context path ''
[INFO]2024-07-05 00:16:52,732 - Started SpringbootApplication in 3.422 seconds (JVM running for 4.078)
[INFO]2024-07-05 00:17:18,927 - Initializing Spring DispatcherServlet 'dispatcherServlet'
[INFO]2024-07-05 00:17:18,927 - Initializing Servlet 'dispatcherServlet'
[INFO]2024-07-05 00:17:18,928 - Completed initialization in 1 ms
[INFO]2024-07-05 00:42:20,336 - Closing JPA EntityManagerFactory for persistence unit 'default'
[INFO]2024-07-05 00:42:20,339 - HikariPool-1 - Shutdown initiated...
[INFO]2024-07-05 00:42:20,344 - HikariPool-1 - Shutdown completed.
[INFO]2024-07-05 00:42:26,541 - Starting SpringbootApplication using Java 20.0.1 on LAPTOP-L2BN52PD with PID 2464 (E:\shixi\springboot\target\classes started by jiaoy in E:\shixi\springboot)
[INFO]2024-07-05 00:42:26,542 - No active profile set, falling back to 1 default profile: "default"
[INFO]2024-07-05 00:42:26,587 - Devtools property defaults active! Set 'spring.devtools.add-properties' to 'false' to disable
[INFO]2024-07-05 00:42:26,587 - For additional web related logging consider setting the 'logging.level.web' property to 'DEBUG'
[INFO]2024-07-05 00:42:27,233 - Multiple Spring Data modules found, entering strict repository configuration mode
[INFO]2024-07-05 00:42:27,233 - Bootstrapping Spring Data JPA repositories in DEFAULT mode.
[INFO]2024-07-05 00:42:27,248 - Finished Spring Data repository scanning in 8 ms. Found 0 JPA repository interfaces.
[INFO]2024-07-05 00:42:27,260 - Multiple Spring Data modules found, entering strict repository configuration mode
[INFO]2024-07-05 00:42:27,261 - Bootstrapping Spring Data Redis repositories in DEFAULT mode.
[INFO]2024-07-05 00:42:27,271 - Finished Spring Data repository scanning in 4 ms. Found 0 Redis repository interfaces.
[INFO]2024-07-05 00:42:27,717 - Tomcat initialized with port(s): 8080 (http)
[INFO]2024-07-05 00:42:27,718 - Loaded Apache Tomcat Native library [1.3.0] using APR version [1.7.4].
[INFO]2024-07-05 00:42:27,718 - APR capabilities: IPv6 [true], sendfile [true], accept filters [false], random [true], UDS [true].
[INFO]2024-07-05 00:42:27,718 - APR/OpenSSL configuration: useAprConnector [false], useOpenSSL [true]
[INFO]2024-07-05 00:42:27,723 - OpenSSL successfully initialized [OpenSSL 3.0.13 30 Jan 2024]
[INFO]2024-07-05 00:42:27,727 - Initializing ProtocolHandler ["http-nio-8080"]
[INFO]2024-07-05 00:42:27,728 - Starting service [Tomcat]
[INFO]2024-07-05 00:42:27,728 - Starting Servlet engine: [Apache Tomcat/9.0.76]
[INFO]2024-07-05 00:42:27,783 - Initializing Spring embedded WebApplicationContext
[INFO]2024-07-05 00:42:27,784 - Root WebApplicationContext: initialization completed in 1196 ms
[INFO]2024-07-05 00:42:27,890 - HikariPool-1 - Starting...
[WARN]2024-07-05 00:42:27,892 - Registered driver with driverClassName=com.mysql.jdbc.Driver was not found, trying direct instantiation.
[INFO]2024-07-05 00:42:27,975 - HikariPool-1 - Start completed.
[INFO]2024-07-05 00:42:28,040 - HHH000412: Hibernate ORM core version 5.6.15.Final
[INFO]2024-07-05 00:42:28,128 - HCANN000001: Hibernate Commons Annotations {5.1.2.Final}
[INFO]2024-07-05 00:42:28,199 - HHH000400: Using dialect: org.hibernate.dialect.MySQL55Dialect
[INFO]2024-07-05 00:42:28,282 - HHH000490: Using JtaPlatform implementation: [org.hibernate.engine.transaction.jta.platform.internal.NoJtaPlatform]
[INFO]2024-07-05 00:42:28,289 - Initialized JPA EntityManagerFactory for persistence unit 'default'
[INFO]2024-07-05 00:42:28,752 - 自定义Redis配置--
[WARN]2024-07-05 00:42:28,810 - spring.jpa.open-in-view is enabled by default. Therefore, database queries may be performed during view rendering. Explicitly configure spring.jpa.open-in-view to disable this warning
[INFO]2024-07-05 00:42:28,920 - Adding welcome page template: index
[INFO]2024-07-05 00:42:29,153 - LiveReload server is running on port 35729
[INFO]2024-07-05 00:42:29,172 - Starting ProtocolHandler ["http-nio-8080"]
[INFO]2024-07-05 00:42:29,186 - Tomcat started on port(s): 8080 (http) with context path ''
[INFO]2024-07-05 00:42:29,201 - Started SpringbootApplication in 2.995 seconds (JVM running for 3.582)
[INFO]2024-07-05 00:43:03,703 - Initializing Spring DispatcherServlet 'dispatcherServlet'
[INFO]2024-07-05 00:43:03,703 - Initializing Servlet 'dispatcherServlet'
[INFO]2024-07-05 00:43:03,704 - Completed initialization in 1 ms
[INFO]2024-07-05 01:05:05,216 - Closing JPA EntityManagerFactory for persistence unit 'default'
[INFO]2024-07-05 01:05:05,221 - HikariPool-1 - Shutdown initiated...
[INFO]2024-07-05 01:05:05,228 - HikariPool-1 - Shutdown completed.
[INFO]2024-07-05 01:05:12,083 - Starting SpringbootApplication using Java 20.0.1 on LAPTOP-L2BN52PD with PID 48688 (E:\shixi\springboot\target\classes started by jiaoy in E:\shixi\springboot)
[INFO]2024-07-05 01:05:12,084 - No active profile set, falling back to 1 default profile: "default"
[INFO]2024-07-05 01:05:12,137 - Devtools property defaults active! Set 'spring.devtools.add-properties' to 'false' to disable
[INFO]2024-07-05 01:05:12,137 - For additional web related logging consider setting the 'logging.level.web' property to 'DEBUG'
[INFO]2024-07-05 01:05:12,838 - Multiple Spring Data modules found, entering strict repository configuration mode
[INFO]2024-07-05 01:05:12,839 - Bootstrapping Spring Data JPA repositories in DEFAULT mode.
[INFO]2024-07-05 01:05:12,853 - Finished Spring Data repository scanning in 8 ms. Found 0 JPA repository interfaces.
[INFO]2024-07-05 01:05:12,863 - Multiple Spring Data modules found, entering strict repository configuration mode
[INFO]2024-07-05 01:05:12,863 - Bootstrapping Spring Data Redis repositories in DEFAULT mode.
[INFO]2024-07-05 01:05:12,871 - Finished Spring Data repository scanning in 3 ms. Found 0 Redis repository interfaces.
[INFO]2024-07-05 01:05:13,390 - Tomcat initialized with port(s): 8080 (http)
[INFO]2024-07-05 01:05:13,391 - Loaded Apache Tomcat Native library [1.3.0] using APR version [1.7.4].
[INFO]2024-07-05 01:05:13,391 - APR capabilities: IPv6 [true], sendfile [true], accept filters [false], random [true], UDS [true].
[INFO]2024-07-05 01:05:13,391 - APR/OpenSSL configuration: useAprConnector [false], useOpenSSL [true]
[INFO]2024-07-05 01:05:13,399 - OpenSSL successfully initialized [OpenSSL 3.0.13 30 Jan 2024]
[INFO]2024-07-05 01:05:13,406 - Initializing ProtocolHandler ["http-nio-8080"]
[INFO]2024-07-05 01:05:13,407 - Starting service [Tomcat]
[INFO]2024-07-05 01:05:13,407 - Starting Servlet engine: [Apache Tomcat/9.0.76]
[INFO]2024-07-05 01:05:13,476 - Initializing Spring embedded WebApplicationContext
[INFO]2024-07-05 01:05:13,477 - Root WebApplicationContext: initialization completed in 1340 ms
[INFO]2024-07-05 01:05:13,591 - HikariPool-1 - Starting...
[WARN]2024-07-05 01:05:13,593 - Registered driver with driverClassName=com.mysql.jdbc.Driver was not found, trying direct instantiation.
[INFO]2024-07-05 01:05:13,681 - HikariPool-1 - Start completed.
[INFO]2024-07-05 01:05:13,770 - HHH000412: Hibernate ORM core version 5.6.15.Final
[INFO]2024-07-05 01:05:13,884 - HCANN000001: Hibernate Commons Annotations {5.1.2.Final}
[INFO]2024-07-05 01:05:13,964 - HHH000400: Using dialect: org.hibernate.dialect.MySQL55Dialect
[INFO]2024-07-05 01:05:14,085 - HHH000490: Using JtaPlatform implementation: [org.hibernate.engine.transaction.jta.platform.internal.NoJtaPlatform]
[INFO]2024-07-05 01:05:14,093 - Initialized JPA EntityManagerFactory for persistence unit 'default'
[INFO]2024-07-05 01:05:14,573 - 自定义Redis配置--
[WARN]2024-07-05 01:05:14,616 - spring.jpa.open-in-view is enabled by default. Therefore, database queries may be performed during view rendering. Explicitly configure spring.jpa.open-in-view to disable this warning
[INFO]2024-07-05 01:05:14,747 - Adding welcome page template: index
[INFO]2024-07-05 01:05:14,970 - LiveReload server is running on port 35729
[INFO]2024-07-05 01:05:14,990 - Starting ProtocolHandler ["http-nio-8080"]
[INFO]2024-07-05 01:05:15,005 - Tomcat started on port(s): 8080 (http) with context path ''
[INFO]2024-07-05 01:05:15,018 - Started SpringbootApplication in 3.302 seconds (JVM running for 4.049)
[INFO]2024-07-05 01:06:18,003 - Initializing Spring DispatcherServlet 'dispatcherServlet'
[INFO]2024-07-05 01:06:18,003 - Initializing Servlet 'dispatcherServlet'
[INFO]2024-07-05 01:06:18,004 - Completed initialization in 1 ms
[INFO]2024-07-05 01:08:48,593 - Closing JPA EntityManagerFactory for persistence unit 'default'
[INFO]2024-07-05 01:08:48,595 - HikariPool-1 - Shutdown initiated...
[INFO]2024-07-05 01:08:48,603 - HikariPool-1 - Shutdown completed.
[INFO]2024-07-05 01:08:51,354 - Starting SpringbootApplication using Java 20.0.1 on LAPTOP-L2BN52PD with PID 22304 (E:\shixi\springboot\target\classes started by jiaoy in E:\shixi\springboot)
[INFO]2024-07-05 01:08:51,354 - No active profile set, falling back to 1 default profile: "default"
[INFO]2024-07-05 01:08:51,399 - Devtools property defaults active! Set 'spring.devtools.add-properties' to 'false' to disable
[INFO]2024-07-05 01:08:51,399 - For additional web related logging consider setting the 'logging.level.web' property to 'DEBUG'
[INFO]2024-07-05 01:08:52,021 - Multiple Spring Data modules found, entering strict repository configuration mode
[INFO]2024-07-05 01:08:52,022 - Bootstrapping Spring Data JPA repositories in DEFAULT mode.
[INFO]2024-07-05 01:08:52,036 - Finished Spring Data repository scanning in 8 ms. Found 0 JPA repository interfaces.
[INFO]2024-07-05 01:08:52,046 - Multiple Spring Data modules found, entering strict repository configuration mode
[INFO]2024-07-05 01:08:52,047 - Bootstrapping Spring Data Redis repositories in DEFAULT mode.
[INFO]2024-07-05 01:08:52,056 - Finished Spring Data repository scanning in 4 ms. Found 0 Redis repository interfaces.
[INFO]2024-07-05 01:08:52,490 - Tomcat initialized with port(s): 8080 (http)
[INFO]2024-07-05 01:08:52,491 - Loaded Apache Tomcat Native library [1.3.0] using APR version [1.7.4].
[INFO]2024-07-05 01:08:52,491 - APR capabilities: IPv6 [true], sendfile [true], accept filters [false], random [true], UDS [true].
[INFO]2024-07-05 01:08:52,491 - APR/OpenSSL configuration: useAprConnector [false], useOpenSSL [true]
[INFO]2024-07-05 01:08:52,496 - OpenSSL successfully initialized [OpenSSL 3.0.13 30 Jan 2024]
[INFO]2024-07-05 01:08:52,501 - Initializing ProtocolHandler ["http-nio-8080"]
[INFO]2024-07-05 01:08:52,502 - Starting service [Tomcat]
[INFO]2024-07-05 01:08:52,503 - Starting Servlet engine: [Apache Tomcat/9.0.76]
[INFO]2024-07-05 01:08:52,558 - Initializing Spring embedded WebApplicationContext
[INFO]2024-07-05 01:08:52,558 - Root WebApplicationContext: initialization completed in 1158 ms
[INFO]2024-07-05 01:08:52,665 - HikariPool-1 - Starting...
[WARN]2024-07-05 01:08:52,666 - Registered driver with driverClassName=com.mysql.jdbc.Driver was not found, trying direct instantiation.
[INFO]2024-07-05 01:08:52,771 - HikariPool-1 - Start completed.
[INFO]2024-07-05 01:08:52,830 - HHH000412: Hibernate ORM core version 5.6.15.Final
[INFO]2024-07-05 01:08:52,929 - HCANN000001: Hibernate Commons Annotations {5.1.2.Final}
[INFO]2024-07-05 01:08:53,004 - HHH000400: Using dialect: org.hibernate.dialect.MySQL55Dialect
[INFO]2024-07-05 01:08:53,089 - HHH000490: Using JtaPlatform implementation: [org.hibernate.engine.transaction.jta.platform.internal.NoJtaPlatform]
[INFO]2024-07-05 01:08:53,097 - Initialized JPA EntityManagerFactory for persistence unit 'default'
[INFO]2024-07-05 01:08:53,613 - 自定义Redis配置--
[WARN]2024-07-05 01:08:53,671 - spring.jpa.open-in-view is enabled by default. Therefore, database queries may be performed during view rendering. Explicitly configure spring.jpa.open-in-view to disable this warning
[INFO]2024-07-05 01:08:53,822 - Adding welcome page template: index
[INFO]2024-07-05 01:08:54,260 - LiveReload server is running on port 35729
[INFO]2024-07-05 01:08:54,285 - Starting ProtocolHandler ["http-nio-8080"]
[INFO]2024-07-05 01:08:54,302 - Tomcat started on port(s): 8080 (http) with context path ''
[INFO]2024-07-05 01:08:54,321 - Started SpringbootApplication in 3.328 seconds (JVM running for 3.952)
[INFO]2024-07-05 01:09:03,128 - Initializing Spring DispatcherServlet 'dispatcherServlet'
[INFO]2024-07-05 01:09:03,128 - Initializing Servlet 'dispatcherServlet'
[INFO]2024-07-05 01:09:03,130 - Completed initialization in 2 ms
[INFO]2024-07-05 01:16:12,628 - Closing JPA EntityManagerFactory for persistence unit 'default'
[INFO]2024-07-05 01:16:12,630 - HikariPool-1 - Shutdown initiated...
[INFO]2024-07-05 01:16:12,636 - HikariPool-1 - Shutdown completed.
[INFO]2024-07-05 01:16:15,466 - Starting SpringbootApplication using Java 20.0.1 on LAPTOP-L2BN52PD with PID 46552 (E:\shixi\springboot\target\classes started by jiaoy in E:\shixi\springboot)
[INFO]2024-07-05 01:16:15,466 - No active profile set, falling back to 1 default profile: "default"
[INFO]2024-07-05 01:16:15,512 - Devtools property defaults active! Set 'spring.devtools.add-properties' to 'false' to disable
[INFO]2024-07-05 01:16:15,512 - For additional web related logging consider setting the 'logging.level.web' property to 'DEBUG'
[INFO]2024-07-05 01:16:16,208 - Multiple Spring Data modules found, entering strict repository configuration mode
[INFO]2024-07-05 01:16:16,208 - Bootstrapping Spring Data JPA repositories in DEFAULT mode.
[INFO]2024-07-05 01:16:16,224 - Finished Spring Data repository scanning in 8 ms. Found 0 JPA repository interfaces.
[INFO]2024-07-05 01:16:16,235 - Multiple Spring Data modules found, entering strict repository configuration mode
[INFO]2024-07-05 01:16:16,236 - Bootstrapping Spring Data Redis repositories in DEFAULT mode.
[INFO]2024-07-05 01:16:16,244 - Finished Spring Data repository scanning in 3 ms. Found 0 Redis repository interfaces.
[INFO]2024-07-05 01:16:16,677 - Tomcat initialized with port(s): 8080 (http)
[INFO]2024-07-05 01:16:16,678 - Loaded Apache Tomcat Native library [1.3.0] using APR version [1.7.4].
[INFO]2024-07-05 01:16:16,678 - APR capabilities: IPv6 [true], sendfile [true], accept filters [false], random [true], UDS [true].
[INFO]2024-07-05 01:16:16,678 - APR/OpenSSL configuration: useAprConnector [false], useOpenSSL [true]
[INFO]2024-07-05 01:16:16,683 - OpenSSL successfully initialized [OpenSSL 3.0.13 30 Jan 2024]
[INFO]2024-07-05 01:16:16,694 - Initializing ProtocolHandler ["http-nio-8080"]
[INFO]2024-07-05 01:16:16,695 - Starting service [Tomcat]
[INFO]2024-07-05 01:16:16,695 - Starting Servlet engine: [Apache Tomcat/9.0.76]
[INFO]2024-07-05 01:16:16,748 - Initializing Spring embedded WebApplicationContext
[INFO]2024-07-05 01:16:16,748 - Root WebApplicationContext: initialization completed in 1236 ms
[INFO]2024-07-05 01:16:16,848 - HikariPool-1 - Starting...
[WARN]2024-07-05 01:16:16,850 - Registered driver with driverClassName=com.mysql.jdbc.Driver was not found, trying direct instantiation.
[INFO]2024-07-05 01:16:16,951 - HikariPool-1 - Start completed.
[INFO]2024-07-05 01:16:17,001 - HHH000412: Hibernate ORM core version 5.6.15.Final
[INFO]2024-07-05 01:16:17,080 - HCANN000001: Hibernate Commons Annotations {5.1.2.Final}
[INFO]2024-07-05 01:16:17,148 - HHH000400: Using dialect: org.hibernate.dialect.MySQL55Dialect
[INFO]2024-07-05 01:16:17,231 - HHH000490: Using JtaPlatform implementation: [org.hibernate.engine.transaction.jta.platform.internal.NoJtaPlatform]
[INFO]2024-07-05 01:16:17,237 - Initialized JPA EntityManagerFactory for persistence unit 'default'
[INFO]2024-07-05 01:16:17,659 - 自定义Redis配置--
[WARN]2024-07-05 01:16:17,702 - spring.jpa.open-in-view is enabled by default. Therefore, database queries may be performed during view rendering. Explicitly configure spring.jpa.open-in-view to disable this warning
[INFO]2024-07-05 01:16:17,821 - Adding welcome page template: index
[INFO]2024-07-05 01:16:18,036 - LiveReload server is running on port 35729
[INFO]2024-07-05 01:16:18,055 - Starting ProtocolHandler ["http-nio-8080"]
[INFO]2024-07-05 01:16:18,068 - Tomcat started on port(s): 8080 (http) with context path ''
[INFO]2024-07-05 01:16:18,082 - Started SpringbootApplication in 2.974 seconds (JVM running for 3.705)
[INFO]2024-07-05 01:16:46,795 - Initializing Spring DispatcherServlet 'dispatcherServlet'
[INFO]2024-07-05 01:16:46,795 - Initializing Servlet 'dispatcherServlet'
[INFO]2024-07-05 01:16:46,796 - Completed initialization in 1 ms
[INFO]2024-07-05 01:31:04,710 - Closing JPA EntityManagerFactory for persistence unit 'default'
[INFO]2024-07-05 01:31:04,712 - HikariPool-1 - Shutdown initiated...
[INFO]2024-07-05 01:31:04,717 - HikariPool-1 - Shutdown completed.
[INFO]2024-07-05 01:31:10,594 - Starting SpringbootApplication using Java 20.0.1 on LAPTOP-L2BN52PD with PID 52820 (E:\shixi\springboot\target\classes started by jiaoy in E:\shixi\springboot)
[INFO]2024-07-05 01:31:10,595 - No active profile set, falling back to 1 default profile: "default"
[INFO]2024-07-05 01:31:10,641 - Devtools property defaults active! Set 'spring.devtools.add-properties' to 'false' to disable
[INFO]2024-07-05 01:31:10,641 - For additional web related logging consider setting the 'logging.level.web' property to 'DEBUG'
[INFO]2024-07-05 01:31:11,274 - Multiple Spring Data modules found, entering strict repository configuration mode
[INFO]2024-07-05 01:31:11,274 - Bootstrapping Spring Data JPA repositories in DEFAULT mode.
[INFO]2024-07-05 01:31:11,292 - Finished Spring Data repository scanning in 10 ms. Found 0 JPA repository interfaces.
[INFO]2024-07-05 01:31:11,305 - Multiple Spring Data modules found, entering strict repository configuration mode
[INFO]2024-07-05 01:31:11,305 - Bootstrapping Spring Data Redis repositories in DEFAULT mode.
[INFO]2024-07-05 01:31:11,316 - Finished Spring Data repository scanning in 5 ms. Found 0 Redis repository interfaces.
[INFO]2024-07-05 01:31:11,743 - Tomcat initialized with port(s): 8080 (http)
[INFO]2024-07-05 01:31:11,743 - Loaded Apache Tomcat Native library [1.3.0] using APR version [1.7.4].
[INFO]2024-07-05 01:31:11,744 - APR capabilities: IPv6 [true], sendfile [true], accept filters [false], random [true], UDS [true].
[INFO]2024-07-05 01:31:11,744 - APR/OpenSSL configuration: useAprConnector [false], useOpenSSL [true]
[INFO]2024-07-05 01:31:11,748 - OpenSSL successfully initialized [OpenSSL 3.0.13 30 Jan 2024]
[INFO]2024-07-05 01:31:11,754 - Initializing ProtocolHandler ["http-nio-8080"]
[INFO]2024-07-05 01:31:11,755 - Starting service [Tomcat]
[INFO]2024-07-05 01:31:11,755 - Starting Servlet engine: [Apache Tomcat/9.0.76]
[INFO]2024-07-05 01:31:11,814 - Initializing Spring embedded WebApplicationContext
[INFO]2024-07-05 01:31:11,814 - Root WebApplicationContext: initialization completed in 1173 ms
[INFO]2024-07-05 01:31:11,926 - HikariPool-1 - Starting...
[WARN]2024-07-05 01:31:11,928 - Registered driver with driverClassName=com.mysql.jdbc.Driver was not found, trying direct instantiation.
[INFO]2024-07-05 01:31:12,017 - HikariPool-1 - Start completed.
[INFO]2024-07-05 01:31:12,085 - HHH000412: Hibernate ORM core version 5.6.15.Final
[INFO]2024-07-05 01:31:12,165 - HCANN000001: Hibernate Commons Annotations {5.1.2.Final}
[INFO]2024-07-05 01:31:12,229 - HHH000400: Using dialect: org.hibernate.dialect.MySQL55Dialect
[INFO]2024-07-05 01:31:12,315 - HHH000490: Using JtaPlatform implementation: [org.hibernate.engine.transaction.jta.platform.internal.NoJtaPlatform]
[INFO]2024-07-05 01:31:12,322 - Initialized JPA EntityManagerFactory for persistence unit 'default'
[INFO]2024-07-05 01:31:12,763 - 自定义Redis配置--
[WARN]2024-07-05 01:31:12,807 - spring.jpa.open-in-view is enabled by default. Therefore, database queries may be performed during view rendering. Explicitly configure spring.jpa.open-in-view to disable this warning
[INFO]2024-07-05 01:31:12,914 - Adding welcome page template: index
[INFO]2024-07-05 01:31:13,145 - LiveReload server is running on port 35729
[INFO]2024-07-05 01:31:13,164 - Starting ProtocolHandler ["http-nio-8080"]
[INFO]2024-07-05 01:31:13,179 - Tomcat started on port(s): 8080 (http) with context path ''
[INFO]2024-07-05 01:31:13,194 - Started SpringbootApplication in 2.926 seconds (JVM running for 3.509)
[INFO]2024-07-05 01:31:20,375 - Initializing Spring DispatcherServlet 'dispatcherServlet'
[INFO]2024-07-05 01:31:20,375 - Initializing Servlet 'dispatcherServlet'
[INFO]2024-07-05 01:31:20,376 - Completed initialization in 1 ms
[INFO]2024-07-05 01:33:13,035 - Closing JPA EntityManagerFactory for persistence unit 'default'
[INFO]2024-07-05 01:33:13,053 - HikariPool-1 - Shutdown initiated...
[INFO]2024-07-05 01:33:13,063 - HikariPool-1 - Shutdown completed.
[INFO]2024-07-05 01:33:19,011 - Starting SpringbootApplication using Java 20.0.1 on LAPTOP-L2BN52PD with PID 54172 (E:\shixi\springboot\target\classes started by jiaoy in E:\shixi\springboot)
[INFO]2024-07-05 01:33:19,012 - No active profile set, falling back to 1 default profile: "default"
[INFO]2024-07-05 01:33:19,065 - Devtools property defaults active! Set 'spring.devtools.add-properties' to 'false' to disable
[INFO]2024-07-05 01:33:19,065 - For additional web related logging consider setting the 'logging.level.web' property to 'DEBUG'
[INFO]2024-07-05 01:33:19,983 - Multiple Spring Data modules found, entering strict repository configuration mode
[INFO]2024-07-05 01:33:19,984 - Bootstrapping Spring Data JPA repositories in DEFAULT mode.
[INFO]2024-07-05 01:33:20,009 - Finished Spring Data repository scanning in 14 ms. Found 0 JPA repository interfaces.
[INFO]2024-07-05 01:33:20,028 - Multiple Spring Data modules found, entering strict repository configuration mode
[INFO]2024-07-05 01:33:20,029 - Bootstrapping Spring Data Redis repositories in DEFAULT mode.
[INFO]2024-07-05 01:33:20,044 - Finished Spring Data repository scanning in 6 ms. Found 0 Redis repository interfaces.
[INFO]2024-07-05 01:33:20,677 - Tomcat initialized with port(s): 8080 (http)
[INFO]2024-07-05 01:33:20,678 - Loaded Apache Tomcat Native library [1.3.0] using APR version [1.7.4].
[INFO]2024-07-05 01:33:20,678 - APR capabilities: IPv6 [true], sendfile [true], accept filters [false], random [true], UDS [true].
[INFO]2024-07-05 01:33:20,678 - APR/OpenSSL configuration: useAprConnector [false], useOpenSSL [true]
[INFO]2024-07-05 01:33:20,684 - OpenSSL successfully initialized [OpenSSL 3.0.13 30 Jan 2024]
[INFO]2024-07-05 01:33:20,689 - Initializing ProtocolHandler ["http-nio-8080"]
[INFO]2024-07-05 01:33:20,690 - Starting service [Tomcat]
[INFO]2024-07-05 01:33:20,690 - Starting Servlet engine: [Apache Tomcat/9.0.76]
[INFO]2024-07-05 01:33:20,756 - Initializing Spring embedded WebApplicationContext
[INFO]2024-07-05 01:33:20,757 - Root WebApplicationContext: initialization completed in 1691 ms
[INFO]2024-07-05 01:33:20,877 - HikariPool-1 - Starting...
[WARN]2024-07-05 01:33:20,879 - Registered driver with driverClassName=com.mysql.jdbc.Driver was not found, trying direct instantiation.
[INFO]2024-07-05 01:33:20,976 - HikariPool-1 - Start completed.
[INFO]2024-07-05 01:33:21,047 - HHH000412: Hibernate ORM core version 5.6.15.Final
[INFO]2024-07-05 01:33:21,159 - HCANN000001: Hibernate Commons Annotations {5.1.2.Final}
[INFO]2024-07-05 01:33:21,241 - HHH000400: Using dialect: org.hibernate.dialect.MySQL55Dialect
[INFO]2024-07-05 01:33:21,350 - HHH000490: Using JtaPlatform implementation: [org.hibernate.engine.transaction.jta.platform.internal.NoJtaPlatform]
[INFO]2024-07-05 01:33:21,360 - Initialized JPA EntityManagerFactory for persistence unit 'default'
[INFO]2024-07-05 01:33:21,843 - 自定义Redis配置--
[WARN]2024-07-05 01:33:21,891 - spring.jpa.open-in-view is enabled by default. Therefore, database queries may be performed during view rendering. Explicitly configure spring.jpa.open-in-view to disable this warning
[INFO]2024-07-05 01:33:22,032 - Adding welcome page template: index
[INFO]2024-07-05 01:33:22,284 - LiveReload server is running on port 35729
[INFO]2024-07-05 01:33:22,305 - Starting ProtocolHandler ["http-nio-8080"]
[INFO]2024-07-05 01:33:22,319 - Tomcat started on port(s): 8080 (http) with context path ''
[INFO]2024-07-05 01:33:22,340 - Started SpringbootApplication in 3.672 seconds (JVM running for 4.331)
[INFO]2024-07-05 01:33:25,108 - Initializing Spring DispatcherServlet 'dispatcherServlet'
[INFO]2024-07-05 01:33:25,108 - Initializing Servlet 'dispatcherServlet'
[INFO]2024-07-05 01:33:25,109 - Completed initialization in 1 ms
[INFO]2024-07-05 01:39:02,868 - Closing JPA EntityManagerFactory for persistence unit 'default'
[INFO]2024-07-05 01:39:02,871 - HikariPool-1 - Shutdown initiated...
[INFO]2024-07-05 01:39:02,877 - HikariPool-1 - Shutdown completed.
[INFO]2024-07-05 01:39:09,226 - Starting SpringbootApplication using Java 20.0.1 on LAPTOP-L2BN52PD with PID 5532 (E:\shixi\springboot\target\classes started by jiaoy in E:\shixi\springboot)
[INFO]2024-07-05 01:39:09,228 - No active profile set, falling back to 1 default profile: "default"
[INFO]2024-07-05 01:39:09,275 - Devtools property defaults active! Set 'spring.devtools.add-properties' to 'false' to disable
[INFO]2024-07-05 01:39:09,276 - For additional web related logging consider setting the 'logging.level.web' property to 'DEBUG'
[INFO]2024-07-05 01:39:09,951 - Multiple Spring Data modules found, entering strict repository configuration mode
[INFO]2024-07-05 01:39:09,951 - Bootstrapping Spring Data JPA repositories in DEFAULT mode.
[INFO]2024-07-05 01:39:09,969 - Finished Spring Data repository scanning in 11 ms. Found 0 JPA repository interfaces.
[INFO]2024-07-05 01:39:09,983 - Multiple Spring Data modules found, entering strict repository configuration mode
[INFO]2024-07-05 01:39:09,984 - Bootstrapping Spring Data Redis repositories in DEFAULT mode.
[INFO]2024-07-05 01:39:09,995 - Finished Spring Data repository scanning in 3 ms. Found 0 Redis repository interfaces.
[INFO]2024-07-05 01:39:10,509 - Tomcat initialized with port(s): 8080 (http)
[INFO]2024-07-05 01:39:10,510 - Loaded Apache Tomcat Native library [1.3.0] using APR version [1.7.4].
[INFO]2024-07-05 01:39:10,510 - APR capabilities: IPv6 [true], sendfile [true], accept filters [false], random [true], UDS [true].
[INFO]2024-07-05 01:39:10,510 - APR/OpenSSL configuration: useAprConnector [false], useOpenSSL [true]
[INFO]2024-07-05 01:39:10,518 - OpenSSL successfully initialized [OpenSSL 3.0.13 30 Jan 2024]
[INFO]2024-07-05 01:39:10,525 - Initializing ProtocolHandler ["http-nio-8080"]
[INFO]2024-07-05 01:39:10,526 - Starting service [Tomcat]
[INFO]2024-07-05 01:39:10,526 - Starting Servlet engine: [Apache Tomcat/9.0.76]
[INFO]2024-07-05 01:39:10,582 - Initializing Spring embedded WebApplicationContext
[INFO]2024-07-05 01:39:10,582 - Root WebApplicationContext: initialization completed in 1306 ms
[INFO]2024-07-05 01:39:10,692 - HikariPool-1 - Starting...
[WARN]2024-07-05 01:39:10,694 - Registered driver with driverClassName=com.mysql.jdbc.Driver was not found, trying direct instantiation.
[INFO]2024-07-05 01:39:10,777 - HikariPool-1 - Start completed.
[INFO]2024-07-05 01:39:10,842 - HHH000412: Hibernate ORM core version 5.6.15.Final
[INFO]2024-07-05 01:39:10,933 - HCANN000001: Hibernate Commons Annotations {5.1.2.Final}
[INFO]2024-07-05 01:39:11,000 - HHH000400: Using dialect: org.hibernate.dialect.MySQL55Dialect
[INFO]2024-07-05 01:39:11,091 - HHH000490: Using JtaPlatform implementation: [org.hibernate.engine.transaction.jta.platform.internal.NoJtaPlatform]
[INFO]2024-07-05 01:39:11,100 - Initialized JPA EntityManagerFactory for persistence unit 'default'
[INFO]2024-07-05 01:39:11,667 - 自定义Redis配置--
[WARN]2024-07-05 01:39:11,716 - spring.jpa.open-in-view is enabled by default. Therefore, database queries may be performed during view rendering. Explicitly configure spring.jpa.open-in-view to disable this warning
[INFO]2024-07-05 01:39:11,843 - Adding welcome page template: index
[INFO]2024-07-05 01:39:12,087 - LiveReload server is running on port 35729
[INFO]2024-07-05 01:39:12,107 - Starting ProtocolHandler ["http-nio-8080"]
[INFO]2024-07-05 01:39:12,122 - Tomcat started on port(s): 8080 (http) with context path ''
[INFO]2024-07-05 01:39:12,138 - Started SpringbootApplication in 3.268 seconds (JVM running for 3.955)
[INFO]2024-07-05 01:39:39,061 - Initializing Spring DispatcherServlet 'dispatcherServlet'
[INFO]2024-07-05 01:39:39,061 - Initializing Servlet 'dispatcherServlet'
[INFO]2024-07-05 01:39:39,063 - Completed initialization in 2 ms
[INFO]2024-07-05 01:44:50,726 - Closing JPA EntityManagerFactory for persistence unit 'default'
[INFO]2024-07-05 01:44:50,728 - HikariPool-1 - Shutdown initiated...
[INFO]2024-07-05 01:44:50,738 - HikariPool-1 - Shutdown completed.
[INFO]2024-07-05 01:44:56,717 - Starting SpringbootApplication using Java 20.0.1 on LAPTOP-L2BN52PD with PID 152 (E:\shixi\springboot\target\classes started by jiaoy in E:\shixi\springboot)
[INFO]2024-07-05 01:44:56,718 - No active profile set, falling back to 1 default profile: "default"
[INFO]2024-07-05 01:44:56,761 - Devtools property defaults active! Set 'spring.devtools.add-properties' to 'false' to disable
[INFO]2024-07-05 01:44:56,761 - For additional web related logging consider setting the 'logging.level.web' property to 'DEBUG'
[INFO]2024-07-05 01:44:57,468 - Multiple Spring Data modules found, entering strict repository configuration mode
[INFO]2024-07-05 01:44:57,468 - Bootstrapping Spring Data JPA repositories in DEFAULT mode.
[INFO]2024-07-05 01:44:57,486 - Finished Spring Data repository scanning in 10 ms. Found 0 JPA repository interfaces.
[INFO]2024-07-05 01:44:57,497 - Multiple Spring Data modules found, entering strict repository configuration mode
[INFO]2024-07-05 01:44:57,498 - Bootstrapping Spring Data Redis repositories in DEFAULT mode.
[INFO]2024-07-05 01:44:57,507 - Finished Spring Data repository scanning in 4 ms. Found 0 Redis repository interfaces.
[INFO]2024-07-05 01:44:57,956 - Tomcat initialized with port(s): 8080 (http)
[INFO]2024-07-05 01:44:57,957 - Loaded Apache Tomcat Native library [1.3.0] using APR version [1.7.4].
[INFO]2024-07-05 01:44:57,957 - APR capabilities: IPv6 [true], sendfile [true], accept filters [false], random [true], UDS [true].
[INFO]2024-07-05 01:44:57,957 - APR/OpenSSL configuration: useAprConnector [false], useOpenSSL [true]
[INFO]2024-07-05 01:44:57,962 - OpenSSL successfully initialized [OpenSSL 3.0.13 30 Jan 2024]
[INFO]2024-07-05 01:44:57,967 - Initializing ProtocolHandler ["http-nio-8080"]
[INFO]2024-07-05 01:44:57,967 - Starting service [Tomcat]
[INFO]2024-07-05 01:44:57,968 - Starting Servlet engine: [Apache Tomcat/9.0.76]
[INFO]2024-07-05 01:44:58,028 - Initializing Spring embedded WebApplicationContext
[INFO]2024-07-05 01:44:58,028 - Root WebApplicationContext: initialization completed in 1267 ms
[INFO]2024-07-05 01:44:58,135 - HikariPool-1 - Starting...
[WARN]2024-07-05 01:44:58,136 - Registered driver with driverClassName=com.mysql.jdbc.Driver was not found, trying direct instantiation.
[INFO]2024-07-05 01:44:58,224 - HikariPool-1 - Start completed.
[INFO]2024-07-05 01:44:58,281 - HHH000412: Hibernate ORM core version 5.6.15.Final
[INFO]2024-07-05 01:44:58,365 - HCANN000001: Hibernate Commons Annotations {5.1.2.Final}
[INFO]2024-07-05 01:44:58,430 - HHH000400: Using dialect: org.hibernate.dialect.MySQL55Dialect
[INFO]2024-07-05 01:44:58,517 - HHH000490: Using JtaPlatform implementation: [org.hibernate.engine.transaction.jta.platform.internal.NoJtaPlatform]
[INFO]2024-07-05 01:44:58,525 - Initialized JPA EntityManagerFactory for persistence unit 'default'
[INFO]2024-07-05 01:44:58,950 - 自定义Redis配置--
[WARN]2024-07-05 01:44:58,994 - spring.jpa.open-in-view is enabled by default. Therefore, database queries may be performed during view rendering. Explicitly configure spring.jpa.open-in-view to disable this warning
[INFO]2024-07-05 01:44:59,109 - Adding welcome page template: index
[INFO]2024-07-05 01:44:59,317 - LiveReload server is running on port 35729
[INFO]2024-07-05 01:44:59,334 - Starting ProtocolHandler ["http-nio-8080"]
[INFO]2024-07-05 01:44:59,347 - Tomcat started on port(s): 8080 (http) with context path ''
[INFO]2024-07-05 01:44:59,360 - Started SpringbootApplication in 3.076 seconds (JVM running for 3.694)
[INFO]2024-07-05 01:46:30,641 - Initializing Spring DispatcherServlet 'dispatcherServlet'
[INFO]2024-07-05 01:46:30,641 - Initializing Servlet 'dispatcherServlet'
[INFO]2024-07-05 01:46:30,642 - Completed initialization in 1 ms
[INFO]2024-07-05 02:15:49,452 - Closing JPA EntityManagerFactory for persistence unit 'default'
[INFO]2024-07-05 02:15:49,456 - HikariPool-1 - Shutdown initiated...
[INFO]2024-07-05 02:15:49,459 - HikariPool-1 - Shutdown completed.
[INFO]2024-07-05 02:15:56,288 - Starting SpringbootApplication using Java 20.0.1 on LAPTOP-L2BN52PD with PID 22356 (E:\shixi\springboot\target\classes started by jiaoy in E:\shixi\springboot)
[INFO]2024-07-05 02:15:56,289 - No active profile set, falling back to 1 default profile: "default"
[INFO]2024-07-05 02:15:56,332 - Devtools property defaults active! Set 'spring.devtools.add-properties' to 'false' to disable
[INFO]2024-07-05 02:15:56,332 - For additional web related logging consider setting the 'logging.level.web' property to 'DEBUG'
[INFO]2024-07-05 02:15:56,919 - Multiple Spring Data modules found, entering strict repository configuration mode
[INFO]2024-07-05 02:15:56,920 - Bootstrapping Spring Data JPA repositories in DEFAULT mode.
[INFO]2024-07-05 02:15:56,936 - Finished Spring Data repository scanning in 9 ms. Found 0 JPA repository interfaces.
[INFO]2024-07-05 02:15:56,948 - Multiple Spring Data modules found, entering strict repository configuration mode
[INFO]2024-07-05 02:15:56,949 - Bootstrapping Spring Data Redis repositories in DEFAULT mode.
[INFO]2024-07-05 02:15:56,959 - Finished Spring Data repository scanning in 3 ms. Found 0 Redis repository interfaces.
[INFO]2024-07-05 02:15:57,421 - Tomcat initialized with port(s): 8080 (http)
[INFO]2024-07-05 02:15:57,422 - Loaded Apache Tomcat Native library [1.3.0] using APR version [1.7.4].
[INFO]2024-07-05 02:15:57,422 - APR capabilities: IPv6 [true], sendfile [true], accept filters [false], random [true], UDS [true].
[INFO]2024-07-05 02:15:57,423 - APR/OpenSSL configuration: useAprConnector [false], useOpenSSL [true]
[INFO]2024-07-05 02:15:57,429 - OpenSSL successfully initialized [OpenSSL 3.0.13 30 Jan 2024]
[INFO]2024-07-05 02:15:57,436 - Initializing ProtocolHandler ["http-nio-8080"]
[INFO]2024-07-05 02:15:57,437 - Starting service [Tomcat]
[INFO]2024-07-05 02:15:57,437 - Starting Servlet engine: [Apache Tomcat/9.0.76]
[INFO]2024-07-05 02:15:57,502 - Initializing Spring embedded WebApplicationContext
[INFO]2024-07-05 02:15:57,502 - Root WebApplicationContext: initialization completed in 1170 ms
[INFO]2024-07-05 02:15:57,613 - HikariPool-1 - Starting...
[WARN]2024-07-05 02:15:57,615 - Registered driver with driverClassName=com.mysql.jdbc.Driver was not found, trying direct instantiation.
[INFO]2024-07-05 02:15:57,702 - HikariPool-1 - Start completed.
[INFO]2024-07-05 02:15:57,785 - HHH000412: Hibernate ORM core version 5.6.15.Final
[INFO]2024-07-05 02:15:57,888 - HCANN000001: Hibernate Commons Annotations {5.1.2.Final}
[INFO]2024-07-05 02:15:57,968 - HHH000400: Using dialect: org.hibernate.dialect.MySQL55Dialect
[INFO]2024-07-05 02:15:58,076 - HHH000490: Using JtaPlatform implementation: [org.hibernate.engine.transaction.jta.platform.internal.NoJtaPlatform]
[INFO]2024-07-05 02:15:58,083 - Initialized JPA EntityManagerFactory for persistence unit 'default'
[INFO]2024-07-05 02:15:58,552 - 自定义Redis配置--
[WARN]2024-07-05 02:15:58,601 - spring.jpa.open-in-view is enabled by default. Therefore, database queries may be performed during view rendering. Explicitly configure spring.jpa.open-in-view to disable this warning
[INFO]2024-07-05 02:15:58,754 - Adding welcome page template: index
[INFO]2024-07-05 02:15:59,003 - LiveReload server is running on port 35729
[INFO]2024-07-05 02:15:59,022 - Starting ProtocolHandler ["http-nio-8080"]
[INFO]2024-07-05 02:15:59,037 - Tomcat started on port(s): 8080 (http) with context path ''
[INFO]2024-07-05 02:15:59,053 - Started SpringbootApplication in 3.2 seconds (JVM running for 4.114)
[INFO]2024-07-05 02:17:13,173 - Initializing Spring DispatcherServlet 'dispatcherServlet'
[INFO]2024-07-05 02:17:13,174 - Initializing Servlet 'dispatcherServlet'
[INFO]2024-07-05 02:17:13,175 - Completed initialization in 1 ms
[INFO]2024-07-05 02:17:23,568 - Closing JPA EntityManagerFactory for persistence unit 'default'
[INFO]2024-07-05 02:17:23,570 - HikariPool-1 - Shutdown initiated...
[INFO]2024-07-05 02:17:23,575 - HikariPool-1 - Shutdown completed.
[INFO]2024-07-05 02:17:26,265 - Starting SpringbootApplication using Java 20.0.1 on LAPTOP-L2BN52PD with PID 42360 (E:\shixi\springboot\target\classes started by jiaoy in E:\shixi\springboot)
[INFO]2024-07-05 02:17:26,266 - No active profile set, falling back to 1 default profile: "default"
[INFO]2024-07-05 02:17:26,312 - Devtools property defaults active! Set 'spring.devtools.add-properties' to 'false' to disable
[INFO]2024-07-05 02:17:26,312 - For additional web related logging consider setting the 'logging.level.web' property to 'DEBUG'
[INFO]2024-07-05 02:17:26,939 - Multiple Spring Data modules found, entering strict repository configuration mode
[INFO]2024-07-05 02:17:26,940 - Bootstrapping Spring Data JPA repositories in DEFAULT mode.
[INFO]2024-07-05 02:17:26,954 - Finished Spring Data repository scanning in 7 ms. Found 0 JPA repository interfaces.
[INFO]2024-07-05 02:17:26,964 - Multiple Spring Data modules found, entering strict repository configuration mode
[INFO]2024-07-05 02:17:26,964 - Bootstrapping Spring Data Redis repositories in DEFAULT mode.
[INFO]2024-07-05 02:17:26,972 - Finished Spring Data repository scanning in 3 ms. Found 0 Redis repository interfaces.
[INFO]2024-07-05 02:17:27,407 - Tomcat initialized with port(s): 8080 (http)
[INFO]2024-07-05 02:17:27,408 - Loaded Apache Tomcat Native library [1.3.0] using APR version [1.7.4].
[INFO]2024-07-05 02:17:27,408 - APR capabilities: IPv6 [true], sendfile [true], accept filters [false], random [true], UDS [true].
[INFO]2024-07-05 02:17:27,408 - APR/OpenSSL configuration: useAprConnector [false], useOpenSSL [true]
[INFO]2024-07-05 02:17:27,413 - OpenSSL successfully initialized [OpenSSL 3.0.13 30 Jan 2024]
[INFO]2024-07-05 02:17:27,417 - Initializing ProtocolHandler ["http-nio-8080"]
[INFO]2024-07-05 02:17:27,418 - Starting service [Tomcat]
[INFO]2024-07-05 02:17:27,419 - Starting Servlet engine: [Apache Tomcat/9.0.76]
[INFO]2024-07-05 02:17:27,472 - Initializing Spring embedded WebApplicationContext
[INFO]2024-07-05 02:17:27,473 - Root WebApplicationContext: initialization completed in 1160 ms
[INFO]2024-07-05 02:17:27,572 - HikariPool-1 - Starting...
[WARN]2024-07-05 02:17:27,574 - Registered driver with driverClassName=com.mysql.jdbc.Driver was not found, trying direct instantiation.
[INFO]2024-07-05 02:17:27,661 - HikariPool-1 - Start completed.
[INFO]2024-07-05 02:17:27,726 - HHH000412: Hibernate ORM core version 5.6.15.Final
[INFO]2024-07-05 02:17:27,811 - HCANN000001: Hibernate Commons Annotations {5.1.2.Final}
[INFO]2024-07-05 02:17:27,881 - HHH000400: Using dialect: org.hibernate.dialect.MySQL55Dialect
[INFO]2024-07-05 02:17:27,967 - HHH000490: Using JtaPlatform implementation: [org.hibernate.engine.transaction.jta.platform.internal.NoJtaPlatform]
[INFO]2024-07-05 02:17:27,973 - Initialized JPA EntityManagerFactory for persistence unit 'default'
[INFO]2024-07-05 02:17:28,402 - 自定义Redis配置--
[WARN]2024-07-05 02:17:28,447 - spring.jpa.open-in-view is enabled by default. Therefore, database queries may be performed during view rendering. Explicitly configure spring.jpa.open-in-view to disable this warning
[INFO]2024-07-05 02:17:28,570 - Adding welcome page template: index
[INFO]2024-07-05 02:17:28,797 - LiveReload server is running on port 35729
[INFO]2024-07-05 02:17:28,815 - Starting ProtocolHandler ["http-nio-8080"]
[INFO]2024-07-05 02:17:28,829 - Tomcat started on port(s): 8080 (http) with context path ''
[INFO]2024-07-05 02:17:28,846 - Started SpringbootApplication in 2.892 seconds (JVM running for 3.526)
[INFO]2024-07-05 02:17:37,287 - Initializing Spring DispatcherServlet 'dispatcherServlet'
[INFO]2024-07-05 02:17:37,288 - Initializing Servlet 'dispatcherServlet'
[INFO]2024-07-05 02:17:37,289 - Completed initialization in 1 ms
[INFO]2024-07-05 02:21:00,460 - Closing JPA EntityManagerFactory for persistence unit 'default'
[INFO]2024-07-05 02:21:00,462 - HikariPool-1 - Shutdown initiated...
[INFO]2024-07-05 02:21:00,467 - HikariPool-1 - Shutdown completed.
[INFO]2024-07-05 02:21:03,211 - Starting SpringbootApplication using Java 20.0.1 on LAPTOP-L2BN52PD with PID 37168 (E:\shixi\springboot\target\classes started by jiaoy in E:\shixi\springboot)
[INFO]2024-07-05 02:21:03,212 - No active profile set, falling back to 1 default profile: "default"
[INFO]2024-07-05 02:21:03,258 - Devtools property defaults active! Set 'spring.devtools.add-properties' to 'false' to disable
[INFO]2024-07-05 02:21:03,258 - For additional web related logging consider setting the 'logging.level.web' property to 'DEBUG'
[INFO]2024-07-05 02:21:03,859 - Multiple Spring Data modules found, entering strict repository configuration mode
[INFO]2024-07-05 02:21:03,859 - Bootstrapping Spring Data JPA repositories in DEFAULT mode.
[INFO]2024-07-05 02:21:03,873 - Finished Spring Data repository scanning in 7 ms. Found 0 JPA repository interfaces.
[INFO]2024-07-05 02:21:03,882 - Multiple Spring Data modules found, entering strict repository configuration mode
[INFO]2024-07-05 02:21:03,883 - Bootstrapping Spring Data Redis repositories in DEFAULT mode.
[INFO]2024-07-05 02:21:03,891 - Finished Spring Data repository scanning in 3 ms. Found 0 Redis repository interfaces.
[INFO]2024-07-05 02:21:04,332 - Tomcat initialized with port(s): 8080 (http)
[INFO]2024-07-05 02:21:04,333 - Loaded Apache Tomcat Native library [1.3.0] using APR version [1.7.4].
[INFO]2024-07-05 02:21:04,333 - APR capabilities: IPv6 [true], sendfile [true], accept filters [false], random [true], UDS [true].
[INFO]2024-07-05 02:21:04,333 - APR/OpenSSL configuration: useAprConnector [false], useOpenSSL [true]
[INFO]2024-07-05 02:21:04,338 - OpenSSL successfully initialized [OpenSSL 3.0.13 30 Jan 2024]
[INFO]2024-07-05 02:21:04,342 - Initializing ProtocolHandler ["http-nio-8080"]
[INFO]2024-07-05 02:21:04,344 - Starting service [Tomcat]
[INFO]2024-07-05 02:21:04,344 - Starting Servlet engine: [Apache Tomcat/9.0.76]
[INFO]2024-07-05 02:21:04,401 - Initializing Spring embedded WebApplicationContext
[INFO]2024-07-05 02:21:04,401 - Root WebApplicationContext: initialization completed in 1143 ms
[INFO]2024-07-05 02:21:04,512 - HikariPool-1 - Starting...
[WARN]2024-07-05 02:21:04,513 - Registered driver with driverClassName=com.mysql.jdbc.Driver was not found, trying direct instantiation.
[INFO]2024-07-05 02:21:04,603 - HikariPool-1 - Start completed.
[INFO]2024-07-05 02:21:04,655 - HHH000412: Hibernate ORM core version 5.6.15.Final
[INFO]2024-07-05 02:21:04,740 - HCANN000001: Hibernate Commons Annotations {5.1.2.Final}
[INFO]2024-07-05 02:21:04,814 - HHH000400: Using dialect: org.hibernate.dialect.MySQL55Dialect
[INFO]2024-07-05 02:21:04,901 - HHH000490: Using JtaPlatform implementation: [org.hibernate.engine.transaction.jta.platform.internal.NoJtaPlatform]
[INFO]2024-07-05 02:21:04,908 - Initialized JPA EntityManagerFactory for persistence unit 'default'
[INFO]2024-07-05 02:21:05,341 - 自定义Redis配置--
[WARN]2024-07-05 02:21:05,385 - spring.jpa.open-in-view is enabled by default. Therefore, database queries may be performed during view rendering. Explicitly configure spring.jpa.open-in-view to disable this warning
[INFO]2024-07-05 02:21:05,499 - Adding welcome page template: index
[INFO]2024-07-05 02:21:05,723 - LiveReload server is running on port 35729
[INFO]2024-07-05 02:21:05,739 - Starting ProtocolHandler ["http-nio-8080"]
[INFO]2024-07-05 02:21:05,753 - Tomcat started on port(s): 8080 (http) with context path ''
[INFO]2024-07-05 02:21:05,767 - Started SpringbootApplication in 2.87 seconds (JVM running for 3.634)
[INFO]2024-07-05 02:21:20,236 - Initializing Spring DispatcherServlet 'dispatcherServlet'
[INFO]2024-07-05 02:21:20,236 - Initializing Servlet 'dispatcherServlet'
[INFO]2024-07-05 02:21:20,237 - Completed initialization in 1 ms
[INFO]2024-07-05 02:24:51,662 - Closing JPA EntityManagerFactory for persistence unit 'default'
[INFO]2024-07-05 02:24:51,664 - HikariPool-1 - Shutdown initiated...
[INFO]2024-07-05 02:24:51,669 - HikariPool-1 - Shutdown completed.
[INFO]2024-07-05 02:24:54,361 - Starting SpringbootApplication using Java 20.0.1 on LAPTOP-L2BN52PD with PID 10196 (E:\shixi\springboot\target\classes started by jiaoy in E:\shixi\springboot)
[INFO]2024-07-05 02:24:54,362 - No active profile set, falling back to 1 default profile: "default"
[INFO]2024-07-05 02:24:54,407 - Devtools property defaults active! Set 'spring.devtools.add-properties' to 'false' to disable
[INFO]2024-07-05 02:24:54,407 - For additional web related logging consider setting the 'logging.level.web' property to 'DEBUG'
[INFO]2024-07-05 02:24:55,021 - Multiple Spring Data modules found, entering strict repository configuration mode
[INFO]2024-07-05 02:24:55,021 - Bootstrapping Spring Data JPA repositories in DEFAULT mode.
[INFO]2024-07-05 02:24:55,035 - Finished Spring Data repository scanning in 8 ms. Found 0 JPA repository interfaces.
[INFO]2024-07-05 02:24:55,045 - Multiple Spring Data modules found, entering strict repository configuration mode
[INFO]2024-07-05 02:24:55,045 - Bootstrapping Spring Data Redis repositories in DEFAULT mode.
[INFO]2024-07-05 02:24:55,054 - Finished Spring Data repository scanning in 3 ms. Found 0 Redis repository interfaces.
[INFO]2024-07-05 02:24:55,484 - Tomcat initialized with port(s): 8080 (http)
[INFO]2024-07-05 02:24:55,485 - Loaded Apache Tomcat Native library [1.3.0] using APR version [1.7.4].
[INFO]2024-07-05 02:24:55,485 - APR capabilities: IPv6 [true], sendfile [true], accept filters [false], random [true], UDS [true].
[INFO]2024-07-05 02:24:55,485 - APR/OpenSSL configuration: useAprConnector [false], useOpenSSL [true]
[INFO]2024-07-05 02:24:55,490 - OpenSSL successfully initialized [OpenSSL 3.0.13 30 Jan 2024]
[INFO]2024-07-05 02:24:55,495 - Initializing ProtocolHandler ["http-nio-8080"]
[INFO]2024-07-05 02:24:55,496 - Starting service [Tomcat]
[INFO]2024-07-05 02:24:55,496 - Starting Servlet engine: [Apache Tomcat/9.0.76]
[INFO]2024-07-05 02:24:55,553 - Initializing Spring embedded WebApplicationContext
[INFO]2024-07-05 02:24:55,553 - Root WebApplicationContext: initialization completed in 1145 ms
[INFO]2024-07-05 02:24:55,660 - HikariPool-1 - Starting...
[WARN]2024-07-05 02:24:55,662 - Registered driver with driverClassName=com.mysql.jdbc.Driver was not found, trying direct instantiation.
[INFO]2024-07-05 02:24:55,754 - HikariPool-1 - Start completed.
[INFO]2024-07-05 02:24:55,806 - HHH000412: Hibernate ORM core version 5.6.15.Final
[INFO]2024-07-05 02:24:55,891 - HCANN000001: Hibernate Commons Annotations {5.1.2.Final}
[INFO]2024-07-05 02:24:55,961 - HHH000400: Using dialect: org.hibernate.dialect.MySQL55Dialect
[INFO]2024-07-05 02:24:56,047 - HHH000490: Using JtaPlatform implementation: [org.hibernate.engine.transaction.jta.platform.internal.NoJtaPlatform]
[INFO]2024-07-05 02:24:56,054 - Initialized JPA EntityManagerFactory for persistence unit 'default'
[INFO]2024-07-05 02:24:56,491 - 自定义Redis配置--
[WARN]2024-07-05 02:24:56,538 - spring.jpa.open-in-view is enabled by default. Therefore, database queries may be performed during view rendering. Explicitly configure spring.jpa.open-in-view to disable this warning
[INFO]2024-07-05 02:24:56,653 - Adding welcome page template: index
[INFO]2024-07-05 02:24:56,870 - LiveReload server is running on port 35729
[INFO]2024-07-05 02:24:56,888 - Starting ProtocolHandler ["http-nio-8080"]
[INFO]2024-07-05 02:24:56,904 - Tomcat started on port(s): 8080 (http) with context path ''
[INFO]2024-07-05 02:24:56,918 - Started SpringbootApplication in 2.879 seconds (JVM running for 3.528)
[INFO]2024-07-05 02:25:03,009 - Initializing Spring DispatcherServlet 'dispatcherServlet'
[INFO]2024-07-05 02:25:03,009 - Initializing Servlet 'dispatcherServlet'
[INFO]2024-07-05 02:25:03,011 - Completed initialization in 2 ms
[INFO]2024-07-05 02:27:02,015 - Closing JPA EntityManagerFactory for persistence unit 'default'
[INFO]2024-07-05 02:27:02,017 - HikariPool-1 - Shutdown initiated...
[INFO]2024-07-05 02:27:02,022 - HikariPool-1 - Shutdown completed.
[INFO]2024-07-05 02:27:04,735 - Starting SpringbootApplication using Java 20.0.1 on LAPTOP-L2BN52PD with PID 11544 (E:\shixi\springboot\target\classes started by jiaoy in E:\shixi\springboot)
[INFO]2024-07-05 02:27:04,736 - No active profile set, falling back to 1 default profile: "default"
[INFO]2024-07-05 02:27:04,781 - Devtools property defaults active! Set 'spring.devtools.add-properties' to 'false' to disable
[INFO]2024-07-05 02:27:04,781 - For additional web related logging consider setting the 'logging.level.web' property to 'DEBUG'
[INFO]2024-07-05 02:27:05,384 - Multiple Spring Data modules found, entering strict repository configuration mode
[INFO]2024-07-05 02:27:05,385 - Bootstrapping Spring Data JPA repositories in DEFAULT mode.
[INFO]2024-07-05 02:27:05,398 - Finished Spring Data repository scanning in 7 ms. Found 0 JPA repository interfaces.
[INFO]2024-07-05 02:27:05,407 - Multiple Spring Data modules found, entering strict repository configuration mode
[INFO]2024-07-05 02:27:05,408 - Bootstrapping Spring Data Redis repositories in DEFAULT mode.
[INFO]2024-07-05 02:27:05,416 - Finished Spring Data repository scanning in 3 ms. Found 0 Redis repository interfaces.
[INFO]2024-07-05 02:27:05,842 - Tomcat initialized with port(s): 8080 (http)
[INFO]2024-07-05 02:27:05,842 - Loaded Apache Tomcat Native library [1.3.0] using APR version [1.7.4].
[INFO]2024-07-05 02:27:05,842 - APR capabilities: IPv6 [true], sendfile [true], accept filters [false], random [true], UDS [true].
[INFO]2024-07-05 02:27:05,842 - APR/OpenSSL configuration: useAprConnector [false], useOpenSSL [true]
[INFO]2024-07-05 02:27:05,847 - OpenSSL successfully initialized [OpenSSL 3.0.13 30 Jan 2024]
[INFO]2024-07-05 02:27:05,852 - Initializing ProtocolHandler ["http-nio-8080"]
[INFO]2024-07-05 02:27:05,853 - Starting service [Tomcat]
[INFO]2024-07-05 02:27:05,853 - Starting Servlet engine: [Apache Tomcat/9.0.76]
[INFO]2024-07-05 02:27:05,908 - Initializing Spring embedded WebApplicationContext
[INFO]2024-07-05 02:27:05,908 - Root WebApplicationContext: initialization completed in 1127 ms
[INFO]2024-07-05 02:27:06,014 - HikariPool-1 - Starting...
[WARN]2024-07-05 02:27:06,015 - Registered driver with driverClassName=com.mysql.jdbc.Driver was not found, trying direct instantiation.
[INFO]2024-07-05 02:27:06,112 - HikariPool-1 - Start completed.
[INFO]2024-07-05 02:27:06,166 - HHH000412: Hibernate ORM core version 5.6.15.Final
[INFO]2024-07-05 02:27:06,250 - HCANN000001: Hibernate Commons Annotations {5.1.2.Final}
[INFO]2024-07-05 02:27:06,319 - HHH000400: Using dialect: org.hibernate.dialect.MySQL55Dialect
[INFO]2024-07-05 02:27:06,405 - HHH000490: Using JtaPlatform implementation: [org.hibernate.engine.transaction.jta.platform.internal.NoJtaPlatform]
[INFO]2024-07-05 02:27:06,413 - Initialized JPA EntityManagerFactory for persistence unit 'default'
[INFO]2024-07-05 02:27:06,836 - 自定义Redis配置--
[WARN]2024-07-05 02:27:06,880 - spring.jpa.open-in-view is enabled by default. Therefore, database queries may be performed during view rendering. Explicitly configure spring.jpa.open-in-view to disable this warning
[INFO]2024-07-05 02:27:06,995 - Adding welcome page template: index
[INFO]2024-07-05 02:27:07,216 - LiveReload server is running on port 35729
[INFO]2024-07-05 02:27:07,233 - Starting ProtocolHandler ["http-nio-8080"]
[INFO]2024-07-05 02:27:07,246 - Tomcat started on port(s): 8080 (http) with context path ''
[INFO]2024-07-05 02:27:07,259 - Started SpringbootApplication in 2.849 seconds (JVM running for 3.463)
[INFO]2024-07-05 02:28:15,016 - Closing JPA EntityManagerFactory for persistence unit 'default'
[INFO]2024-07-05 02:28:15,018 - HikariPool-1 - Shutdown initiated...
[INFO]2024-07-05 02:28:15,023 - HikariPool-1 - Shutdown completed.
[INFO]2024-07-05 02:28:17,725 - Starting SpringbootApplication using Java 20.0.1 on LAPTOP-L2BN52PD with PID 16080 (E:\shixi\springboot\target\classes started by jiaoy in E:\shixi\springboot)
[INFO]2024-07-05 02:28:17,726 - No active profile set, falling back to 1 default profile: "default"
[INFO]2024-07-05 02:28:17,773 - Devtools property defaults active! Set 'spring.devtools.add-properties' to 'false' to disable
[INFO]2024-07-05 02:28:17,773 - For additional web related logging consider setting the 'logging.level.web' property to 'DEBUG'
[INFO]2024-07-05 02:28:18,390 - Multiple Spring Data modules found, entering strict repository configuration mode
[INFO]2024-07-05 02:28:18,391 - Bootstrapping Spring Data JPA repositories in DEFAULT mode.
[INFO]2024-07-05 02:28:18,404 - Finished Spring Data repository scanning in 7 ms. Found 0 JPA repository interfaces.
[INFO]2024-07-05 02:28:18,413 - Multiple Spring Data modules found, entering strict repository configuration mode
[INFO]2024-07-05 02:28:18,414 - Bootstrapping Spring Data Redis repositories in DEFAULT mode.
[INFO]2024-07-05 02:28:18,421 - Finished Spring Data repository scanning in 3 ms. Found 0 Redis repository interfaces.
[INFO]2024-07-05 02:28:18,930 - Tomcat initialized with port(s): 8080 (http)
[INFO]2024-07-05 02:28:18,931 - Loaded Apache Tomcat Native library [1.3.0] using APR version [1.7.4].
[INFO]2024-07-05 02:28:18,931 - APR capabilities: IPv6 [true], sendfile [true], accept filters [false], random [true], UDS [true].
[INFO]2024-07-05 02:28:18,931 - APR/OpenSSL configuration: useAprConnector [false], useOpenSSL [true]
[INFO]2024-07-05 02:28:18,935 - OpenSSL successfully initialized [OpenSSL 3.0.13 30 Jan 2024]
[INFO]2024-07-05 02:28:18,940 - Initializing ProtocolHandler ["http-nio-8080"]
[INFO]2024-07-05 02:28:18,941 - Starting service [Tomcat]
[INFO]2024-07-05 02:28:18,941 - Starting Servlet engine: [Apache Tomcat/9.0.76]
[INFO]2024-07-05 02:28:18,993 - Initializing Spring embedded WebApplicationContext
[INFO]2024-07-05 02:28:18,993 - Root WebApplicationContext: initialization completed in 1219 ms
[INFO]2024-07-05 02:28:19,099 - HikariPool-1 - Starting...
[WARN]2024-07-05 02:28:19,100 - Registered driver with driverClassName=com.mysql.jdbc.Driver was not found, trying direct instantiation.
[INFO]2024-07-05 02:28:19,197 - HikariPool-1 - Start completed.
[INFO]2024-07-05 02:28:19,259 - HHH000412: Hibernate ORM core version 5.6.15.Final
[INFO]2024-07-05 02:28:19,349 - HCANN000001: Hibernate Commons Annotations {5.1.2.Final}
[INFO]2024-07-05 02:28:19,419 - HHH000400: Using dialect: org.hibernate.dialect.MySQL55Dialect
[INFO]2024-07-05 02:28:19,507 - HHH000490: Using JtaPlatform implementation: [org.hibernate.engine.transaction.jta.platform.internal.NoJtaPlatform]
[INFO]2024-07-05 02:28:19,514 - Initialized JPA EntityManagerFactory for persistence unit 'default'
[INFO]2024-07-05 02:28:19,941 - 自定义Redis配置--
[WARN]2024-07-05 02:28:19,986 - spring.jpa.open-in-view is enabled by default. Therefore, database queries may be performed during view rendering. Explicitly configure spring.jpa.open-in-view to disable this warning
[INFO]2024-07-05 02:28:20,107 - Adding welcome page template: index
[INFO]2024-07-05 02:28:20,322 - LiveReload server is running on port 35729
[INFO]2024-07-05 02:28:20,341 - Starting ProtocolHandler ["http-nio-8080"]
[INFO]2024-07-05 02:28:20,354 - Tomcat started on port(s): 8080 (http) with context path ''
[INFO]2024-07-05 02:28:20,368 - Started SpringbootApplication in 2.972 seconds (JVM running for 3.577)
[INFO]2024-07-05 02:28:30,192 - Initializing Spring DispatcherServlet 'dispatcherServlet'
[INFO]2024-07-05 02:28:30,192 - Initializing Servlet 'dispatcherServlet'
[INFO]2024-07-05 02:28:30,193 - Completed initialization in 1 ms
[INFO]2024-07-05 02:50:52,856 - Closing JPA EntityManagerFactory for persistence unit 'default'
[INFO]2024-07-05 02:50:52,859 - HikariPool-1 - Shutdown initiated...
[INFO]2024-07-05 02:50:52,865 - HikariPool-1 - Shutdown completed.
[INFO]2024-07-05 09:06:03,744 - Starting SpringbootApplication using Java 20.0.1 on LAPTOP-L2BN52PD with PID 38736 (E:\shixi\springboot\target\classes started by jiaoy in E:\shixi\springboot)
[INFO]2024-07-05 09:06:03,745 - No active profile set, falling back to 1 default profile: "default"
[INFO]2024-07-05 09:06:03,796 - Devtools property defaults active! Set 'spring.devtools.add-properties' to 'false' to disable
[INFO]2024-07-05 09:06:03,796 - For additional web related logging consider setting the 'logging.level.web' property to 'DEBUG'
[INFO]2024-07-05 09:06:05,163 - Multiple Spring Data modules found, entering strict repository configuration mode
[INFO]2024-07-05 09:06:05,164 - Bootstrapping Spring Data JPA repositories in DEFAULT mode.
[INFO]2024-07-05 09:06:05,183 - Finished Spring Data repository scanning in 10 ms. Found 0 JPA repository interfaces.
[INFO]2024-07-05 09:06:05,199 - Multiple Spring Data modules found, entering strict repository configuration mode
[INFO]2024-07-05 09:06:05,200 - Bootstrapping Spring Data Redis repositories in DEFAULT mode.
[INFO]2024-07-05 09:06:05,213 - Finished Spring Data repository scanning in 3 ms. Found 0 Redis repository interfaces.
[INFO]2024-07-05 09:06:05,838 - Tomcat initialized with port(s): 8080 (http)
[INFO]2024-07-05 09:06:05,839 - Loaded Apache Tomcat Native library [1.3.0] using APR version [1.7.4].
[INFO]2024-07-05 09:06:05,839 - APR capabilities: IPv6 [true], sendfile [true], accept filters [false], random [true], UDS [true].
[INFO]2024-07-05 09:06:05,839 - APR/OpenSSL configuration: useAprConnector [false], useOpenSSL [true]
[INFO]2024-07-05 09:06:05,861 - OpenSSL successfully initialized [OpenSSL 3.0.13 30 Jan 2024]
[INFO]2024-07-05 09:06:05,868 - Initializing ProtocolHandler ["http-nio-8080"]
[INFO]2024-07-05 09:06:05,869 - Starting service [Tomcat]
[INFO]2024-07-05 09:06:05,869 - Starting Servlet engine: [Apache Tomcat/9.0.76]
[INFO]2024-07-05 09:06:05,937 - Initializing Spring embedded WebApplicationContext
[INFO]2024-07-05 09:06:05,937 - Root WebApplicationContext: initialization completed in 2141 ms
[INFO]2024-07-05 09:06:06,089 - HikariPool-1 - Starting...
[WARN]2024-07-05 09:06:06,091 - Registered driver with driverClassName=com.mysql.jdbc.Driver was not found, trying direct instantiation.
[INFO]2024-07-05 09:06:06,216 - HikariPool-1 - Start completed.
[INFO]2024-07-05 09:06:06,293 - HHH000412: Hibernate ORM core version 5.6.15.Final
[INFO]2024-07-05 09:06:06,425 - HCANN000001: Hibernate Commons Annotations {5.1.2.Final}
[INFO]2024-07-05 09:06:06,516 - HHH000400: Using dialect: org.hibernate.dialect.MySQL55Dialect
[INFO]2024-07-05 09:06:06,653 - HHH000490: Using JtaPlatform implementation: [org.hibernate.engine.transaction.jta.platform.internal.NoJtaPlatform]
[INFO]2024-07-05 09:06:06,666 - Initialized JPA EntityManagerFactory for persistence unit 'default'
[INFO]2024-07-05 09:06:07,389 - 自定义Redis配置--
[WARN]2024-07-05 09:06:07,457 - spring.jpa.open-in-view is enabled by default. Therefore, database queries may be performed during view rendering. Explicitly configure spring.jpa.open-in-view to disable this warning
[INFO]2024-07-05 09:06:07,617 - Adding welcome page template: index
[INFO]2024-07-05 09:06:07,935 - LiveReload server is running on port 35729
[INFO]2024-07-05 09:06:07,957 - Starting ProtocolHandler ["http-nio-8080"]
[INFO]2024-07-05 09:06:07,974 - Tomcat started on port(s): 8080 (http) with context path ''
[INFO]2024-07-05 09:06:07,996 - Started SpringbootApplication in 4.701 seconds (JVM running for 9.567)
[INFO]2024-07-05 09:08:59,796 - Initializing Spring DispatcherServlet 'dispatcherServlet'
[INFO]2024-07-05 09:08:59,796 - Initializing Servlet 'dispatcherServlet'
[INFO]2024-07-05 09:08:59,798 - Completed initialization in 2 ms
[WARN]2024-07-05 09:10:43,600 - Resolved [org.springframework.http.converter.HttpMessageNotReadableException: JSON parse error: Unexpected character (' ' (code 160)): was expecting double-quote to start field name; nested exception is com.fasterxml.jackson.core.JsonParseException: Unexpected character (' ' (code 160)): was expecting double-quote to start field name<EOL> at [Source: (org.springframework.util.StreamUtils$NonClosingInputStream); line: 2, column: 3]]
[WARN]2024-07-05 09:11:31,561 - Resolved [org.springframework.http.converter.HttpMessageNotReadableException: JSON parse error: Unexpected character (' ' (code 160)): was expecting double-quote to start field name; nested exception is com.fasterxml.jackson.core.JsonParseException: Unexpected character (' ' (code 160)): was expecting double-quote to start field name<EOL> at [Source: (org.springframework.util.StreamUtils$NonClosingInputStream); line: 2, column: 3]]
[INFO]2024-07-05 09:29:25,199 - Closing JPA EntityManagerFactory for persistence unit 'default'
[INFO]2024-07-05 09:29:25,203 - HikariPool-1 - Shutdown initiated...
[INFO]2024-07-05 09:29:25,209 - HikariPool-1 - Shutdown completed.
[INFO]2024-07-05 09:30:23,757 - Starting SpringbootApplication using Java 20.0.1 on LAPTOP-L2BN52PD with PID 44960 (E:\shixi\springboot\target\classes started by jiaoy in E:\shixi\springboot)
[INFO]2024-07-05 09:30:23,758 - No active profile set, falling back to 1 default profile: "default"
[INFO]2024-07-05 09:30:23,815 - Devtools property defaults active! Set 'spring.devtools.add-properties' to 'false' to disable
[INFO]2024-07-05 09:30:23,815 - For additional web related logging consider setting the 'logging.level.web' property to 'DEBUG'
[INFO]2024-07-05 09:30:24,579 - Multiple Spring Data modules found, entering strict repository configuration mode
[INFO]2024-07-05 09:30:24,580 - Bootstrapping Spring Data JPA repositories in DEFAULT mode.
[INFO]2024-07-05 09:30:24,596 - Finished Spring Data repository scanning in 9 ms. Found 0 JPA repository interfaces.
[INFO]2024-07-05 09:30:24,606 - Multiple Spring Data modules found, entering strict repository configuration mode
[INFO]2024-07-05 09:30:24,607 - Bootstrapping Spring Data Redis repositories in DEFAULT mode.
[INFO]2024-07-05 09:30:24,616 - Finished Spring Data repository scanning in 3 ms. Found 0 Redis repository interfaces.
[INFO]2024-07-05 09:30:25,105 - Tomcat initialized with port(s): 8080 (http)
[INFO]2024-07-05 09:30:25,107 - Loaded Apache Tomcat Native library [1.3.0] using APR version [1.7.4].
[INFO]2024-07-05 09:30:25,107 - APR capabilities: IPv6 [true], sendfile [true], accept filters [false], random [true], UDS [true].
[INFO]2024-07-05 09:30:25,107 - APR/OpenSSL configuration: useAprConnector [false], useOpenSSL [true]
[INFO]2024-07-05 09:30:25,114 - OpenSSL successfully initialized [OpenSSL 3.0.13 30 Jan 2024]
[INFO]2024-07-05 09:30:25,121 - Initializing ProtocolHandler ["http-nio-8080"]
[INFO]2024-07-05 09:30:25,122 - Starting service [Tomcat]
[INFO]2024-07-05 09:30:25,122 - Starting Servlet engine: [Apache Tomcat/9.0.76]
[INFO]2024-07-05 09:30:25,185 - Initializing Spring embedded WebApplicationContext
[INFO]2024-07-05 09:30:25,185 - Root WebApplicationContext: initialization completed in 1369 ms
[INFO]2024-07-05 09:30:25,297 - HikariPool-1 - Starting...
[WARN]2024-07-05 09:30:25,300 - Registered driver with driverClassName=com.mysql.jdbc.Driver was not found, trying direct instantiation.
[INFO]2024-07-05 09:30:25,390 - HikariPool-1 - Start completed.
[INFO]2024-07-05 09:30:25,497 - HHH000412: Hibernate ORM core version 5.6.15.Final
[INFO]2024-07-05 09:30:25,626 - HCANN000001: Hibernate Commons Annotations {5.1.2.Final}
[INFO]2024-07-05 09:30:25,701 - HHH000400: Using dialect: org.hibernate.dialect.MySQL55Dialect
[INFO]2024-07-05 09:30:25,824 - HHH000490: Using JtaPlatform implementation: [org.hibernate.engine.transaction.jta.platform.internal.NoJtaPlatform]
[INFO]2024-07-05 09:30:25,831 - Initialized JPA EntityManagerFactory for persistence unit 'default'
[INFO]2024-07-05 09:30:26,279 - 自定义Redis配置--
[WARN]2024-07-05 09:30:26,322 - spring.jpa.open-in-view is enabled by default. Therefore, database queries may be performed during view rendering. Explicitly configure spring.jpa.open-in-view to disable this warning
[INFO]2024-07-05 09:30:26,439 - Adding welcome page template: index
[INFO]2024-07-05 09:30:26,682 - LiveReload server is running on port 35729
[INFO]2024-07-05 09:30:26,704 - Starting ProtocolHandler ["http-nio-8080"]
[INFO]2024-07-05 09:30:26,720 - Tomcat started on port(s): 8080 (http) with context path ''
[INFO]2024-07-05 09:30:26,734 - Started SpringbootApplication in 3.355 seconds (JVM running for 4.124)
[INFO]2024-07-05 09:31:00,997 - Initializing Spring DispatcherServlet 'dispatcherServlet'
[INFO]2024-07-05 09:31:00,997 - Initializing Servlet 'dispatcherServlet'
[INFO]2024-07-05 09:31:00,998 - Completed initialization in 1 ms
[INFO]2024-07-05 10:03:56,970 - Closing JPA EntityManagerFactory for persistence unit 'default'
[INFO]2024-07-05 10:03:56,975 - HikariPool-1 - Shutdown initiated...
[INFO]2024-07-05 10:03:56,977 - HikariPool-1 - Shutdown completed.
[INFO]2024-07-05 10:04:03,559 - Starting SpringbootApplication using Java 20.0.1 on LAPTOP-L2BN52PD with PID 43248 (E:\shixi\springboot\target\classes started by jiaoy in E:\shixi\springboot)
[INFO]2024-07-05 10:04:03,560 - No active profile set, falling back to 1 default profile: "default"
[INFO]2024-07-05 10:04:03,600 - Devtools property defaults active! Set 'spring.devtools.add-properties' to 'false' to disable
[INFO]2024-07-05 10:04:03,600 - For additional web related logging consider setting the 'logging.level.web' property to 'DEBUG'
[INFO]2024-07-05 10:04:04,244 - Multiple Spring Data modules found, entering strict repository configuration mode
[INFO]2024-07-05 10:04:04,244 - Bootstrapping Spring Data JPA repositories in DEFAULT mode.
[INFO]2024-07-05 10:04:04,258 - Finished Spring Data repository scanning in 8 ms. Found 0 JPA repository interfaces.
[INFO]2024-07-05 10:04:04,268 - Multiple Spring Data modules found, entering strict repository configuration mode
[INFO]2024-07-05 10:04:04,269 - Bootstrapping Spring Data Redis repositories in DEFAULT mode.
[INFO]2024-07-05 10:04:04,278 - Finished Spring Data repository scanning in 3 ms. Found 0 Redis repository interfaces.
[INFO]2024-07-05 10:04:04,802 - Tomcat initialized with port(s): 8080 (http)
[INFO]2024-07-05 10:04:04,805 - Loaded Apache Tomcat Native library [1.3.0] using APR version [1.7.4].
[INFO]2024-07-05 10:04:04,806 - APR capabilities: IPv6 [true], sendfile [true], accept filters [false], random [true], UDS [true].
[INFO]2024-07-05 10:04:04,806 - APR/OpenSSL configuration: useAprConnector [false], useOpenSSL [true]
[INFO]2024-07-05 10:04:04,814 - OpenSSL successfully initialized [OpenSSL 3.0.13 30 Jan 2024]
[INFO]2024-07-05 10:04:04,823 - Initializing ProtocolHandler ["http-nio-8080"]
[INFO]2024-07-05 10:04:04,824 - Starting service [Tomcat]
[INFO]2024-07-05 10:04:04,825 - Starting Servlet engine: [Apache Tomcat/9.0.76]
[INFO]2024-07-05 10:04:04,908 - Initializing Spring embedded WebApplicationContext
[INFO]2024-07-05 10:04:04,909 - Root WebApplicationContext: initialization completed in 1308 ms
[INFO]2024-07-05 10:04:05,024 - HikariPool-1 - Starting...
[WARN]2024-07-05 10:04:05,025 - Registered driver with driverClassName=com.mysql.jdbc.Driver was not found, trying direct instantiation.
[INFO]2024-07-05 10:04:05,112 - HikariPool-1 - Start completed.
[INFO]2024-07-05 10:04:05,206 - HHH000412: Hibernate ORM core version 5.6.15.Final
[INFO]2024-07-05 10:04:05,343 - HCANN000001: Hibernate Commons Annotations {5.1.2.Final}
[INFO]2024-07-05 10:04:05,422 - HHH000400: Using dialect: org.hibernate.dialect.MySQL55Dialect
[INFO]2024-07-05 10:04:05,551 - HHH000490: Using JtaPlatform implementation: [org.hibernate.engine.transaction.jta.platform.internal.NoJtaPlatform]
[INFO]2024-07-05 10:04:05,559 - Initialized JPA EntityManagerFactory for persistence unit 'default'
[INFO]2024-07-05 10:04:06,042 - 自定义Redis配置--
[WARN]2024-07-05 10:04:06,087 - spring.jpa.open-in-view is enabled by default. Therefore, database queries may be performed during view rendering. Explicitly configure spring.jpa.open-in-view to disable this warning
[INFO]2024-07-05 10:04:06,221 - Adding welcome page template: index
[INFO]2024-07-05 10:04:06,450 - LiveReload server is running on port 35729
[INFO]2024-07-05 10:04:06,468 - Starting ProtocolHandler ["http-nio-8080"]
[INFO]2024-07-05 10:04:06,487 - Tomcat started on port(s): 8080 (http) with context path ''
[INFO]2024-07-05 10:04:06,501 - Started SpringbootApplication in 3.306 seconds (JVM running for 4.003)
[INFO]2024-07-05 10:04:49,412 - Initializing Spring DispatcherServlet 'dispatcherServlet'
[INFO]2024-07-05 10:04:49,412 - Initializing Servlet 'dispatcherServlet'
[INFO]2024-07-05 10:04:49,413 - Completed initialization in 1 ms
[INFO]2024-07-05 10:25:20,905 - Closing JPA EntityManagerFactory for persistence unit 'default'
[INFO]2024-07-05 10:25:20,907 - HikariPool-1 - Shutdown initiated...
[INFO]2024-07-05 10:25:20,912 - HikariPool-1 - Shutdown completed.
[INFO]2024-07-05 10:25:27,414 - Starting SpringbootApplication using Java 20.0.1 on LAPTOP-L2BN52PD with PID 16512 (E:\shixi\springboot\target\classes started by jiaoy in E:\shixi\springboot)
[INFO]2024-07-05 10:25:27,418 - No active profile set, falling back to 1 default profile: "default"
[INFO]2024-07-05 10:25:27,473 - Devtools property defaults active! Set 'spring.devtools.add-properties' to 'false' to disable
[INFO]2024-07-05 10:25:27,473 - For additional web related logging consider setting the 'logging.level.web' property to 'DEBUG'
[INFO]2024-07-05 10:25:28,151 - Multiple Spring Data modules found, entering strict repository configuration mode
[INFO]2024-07-05 10:25:28,152 - Bootstrapping Spring Data JPA repositories in DEFAULT mode.
[INFO]2024-07-05 10:25:28,170 - Finished Spring Data repository scanning in 10 ms. Found 0 JPA repository interfaces.
[INFO]2024-07-05 10:25:28,180 - Multiple Spring Data modules found, entering strict repository configuration mode
[INFO]2024-07-05 10:25:28,181 - Bootstrapping Spring Data Redis repositories in DEFAULT mode.
[INFO]2024-07-05 10:25:28,191 - Finished Spring Data repository scanning in 3 ms. Found 0 Redis repository interfaces.
[INFO]2024-07-05 10:25:28,636 - Tomcat initialized with port(s): 8080 (http)
[INFO]2024-07-05 10:25:28,637 - Loaded Apache Tomcat Native library [1.3.0] using APR version [1.7.4].
[INFO]2024-07-05 10:25:28,637 - APR capabilities: IPv6 [true], sendfile [true], accept filters [false], random [true], UDS [true].
[INFO]2024-07-05 10:25:28,637 - APR/OpenSSL configuration: useAprConnector [false], useOpenSSL [true]
[INFO]2024-07-05 10:25:28,642 - OpenSSL successfully initialized [OpenSSL 3.0.13 30 Jan 2024]
[INFO]2024-07-05 10:25:28,651 - Initializing ProtocolHandler ["http-nio-8080"]
[INFO]2024-07-05 10:25:28,652 - Starting service [Tomcat]
[INFO]2024-07-05 10:25:28,652 - Starting Servlet engine: [Apache Tomcat/9.0.76]
[INFO]2024-07-05 10:25:28,707 - Initializing Spring embedded WebApplicationContext
[INFO]2024-07-05 10:25:28,707 - Root WebApplicationContext: initialization completed in 1233 ms
[INFO]2024-07-05 10:25:28,819 - HikariPool-1 - Starting...
[WARN]2024-07-05 10:25:28,821 - Registered driver with driverClassName=com.mysql.jdbc.Driver was not found, trying direct instantiation.
[INFO]2024-07-05 10:25:28,908 - HikariPool-1 - Start completed.
[INFO]2024-07-05 10:25:28,963 - HHH000412: Hibernate ORM core version 5.6.15.Final
[INFO]2024-07-05 10:25:29,046 - HCANN000001: Hibernate Commons Annotations {5.1.2.Final}
[INFO]2024-07-05 10:25:29,111 - HHH000400: Using dialect: org.hibernate.dialect.MySQL55Dialect
[INFO]2024-07-05 10:25:29,191 - HHH000490: Using JtaPlatform implementation: [org.hibernate.engine.transaction.jta.platform.internal.NoJtaPlatform]
[INFO]2024-07-05 10:25:29,199 - Initialized JPA EntityManagerFactory for persistence unit 'default'
[INFO]2024-07-05 10:25:29,650 - 自定义Redis配置--
[WARN]2024-07-05 10:25:29,708 - spring.jpa.open-in-view is enabled by default. Therefore, database queries may be performed during view rendering. Explicitly configure spring.jpa.open-in-view to disable this warning
[INFO]2024-07-05 10:25:29,838 - Adding welcome page template: index
[INFO]2024-07-05 10:25:30,077 - LiveReload server is running on port 35729
[INFO]2024-07-05 10:25:30,096 - Starting ProtocolHandler ["http-nio-8080"]
[INFO]2024-07-05 10:25:30,113 - Tomcat started on port(s): 8080 (http) with context path ''
[INFO]2024-07-05 10:25:30,129 - Started SpringbootApplication in 3.116 seconds (JVM running for 3.793)
[INFO]2024-07-05 10:25:40,573 - Initializing Spring DispatcherServlet 'dispatcherServlet'
[INFO]2024-07-05 10:25:40,573 - Initializing Servlet 'dispatcherServlet'
[INFO]2024-07-05 10:25:40,574 - Completed initialization in 1 ms
[INFO]2024-07-05 10:34:25,822 - Closing JPA EntityManagerFactory for persistence unit 'default'
[INFO]2024-07-05 10:34:25,824 - HikariPool-1 - Shutdown initiated...
[INFO]2024-07-05 10:34:25,829 - HikariPool-1 - Shutdown completed.
[INFO]2024-07-05 10:34:32,305 - Starting SpringbootApplication using Java 20.0.1 on LAPTOP-L2BN52PD with PID 8036 (E:\shixi\springboot\target\classes started by jiaoy in E:\shixi\springboot)
[INFO]2024-07-05 10:34:32,306 - No active profile set, falling back to 1 default profile: "default"
[INFO]2024-07-05 10:34:32,348 - Devtools property defaults active! Set 'spring.devtools.add-properties' to 'false' to disable
[INFO]2024-07-05 10:34:32,348 - For additional web related logging consider setting the 'logging.level.web' property to 'DEBUG'
[INFO]2024-07-05 10:34:33,125 - Multiple Spring Data modules found, entering strict repository configuration mode
[INFO]2024-07-05 10:34:33,126 - Bootstrapping Spring Data JPA repositories in DEFAULT mode.
[INFO]2024-07-05 10:34:33,141 - Finished Spring Data repository scanning in 8 ms. Found 0 JPA repository interfaces.
[INFO]2024-07-05 10:34:33,153 - Multiple Spring Data modules found, entering strict repository configuration mode
[INFO]2024-07-05 10:34:33,154 - Bootstrapping Spring Data Redis repositories in DEFAULT mode.
[INFO]2024-07-05 10:34:33,163 - Finished Spring Data repository scanning in 4 ms. Found 0 Redis repository interfaces.
[INFO]2024-07-05 10:34:33,688 - Tomcat initialized with port(s): 8080 (http)
[INFO]2024-07-05 10:34:33,689 - Loaded Apache Tomcat Native library [1.3.0] using APR version [1.7.4].
[INFO]2024-07-05 10:34:33,689 - APR capabilities: IPv6 [true], sendfile [true], accept filters [false], random [true], UDS [true].
[INFO]2024-07-05 10:34:33,689 - APR/OpenSSL configuration: useAprConnector [false], useOpenSSL [true]
[INFO]2024-07-05 10:34:33,692 - OpenSSL successfully initialized [OpenSSL 3.0.13 30 Jan 2024]
[INFO]2024-07-05 10:34:33,698 - Initializing ProtocolHandler ["http-nio-8080"]
[INFO]2024-07-05 10:34:33,699 - Starting service [Tomcat]
[INFO]2024-07-05 10:34:33,699 - Starting Servlet engine: [Apache Tomcat/9.0.76]
[INFO]2024-07-05 10:34:33,762 - Initializing Spring embedded WebApplicationContext
[INFO]2024-07-05 10:34:33,762 - Root WebApplicationContext: initialization completed in 1414 ms
[INFO]2024-07-05 10:34:33,880 - HikariPool-1 - Starting...
[WARN]2024-07-05 10:34:33,882 - Registered driver with driverClassName=com.mysql.jdbc.Driver was not found, trying direct instantiation.
[INFO]2024-07-05 10:34:33,984 - HikariPool-1 - Start completed.
[INFO]2024-07-05 10:34:34,089 - HHH000412: Hibernate ORM core version 5.6.15.Final
[INFO]2024-07-05 10:34:34,182 - HCANN000001: Hibernate Commons Annotations {5.1.2.Final}
[INFO]2024-07-05 10:34:34,252 - HHH000400: Using dialect: org.hibernate.dialect.MySQL55Dialect
[INFO]2024-07-05 10:34:34,340 - HHH000490: Using JtaPlatform implementation: [org.hibernate.engine.transaction.jta.platform.internal.NoJtaPlatform]
[INFO]2024-07-05 10:34:34,348 - Initialized JPA EntityManagerFactory for persistence unit 'default'
[INFO]2024-07-05 10:34:34,823 - 自定义Redis配置--
[WARN]2024-07-05 10:34:34,868 - spring.jpa.open-in-view is enabled by default. Therefore, database queries may be performed during view rendering. Explicitly configure spring.jpa.open-in-view to disable this warning
[INFO]2024-07-05 10:34:35,094 - Adding welcome page template: index
[INFO]2024-07-05 10:34:35,334 - LiveReload server is running on port 35729
[INFO]2024-07-05 10:34:35,352 - Starting ProtocolHandler ["http-nio-8080"]
[INFO]2024-07-05 10:34:35,368 - Tomcat started on port(s): 8080 (http) with context path ''
[INFO]2024-07-05 10:34:35,383 - Started SpringbootApplication in 3.423 seconds (JVM running for 4.383)
[INFO]2024-07-05 10:35:30,004 - Initializing Spring DispatcherServlet 'dispatcherServlet'
[INFO]2024-07-05 10:35:30,004 - Initializing Servlet 'dispatcherServlet'
[INFO]2024-07-05 10:35:30,005 - Completed initialization in 1 ms
[INFO]2024-07-05 10:40:59,454 - Closing JPA EntityManagerFactory for persistence unit 'default'
[INFO]2024-07-05 10:40:59,457 - HikariPool-1 - Shutdown initiated...
[INFO]2024-07-05 10:40:59,461 - HikariPool-1 - Shutdown completed.
[INFO]2024-07-05 10:41:05,738 - Starting SpringbootApplication using Java 20.0.1 on LAPTOP-L2BN52PD with PID 19076 (E:\shixi\springboot\target\classes started by jiaoy in E:\shixi\springboot)
[INFO]2024-07-05 10:41:05,739 - No active profile set, falling back to 1 default profile: "default"
[INFO]2024-07-05 10:41:05,790 - Devtools property defaults active! Set 'spring.devtools.add-properties' to 'false' to disable
[INFO]2024-07-05 10:41:05,790 - For additional web related logging consider setting the 'logging.level.web' property to 'DEBUG'
[INFO]2024-07-05 10:41:06,531 - Multiple Spring Data modules found, entering strict repository configuration mode
[INFO]2024-07-05 10:41:06,531 - Bootstrapping Spring Data JPA repositories in DEFAULT mode.
[INFO]2024-07-05 10:41:06,552 - Finished Spring Data repository scanning in 12 ms. Found 0 JPA repository interfaces.
[INFO]2024-07-05 10:41:06,564 - Multiple Spring Data modules found, entering strict repository configuration mode
[INFO]2024-07-05 10:41:06,565 - Bootstrapping Spring Data Redis repositories in DEFAULT mode.
[INFO]2024-07-05 10:41:06,578 - Finished Spring Data repository scanning in 5 ms. Found 0 Redis repository interfaces.
[INFO]2024-07-05 10:41:07,275 - Tomcat initialized with port(s): 8080 (http)
[INFO]2024-07-05 10:41:07,276 - Loaded Apache Tomcat Native library [1.3.0] using APR version [1.7.4].
[INFO]2024-07-05 10:41:07,276 - APR capabilities: IPv6 [true], sendfile [true], accept filters [false], random [true], UDS [true].
[INFO]2024-07-05 10:41:07,276 - APR/OpenSSL configuration: useAprConnector [false], useOpenSSL [true]
[INFO]2024-07-05 10:41:07,282 - OpenSSL successfully initialized [OpenSSL 3.0.13 30 Jan 2024]
[INFO]2024-07-05 10:41:07,287 - Initializing ProtocolHandler ["http-nio-8080"]
[INFO]2024-07-05 10:41:07,288 - Starting service [Tomcat]
[INFO]2024-07-05 10:41:07,288 - Starting Servlet engine: [Apache Tomcat/9.0.76]
[INFO]2024-07-05 10:41:07,353 - Initializing Spring embedded WebApplicationContext
[INFO]2024-07-05 10:41:07,353 - Root WebApplicationContext: initialization completed in 1562 ms
[INFO]2024-07-05 10:41:07,468 - HikariPool-1 - Starting...
[WARN]2024-07-05 10:41:07,469 - Registered driver with driverClassName=com.mysql.jdbc.Driver was not found, trying direct instantiation.
[INFO]2024-07-05 10:41:07,567 - HikariPool-1 - Start completed.
[INFO]2024-07-05 10:41:07,633 - HHH000412: Hibernate ORM core version 5.6.15.Final
[INFO]2024-07-05 10:41:07,725 - HCANN000001: Hibernate Commons Annotations {5.1.2.Final}
[INFO]2024-07-05 10:41:07,810 - HHH000400: Using dialect: org.hibernate.dialect.MySQL55Dialect
[INFO]2024-07-05 10:41:07,916 - HHH000490: Using JtaPlatform implementation: [org.hibernate.engine.transaction.jta.platform.internal.NoJtaPlatform]
[INFO]2024-07-05 10:41:07,924 - Initialized JPA EntityManagerFactory for persistence unit 'default'
[INFO]2024-07-05 10:41:08,394 - 自定义Redis配置--
[WARN]2024-07-05 10:41:08,441 - spring.jpa.open-in-view is enabled by default. Therefore, database queries may be performed during view rendering. Explicitly configure spring.jpa.open-in-view to disable this warning
[INFO]2024-07-05 10:41:08,582 - Adding welcome page template: index
[INFO]2024-07-05 10:41:08,826 - LiveReload server is running on port 35729
[INFO]2024-07-05 10:41:08,849 - Starting ProtocolHandler ["http-nio-8080"]
[INFO]2024-07-05 10:41:08,864 - Tomcat started on port(s): 8080 (http) with context path ''
[INFO]2024-07-05 10:41:08,879 - Started SpringbootApplication in 3.471 seconds (JVM running for 4.08)
[INFO]2024-07-05 10:41:28,151 - Initializing Spring DispatcherServlet 'dispatcherServlet'
[INFO]2024-07-05 10:41:28,151 - Initializing Servlet 'dispatcherServlet'
[INFO]2024-07-05 10:41:28,152 - Completed initialization in 1 ms
[INFO]2024-07-05 10:53:23,048 - Closing JPA EntityManagerFactory for persistence unit 'default'
[INFO]2024-07-05 10:53:23,050 - HikariPool-1 - Shutdown initiated...
[INFO]2024-07-05 10:53:23,056 - HikariPool-1 - Shutdown completed.
[INFO]2024-07-05 10:53:28,748 - Starting SpringbootApplication using Java 20.0.1 on LAPTOP-L2BN52PD with PID 5540 (E:\shixi\springboot\target\classes started by jiaoy in E:\shixi\springboot)
[INFO]2024-07-05 10:53:28,749 - No active profile set, falling back to 1 default profile: "default"
[INFO]2024-07-05 10:53:28,792 - Devtools property defaults active! Set 'spring.devtools.add-properties' to 'false' to disable
[INFO]2024-07-05 10:53:28,793 - For additional web related logging consider setting the 'logging.level.web' property to 'DEBUG'
[INFO]2024-07-05 10:53:29,466 - Multiple Spring Data modules found, entering strict repository configuration mode
[INFO]2024-07-05 10:53:29,467 - Bootstrapping Spring Data JPA repositories in DEFAULT mode.
[INFO]2024-07-05 10:53:29,489 - Finished Spring Data repository scanning in 12 ms. Found 0 JPA repository interfaces.
[INFO]2024-07-05 10:53:29,502 - Multiple Spring Data modules found, entering strict repository configuration mode
[INFO]2024-07-05 10:53:29,503 - Bootstrapping Spring Data Redis repositories in DEFAULT mode.
[INFO]2024-07-05 10:53:29,512 - Finished Spring Data repository scanning in 3 ms. Found 0 Redis repository interfaces.
[INFO]2024-07-05 10:53:29,958 - Tomcat initialized with port(s): 8080 (http)
[INFO]2024-07-05 10:53:29,959 - Loaded Apache Tomcat Native library [1.3.0] using APR version [1.7.4].
[INFO]2024-07-05 10:53:29,959 - APR capabilities: IPv6 [true], sendfile [true], accept filters [false], random [true], UDS [true].
[INFO]2024-07-05 10:53:29,959 - APR/OpenSSL configuration: useAprConnector [false], useOpenSSL [true]
[INFO]2024-07-05 10:53:29,964 - OpenSSL successfully initialized [OpenSSL 3.0.13 30 Jan 2024]
[INFO]2024-07-05 10:53:29,970 - Initializing ProtocolHandler ["http-nio-8080"]
[INFO]2024-07-05 10:53:29,971 - Starting service [Tomcat]
[INFO]2024-07-05 10:53:29,971 - Starting Servlet engine: [Apache Tomcat/9.0.76]
[INFO]2024-07-05 10:53:30,030 - Initializing Spring embedded WebApplicationContext
[INFO]2024-07-05 10:53:30,030 - Root WebApplicationContext: initialization completed in 1237 ms
[INFO]2024-07-05 10:53:30,133 - HikariPool-1 - Starting...
[WARN]2024-07-05 10:53:30,136 - Registered driver with driverClassName=com.mysql.jdbc.Driver was not found, trying direct instantiation.
[INFO]2024-07-05 10:53:30,223 - HikariPool-1 - Start completed.
[INFO]2024-07-05 10:53:30,292 - HHH000412: Hibernate ORM core version 5.6.15.Final
[INFO]2024-07-05 10:53:30,397 - HCANN000001: Hibernate Commons Annotations {5.1.2.Final}
[INFO]2024-07-05 10:53:30,474 - HHH000400: Using dialect: org.hibernate.dialect.MySQL55Dialect
[INFO]2024-07-05 10:53:30,554 - HHH000490: Using JtaPlatform implementation: [org.hibernate.engine.transaction.jta.platform.internal.NoJtaPlatform]
[INFO]2024-07-05 10:53:30,561 - Initialized JPA EntityManagerFactory for persistence unit 'default'
[INFO]2024-07-05 10:53:30,987 - 自定义Redis配置--
[WARN]2024-07-05 10:53:31,032 - spring.jpa.open-in-view is enabled by default. Therefore, database queries may be performed during view rendering. Explicitly configure spring.jpa.open-in-view to disable this warning
[INFO]2024-07-05 10:53:31,150 - Adding welcome page template: index
[INFO]2024-07-05 10:53:31,379 - LiveReload server is running on port 35729
[INFO]2024-07-05 10:53:31,396 - Starting ProtocolHandler ["http-nio-8080"]
[INFO]2024-07-05 10:53:31,413 - Tomcat started on port(s): 8080 (http) with context path ''
[INFO]2024-07-05 10:53:31,427 - Started SpringbootApplication in 2.997 seconds (JVM running for 3.582)
[INFO]2024-07-05 10:53:38,269 - Initializing Spring DispatcherServlet 'dispatcherServlet'
[INFO]2024-07-05 10:53:38,269 - Initializing Servlet 'dispatcherServlet'
[INFO]2024-07-05 10:53:38,270 - Completed initialization in 1 ms
[INFO]2024-07-05 10:53:57,362 - Closing JPA EntityManagerFactory for persistence unit 'default'
[INFO]2024-07-05 10:53:57,365 - HikariPool-1 - Shutdown initiated...
[INFO]2024-07-05 10:53:57,371 - HikariPool-1 - Shutdown completed.
[INFO]2024-07-05 10:54:03,229 - Starting SpringbootApplication using Java 20.0.1 on LAPTOP-L2BN52PD with PID 30528 (E:\shixi\springboot\target\classes started by jiaoy in E:\shixi\springboot)
[INFO]2024-07-05 10:54:03,229 - No active profile set, falling back to 1 default profile: "default"
[INFO]2024-07-05 10:54:03,276 - Devtools property defaults active! Set 'spring.devtools.add-properties' to 'false' to disable
[INFO]2024-07-05 10:54:03,276 - For additional web related logging consider setting the 'logging.level.web' property to 'DEBUG'
[INFO]2024-07-05 10:54:03,878 - Multiple Spring Data modules found, entering strict repository configuration mode
[INFO]2024-07-05 10:54:03,879 - Bootstrapping Spring Data JPA repositories in DEFAULT mode.
[INFO]2024-07-05 10:54:03,895 - Finished Spring Data repository scanning in 8 ms. Found 0 JPA repository interfaces.
[INFO]2024-07-05 10:54:03,905 - Multiple Spring Data modules found, entering strict repository configuration mode
[INFO]2024-07-05 10:54:03,906 - Bootstrapping Spring Data Redis repositories in DEFAULT mode.
[INFO]2024-07-05 10:54:03,914 - Finished Spring Data repository scanning in 3 ms. Found 0 Redis repository interfaces.
[INFO]2024-07-05 10:54:04,345 - Tomcat initialized with port(s): 8080 (http)
[INFO]2024-07-05 10:54:04,346 - Loaded Apache Tomcat Native library [1.3.0] using APR version [1.7.4].
[INFO]2024-07-05 10:54:04,346 - APR capabilities: IPv6 [true], sendfile [true], accept filters [false], random [true], UDS [true].
[INFO]2024-07-05 10:54:04,346 - APR/OpenSSL configuration: useAprConnector [false], useOpenSSL [true]
[INFO]2024-07-05 10:54:04,350 - OpenSSL successfully initialized [OpenSSL 3.0.13 30 Jan 2024]
[INFO]2024-07-05 10:54:04,355 - Initializing ProtocolHandler ["http-nio-8080"]
[INFO]2024-07-05 10:54:04,356 - Starting service [Tomcat]
[INFO]2024-07-05 10:54:04,356 - Starting Servlet engine: [Apache Tomcat/9.0.76]
[INFO]2024-07-05 10:54:04,414 - Initializing Spring embedded WebApplicationContext
[INFO]2024-07-05 10:54:04,414 - Root WebApplicationContext: initialization completed in 1138 ms
[INFO]2024-07-05 10:54:04,523 - HikariPool-1 - Starting...
[WARN]2024-07-05 10:54:04,525 - Registered driver with driverClassName=com.mysql.jdbc.Driver was not found, trying direct instantiation.
[INFO]2024-07-05 10:54:04,611 - HikariPool-1 - Start completed.
[INFO]2024-07-05 10:54:04,675 - HHH000412: Hibernate ORM core version 5.6.15.Final
[INFO]2024-07-05 10:54:04,760 - HCANN000001: Hibernate Commons Annotations {5.1.2.Final}
[INFO]2024-07-05 10:54:04,831 - HHH000400: Using dialect: org.hibernate.dialect.MySQL55Dialect
[INFO]2024-07-05 10:54:04,920 - HHH000490: Using JtaPlatform implementation: [org.hibernate.engine.transaction.jta.platform.internal.NoJtaPlatform]
[INFO]2024-07-05 10:54:04,927 - Initialized JPA EntityManagerFactory for persistence unit 'default'
[INFO]2024-07-05 10:54:05,405 - 自定义Redis配置--
[WARN]2024-07-05 10:54:05,458 - spring.jpa.open-in-view is enabled by default. Therefore, database queries may be performed during view rendering. Explicitly configure spring.jpa.open-in-view to disable this warning
[INFO]2024-07-05 10:54:05,577 - Adding welcome page template: index
[INFO]2024-07-05 10:54:05,806 - LiveReload server is running on port 35729
[INFO]2024-07-05 10:54:05,823 - Starting ProtocolHandler ["http-nio-8080"]
[INFO]2024-07-05 10:54:05,839 - Tomcat started on port(s): 8080 (http) with context path ''
[INFO]2024-07-05 10:54:05,853 - Started SpringbootApplication in 2.949 seconds (JVM running for 3.544)
[INFO]2024-07-05 10:54:15,786 - Initializing Spring DispatcherServlet 'dispatcherServlet'
[INFO]2024-07-05 10:54:15,786 - Initializing Servlet 'dispatcherServlet'
[INFO]2024-07-05 10:54:15,788 - Completed initialization in 1 ms
[INFO]2024-07-05 10:59:10,317 - Closing JPA EntityManagerFactory for persistence unit 'default'
[INFO]2024-07-05 10:59:10,328 - HikariPool-1 - Shutdown initiated...
[INFO]2024-07-05 10:59:10,334 - HikariPool-1 - Shutdown completed.
[INFO]2024-07-05 10:59:20,966 - Starting SpringbootApplication using Java 20.0.1 on LAPTOP-L2BN52PD with PID 18320 (E:\shixi\springboot\target\classes started by jiaoy in E:\shixi\springboot)
[INFO]2024-07-05 10:59:20,967 - No active profile set, falling back to 1 default profile: "default"
[INFO]2024-07-05 10:59:21,015 - Devtools property defaults active! Set 'spring.devtools.add-properties' to 'false' to disable
[INFO]2024-07-05 10:59:21,015 - For additional web related logging consider setting the 'logging.level.web' property to 'DEBUG'
[INFO]2024-07-05 10:59:21,641 - Multiple Spring Data modules found, entering strict repository configuration mode
[INFO]2024-07-05 10:59:21,641 - Bootstrapping Spring Data JPA repositories in DEFAULT mode.
[INFO]2024-07-05 10:59:21,654 - Finished Spring Data repository scanning in 8 ms. Found 0 JPA repository interfaces.
[INFO]2024-07-05 10:59:21,665 - Multiple Spring Data modules found, entering strict repository configuration mode
[INFO]2024-07-05 10:59:21,666 - Bootstrapping Spring Data Redis repositories in DEFAULT mode.
[INFO]2024-07-05 10:59:21,673 - Finished Spring Data repository scanning in 3 ms. Found 0 Redis repository interfaces.
[INFO]2024-07-05 10:59:22,113 - Tomcat initialized with port(s): 8080 (http)
[INFO]2024-07-05 10:59:22,114 - Loaded Apache Tomcat Native library [1.3.0] using APR version [1.7.4].
[INFO]2024-07-05 10:59:22,114 - APR capabilities: IPv6 [true], sendfile [true], accept filters [false], random [true], UDS [true].
[INFO]2024-07-05 10:59:22,114 - APR/OpenSSL configuration: useAprConnector [false], useOpenSSL [true]
[INFO]2024-07-05 10:59:22,118 - OpenSSL successfully initialized [OpenSSL 3.0.13 30 Jan 2024]
[INFO]2024-07-05 10:59:22,124 - Initializing ProtocolHandler ["http-nio-8080"]
[INFO]2024-07-05 10:59:22,126 - Starting service [Tomcat]
[INFO]2024-07-05 10:59:22,126 - Starting Servlet engine: [Apache Tomcat/9.0.76]
[INFO]2024-07-05 10:59:22,188 - Initializing Spring embedded WebApplicationContext
[INFO]2024-07-05 10:59:22,188 - Root WebApplicationContext: initialization completed in 1172 ms
[INFO]2024-07-05 10:59:22,291 - HikariPool-1 - Starting...
[WARN]2024-07-05 10:59:22,293 - Registered driver with driverClassName=com.mysql.jdbc.Driver was not found, trying direct instantiation.
[INFO]2024-07-05 10:59:22,377 - HikariPool-1 - Start completed.
[INFO]2024-07-05 10:59:22,435 - HHH000412: Hibernate ORM core version 5.6.15.Final
[INFO]2024-07-05 10:59:22,535 - HCANN000001: Hibernate Commons Annotations {5.1.2.Final}
[INFO]2024-07-05 10:59:22,614 - HHH000400: Using dialect: org.hibernate.dialect.MySQL55Dialect
[INFO]2024-07-05 10:59:22,702 - HHH000490: Using JtaPlatform implementation: [org.hibernate.engine.transaction.jta.platform.internal.NoJtaPlatform]
[INFO]2024-07-05 10:59:22,711 - Initialized JPA EntityManagerFactory for persistence unit 'default'
[INFO]2024-07-05 10:59:23,133 - 自定义Redis配置--
[WARN]2024-07-05 10:59:23,179 - spring.jpa.open-in-view is enabled by default. Therefore, database queries may be performed during view rendering. Explicitly configure spring.jpa.open-in-view to disable this warning
[INFO]2024-07-05 10:59:23,295 - Adding welcome page template: index
[INFO]2024-07-05 10:59:23,518 - LiveReload server is running on port 35729
[INFO]2024-07-05 10:59:23,535 - Starting ProtocolHandler ["http-nio-8080"]
[INFO]2024-07-05 10:59:23,550 - Tomcat started on port(s): 8080 (http) with context path ''
[INFO]2024-07-05 10:59:23,565 - Started SpringbootApplication in 2.934 seconds (JVM running for 3.572)
[INFO]2024-07-05 10:59:32,283 - Initializing Spring DispatcherServlet 'dispatcherServlet'
[INFO]2024-07-05 10:59:32,283 - Initializing Servlet 'dispatcherServlet'
[INFO]2024-07-05 10:59:32,284 - Completed initialization in 1 ms
[INFO]2024-07-05 11:10:52,716 - Closing JPA EntityManagerFactory for persistence unit 'default'
[INFO]2024-07-05 11:10:52,719 - HikariPool-1 - Shutdown initiated...
[INFO]2024-07-05 11:10:52,724 - HikariPool-1 - Shutdown completed.
[INFO]2024-07-05 11:10:59,513 - Starting SpringbootApplication using Java 20.0.1 on LAPTOP-L2BN52PD with PID 32796 (E:\shixi\springboot\target\classes started by jiaoy in E:\shixi\springboot)
[INFO]2024-07-05 11:10:59,514 - No active profile set, falling back to 1 default profile: "default"
[INFO]2024-07-05 11:10:59,568 - Devtools property defaults active! Set 'spring.devtools.add-properties' to 'false' to disable
[INFO]2024-07-05 11:10:59,569 - For additional web related logging consider setting the 'logging.level.web' property to 'DEBUG'
[INFO]2024-07-05 11:11:00,444 - Multiple Spring Data modules found, entering strict repository configuration mode
[INFO]2024-07-05 11:11:00,444 - Bootstrapping Spring Data JPA repositories in DEFAULT mode.
[INFO]2024-07-05 11:11:00,460 - Finished Spring Data repository scanning in 8 ms. Found 0 JPA repository interfaces.
[INFO]2024-07-05 11:11:00,472 - Multiple Spring Data modules found, entering strict repository configuration mode
[INFO]2024-07-05 11:11:00,473 - Bootstrapping Spring Data Redis repositories in DEFAULT mode.
[INFO]2024-07-05 11:11:00,482 - Finished Spring Data repository scanning in 3 ms. Found 0 Redis repository interfaces.
[INFO]2024-07-05 11:11:01,007 - Tomcat initialized with port(s): 8080 (http)
[INFO]2024-07-05 11:11:01,008 - Loaded Apache Tomcat Native library [1.3.0] using APR version [1.7.4].
[INFO]2024-07-05 11:11:01,008 - APR capabilities: IPv6 [true], sendfile [true], accept filters [false], random [true], UDS [true].
[INFO]2024-07-05 11:11:01,008 - APR/OpenSSL configuration: useAprConnector [false], useOpenSSL [true]
[INFO]2024-07-05 11:11:01,013 - OpenSSL successfully initialized [OpenSSL 3.0.13 30 Jan 2024]
[INFO]2024-07-05 11:11:01,020 - Initializing ProtocolHandler ["http-nio-8080"]
[INFO]2024-07-05 11:11:01,021 - Starting service [Tomcat]
[INFO]2024-07-05 11:11:01,021 - Starting Servlet engine: [Apache Tomcat/9.0.76]
[INFO]2024-07-05 11:11:01,083 - Initializing Spring embedded WebApplicationContext
[INFO]2024-07-05 11:11:01,084 - Root WebApplicationContext: initialization completed in 1515 ms
[INFO]2024-07-05 11:11:01,270 - HikariPool-1 - Starting...
[WARN]2024-07-05 11:11:01,272 - Registered driver with driverClassName=com.mysql.jdbc.Driver was not found, trying direct instantiation.
[INFO]2024-07-05 11:11:01,377 - HikariPool-1 - Start completed.
[INFO]2024-07-05 11:11:01,440 - HHH000412: Hibernate ORM core version 5.6.15.Final
[INFO]2024-07-05 11:11:01,528 - HCANN000001: Hibernate Commons Annotations {5.1.2.Final}
[INFO]2024-07-05 11:11:01,597 - HHH000400: Using dialect: org.hibernate.dialect.MySQL55Dialect
[INFO]2024-07-05 11:11:01,695 - HHH000490: Using JtaPlatform implementation: [org.hibernate.engine.transaction.jta.platform.internal.NoJtaPlatform]
[INFO]2024-07-05 11:11:01,703 - Initialized JPA EntityManagerFactory for persistence unit 'default'
[INFO]2024-07-05 11:11:02,245 - 自定义Redis配置--
[WARN]2024-07-05 11:11:02,297 - spring.jpa.open-in-view is enabled by default. Therefore, database queries may be performed during view rendering. Explicitly configure spring.jpa.open-in-view to disable this warning
[INFO]2024-07-05 11:11:02,422 - Adding welcome page template: index
[INFO]2024-07-05 11:11:02,706 - LiveReload server is running on port 35729
[INFO]2024-07-05 11:11:02,725 - Starting ProtocolHandler ["http-nio-8080"]
[INFO]2024-07-05 11:11:02,742 - Tomcat started on port(s): 8080 (http) with context path ''
[INFO]2024-07-05 11:11:02,757 - Started SpringbootApplication in 3.604 seconds (JVM running for 4.327)
[INFO]2024-07-05 11:11:19,162 - Initializing Spring DispatcherServlet 'dispatcherServlet'
[INFO]2024-07-05 11:11:19,162 - Initializing Servlet 'dispatcherServlet'
[INFO]2024-07-05 11:11:19,163 - Completed initialization in 1 ms
[INFO]2024-07-05 11:16:58,831 - Closing JPA EntityManagerFactory for persistence unit 'default'
[INFO]2024-07-05 11:16:58,833 - HikariPool-1 - Shutdown initiated...
[INFO]2024-07-05 11:16:58,838 - HikariPool-1 - Shutdown completed.
[INFO]2024-07-05 11:17:01,577 - Starting SpringbootApplication using Java 20.0.1 on LAPTOP-L2BN52PD with PID 47248 (E:\shixi\springboot\target\classes started by jiaoy in E:\shixi\springboot)
[INFO]2024-07-05 11:17:01,577 - No active profile set, falling back to 1 default profile: "default"
[INFO]2024-07-05 11:17:01,625 - Devtools property defaults active! Set 'spring.devtools.add-properties' to 'false' to disable
[INFO]2024-07-05 11:17:01,625 - For additional web related logging consider setting the 'logging.level.web' property to 'DEBUG'
[INFO]2024-07-05 11:17:02,237 - Multiple Spring Data modules found, entering strict repository configuration mode
[INFO]2024-07-05 11:17:02,237 - Bootstrapping Spring Data JPA repositories in DEFAULT mode.
[INFO]2024-07-05 11:17:02,251 - Finished Spring Data repository scanning in 7 ms. Found 0 JPA repository interfaces.
[INFO]2024-07-05 11:17:02,261 - Multiple Spring Data modules found, entering strict repository configuration mode
[INFO]2024-07-05 11:17:02,262 - Bootstrapping Spring Data Redis repositories in DEFAULT mode.
[INFO]2024-07-05 11:17:02,270 - Finished Spring Data repository scanning in 3 ms. Found 0 Redis repository interfaces.
[INFO]2024-07-05 11:17:02,702 - Tomcat initialized with port(s): 8080 (http)
[INFO]2024-07-05 11:17:02,702 - Loaded Apache Tomcat Native library [1.3.0] using APR version [1.7.4].
[INFO]2024-07-05 11:17:02,703 - APR capabilities: IPv6 [true], sendfile [true], accept filters [false], random [true], UDS [true].
[INFO]2024-07-05 11:17:02,703 - APR/OpenSSL configuration: useAprConnector [false], useOpenSSL [true]
[INFO]2024-07-05 11:17:02,708 - OpenSSL successfully initialized [OpenSSL 3.0.13 30 Jan 2024]
[INFO]2024-07-05 11:17:02,712 - Initializing ProtocolHandler ["http-nio-8080"]
[INFO]2024-07-05 11:17:02,713 - Starting service [Tomcat]
[INFO]2024-07-05 11:17:02,713 - Starting Servlet engine: [Apache Tomcat/9.0.76]
[INFO]2024-07-05 11:17:02,771 - Initializing Spring embedded WebApplicationContext
[INFO]2024-07-05 11:17:02,771 - Root WebApplicationContext: initialization completed in 1146 ms
[INFO]2024-07-05 11:17:02,881 - HikariPool-1 - Starting...
[WARN]2024-07-05 11:17:02,883 - Registered driver with driverClassName=com.mysql.jdbc.Driver was not found, trying direct instantiation.
[INFO]2024-07-05 11:17:02,972 - HikariPool-1 - Start completed.
[INFO]2024-07-05 11:17:03,025 - HHH000412: Hibernate ORM core version 5.6.15.Final
[INFO]2024-07-05 11:17:03,108 - HCANN000001: Hibernate Commons Annotations {5.1.2.Final}
[INFO]2024-07-05 11:17:03,174 - HHH000400: Using dialect: org.hibernate.dialect.MySQL55Dialect
[INFO]2024-07-05 11:17:03,256 - HHH000490: Using JtaPlatform implementation: [org.hibernate.engine.transaction.jta.platform.internal.NoJtaPlatform]
[INFO]2024-07-05 11:17:03,262 - Initialized JPA EntityManagerFactory for persistence unit 'default'
[INFO]2024-07-05 11:17:03,706 - 自定义Redis配置--
[WARN]2024-07-05 11:17:03,748 - spring.jpa.open-in-view is enabled by default. Therefore, database queries may be performed during view rendering. Explicitly configure spring.jpa.open-in-view to disable this warning
[INFO]2024-07-05 11:17:03,867 - Adding welcome page template: index
[INFO]2024-07-05 11:17:04,092 - LiveReload server is running on port 35729
[INFO]2024-07-05 11:17:04,110 - Starting ProtocolHandler ["http-nio-8080"]
[INFO]2024-07-05 11:17:04,123 - Tomcat started on port(s): 8080 (http) with context path ''
[INFO]2024-07-05 11:17:04,138 - Started SpringbootApplication in 2.87 seconds (JVM running for 3.485)
[INFO]2024-07-05 11:17:04,248 - Initializing Spring DispatcherServlet 'dispatcherServlet'
[INFO]2024-07-05 11:17:04,248 - Initializing Servlet 'dispatcherServlet'
[INFO]2024-07-05 11:17:04,249 - Completed initialization in 1 ms
[INFO]2024-07-05 11:17:41,723 - Closing JPA EntityManagerFactory for persistence unit 'default'
[INFO]2024-07-05 11:17:41,726 - HikariPool-1 - Shutdown initiated...
[INFO]2024-07-05 11:17:41,730 - HikariPool-1 - Shutdown completed.
[INFO]2024-07-05 11:17:44,366 - Starting SpringbootApplication using Java 20.0.1 on LAPTOP-L2BN52PD with PID 42740 (E:\shixi\springboot\target\classes started by jiaoy in E:\shixi\springboot)
[INFO]2024-07-05 11:17:44,367 - No active profile set, falling back to 1 default profile: "default"
[INFO]2024-07-05 11:17:44,411 - Devtools property defaults active! Set 'spring.devtools.add-properties' to 'false' to disable
[INFO]2024-07-05 11:17:44,411 - For additional web related logging consider setting the 'logging.level.web' property to 'DEBUG'
[INFO]2024-07-05 11:17:44,998 - Multiple Spring Data modules found, entering strict repository configuration mode
[INFO]2024-07-05 11:17:44,999 - Bootstrapping Spring Data JPA repositories in DEFAULT mode.
[INFO]2024-07-05 11:17:45,013 - Finished Spring Data repository scanning in 8 ms. Found 0 JPA repository interfaces.
[INFO]2024-07-05 11:17:45,022 - Multiple Spring Data modules found, entering strict repository configuration mode
[INFO]2024-07-05 11:17:45,023 - Bootstrapping Spring Data Redis repositories in DEFAULT mode.
[INFO]2024-07-05 11:17:45,031 - Finished Spring Data repository scanning in 3 ms. Found 0 Redis repository interfaces.
[INFO]2024-07-05 11:17:45,453 - Tomcat initialized with port(s): 8080 (http)
[INFO]2024-07-05 11:17:45,454 - Loaded Apache Tomcat Native library [1.3.0] using APR version [1.7.4].
[INFO]2024-07-05 11:17:45,454 - APR capabilities: IPv6 [true], sendfile [true], accept filters [false], random [true], UDS [true].
[INFO]2024-07-05 11:17:45,454 - APR/OpenSSL configuration: useAprConnector [false], useOpenSSL [true]
[INFO]2024-07-05 11:17:45,459 - OpenSSL successfully initialized [OpenSSL 3.0.13 30 Jan 2024]
[INFO]2024-07-05 11:17:45,464 - Initializing ProtocolHandler ["http-nio-8080"]
[INFO]2024-07-05 11:17:45,466 - Starting service [Tomcat]
[INFO]2024-07-05 11:17:45,466 - Starting Servlet engine: [Apache Tomcat/9.0.76]
[INFO]2024-07-05 11:17:45,523 - Initializing Spring embedded WebApplicationContext
[INFO]2024-07-05 11:17:45,523 - Root WebApplicationContext: initialization completed in 1111 ms
[INFO]2024-07-05 11:17:45,624 - HikariPool-1 - Starting...
[WARN]2024-07-05 11:17:45,626 - Registered driver with driverClassName=com.mysql.jdbc.Driver was not found, trying direct instantiation.
[INFO]2024-07-05 11:17:45,711 - HikariPool-1 - Start completed.
[INFO]2024-07-05 11:17:45,770 - HHH000412: Hibernate ORM core version 5.6.15.Final
[INFO]2024-07-05 11:17:45,855 - HCANN000001: Hibernate Commons Annotations {5.1.2.Final}
[INFO]2024-07-05 11:17:45,920 - HHH000400: Using dialect: org.hibernate.dialect.MySQL55Dialect
[INFO]2024-07-05 11:17:46,015 - HHH000490: Using JtaPlatform implementation: [org.hibernate.engine.transaction.jta.platform.internal.NoJtaPlatform]
[INFO]2024-07-05 11:17:46,023 - Initialized JPA EntityManagerFactory for persistence unit 'default'
[INFO]2024-07-05 11:17:46,458 - 自定义Redis配置--
[WARN]2024-07-05 11:17:46,500 - spring.jpa.open-in-view is enabled by default. Therefore, database queries may be performed during view rendering. Explicitly configure spring.jpa.open-in-view to disable this warning
[INFO]2024-07-05 11:17:46,609 - Adding welcome page template: index
[INFO]2024-07-05 11:17:46,845 - LiveReload server is running on port 35729
[INFO]2024-07-05 11:17:46,865 - Starting ProtocolHandler ["http-nio-8080"]
[INFO]2024-07-05 11:17:46,879 - Tomcat started on port(s): 8080 (http) with context path ''
[INFO]2024-07-05 11:17:46,894 - Started SpringbootApplication in 2.848 seconds (JVM running for 3.497)
[INFO]2024-07-05 11:17:52,158 - Initializing Spring DispatcherServlet 'dispatcherServlet'
[INFO]2024-07-05 11:17:52,159 - Initializing Servlet 'dispatcherServlet'
[INFO]2024-07-05 11:17:52,159 - Completed initialization in 0 ms
[WARN]2024-07-05 11:19:13,713 - Resolved [org.springframework.http.converter.HttpMessageNotReadableException: JSON parse error: Cannot deserialize value of type `java.lang.Integer` from String "v001": not a valid `java.lang.Integer` value; nested exception is com.fasterxml.jackson.databind.exc.InvalidFormatException: Cannot deserialize value of type `java.lang.Integer` from String "v001": not a valid `java.lang.Integer` value<EOL> at [Source: (org.springframework.util.StreamUtils$NonClosingInputStream); line: 2, column: 19] (through reference chain: java.util.LinkedHashMap["volunteerId"])]
[INFO]2024-07-05 11:19:58,247 - Closing JPA EntityManagerFactory for persistence unit 'default'
[INFO]2024-07-05 11:19:58,250 - HikariPool-1 - Shutdown initiated...
[INFO]2024-07-05 11:19:58,255 - HikariPool-1 - Shutdown completed.
[INFO]2024-07-05 11:20:00,878 - Starting SpringbootApplication using Java 20.0.1 on LAPTOP-L2BN52PD with PID 53860 (E:\shixi\springboot\target\classes started by jiaoy in E:\shixi\springboot)
[INFO]2024-07-05 11:20:00,878 - No active profile set, falling back to 1 default profile: "default"
[INFO]2024-07-05 11:20:00,925 - Devtools property defaults active! Set 'spring.devtools.add-properties' to 'false' to disable
[INFO]2024-07-05 11:20:00,925 - For additional web related logging consider setting the 'logging.level.web' property to 'DEBUG'
[INFO]2024-07-05 11:20:01,599 - Multiple Spring Data modules found, entering strict repository configuration mode
[INFO]2024-07-05 11:20:01,600 - Bootstrapping Spring Data JPA repositories in DEFAULT mode.
[INFO]2024-07-05 11:20:01,616 - Finished Spring Data repository scanning in 9 ms. Found 0 JPA repository interfaces.
[INFO]2024-07-05 11:20:01,626 - Multiple Spring Data modules found, entering strict repository configuration mode
[INFO]2024-07-05 11:20:01,627 - Bootstrapping Spring Data Redis repositories in DEFAULT mode.
[INFO]2024-07-05 11:20:01,636 - Finished Spring Data repository scanning in 3 ms. Found 0 Redis repository interfaces.
[INFO]2024-07-05 11:20:02,069 - Tomcat initialized with port(s): 8080 (http)
[INFO]2024-07-05 11:20:02,070 - Loaded Apache Tomcat Native library [1.3.0] using APR version [1.7.4].
[INFO]2024-07-05 11:20:02,070 - APR capabilities: IPv6 [true], sendfile [true], accept filters [false], random [true], UDS [true].
[INFO]2024-07-05 11:20:02,070 - APR/OpenSSL configuration: useAprConnector [false], useOpenSSL [true]
[INFO]2024-07-05 11:20:02,075 - OpenSSL successfully initialized [OpenSSL 3.0.13 30 Jan 2024]
[INFO]2024-07-05 11:20:02,079 - Initializing ProtocolHandler ["http-nio-8080"]
[INFO]2024-07-05 11:20:02,080 - Starting service [Tomcat]
[INFO]2024-07-05 11:20:02,080 - Starting Servlet engine: [Apache Tomcat/9.0.76]
[INFO]2024-07-05 11:20:02,138 - Initializing Spring embedded WebApplicationContext
[INFO]2024-07-05 11:20:02,138 - Root WebApplicationContext: initialization completed in 1213 ms
[INFO]2024-07-05 11:20:02,244 - HikariPool-1 - Starting...
[WARN]2024-07-05 11:20:02,246 - Registered driver with driverClassName=com.mysql.jdbc.Driver was not found, trying direct instantiation.
[INFO]2024-07-05 11:20:02,386 - HikariPool-1 - Start completed.
[INFO]2024-07-05 11:20:02,452 - HHH000412: Hibernate ORM core version 5.6.15.Final
[INFO]2024-07-05 11:20:02,539 - HCANN000001: Hibernate Commons Annotations {5.1.2.Final}
[INFO]2024-07-05 11:20:02,612 - HHH000400: Using dialect: org.hibernate.dialect.MySQL55Dialect
[INFO]2024-07-05 11:20:02,695 - HHH000490: Using JtaPlatform implementation: [org.hibernate.engine.transaction.jta.platform.internal.NoJtaPlatform]
[INFO]2024-07-05 11:20:02,706 - Initialized JPA EntityManagerFactory for persistence unit 'default'
[INFO]2024-07-05 11:20:03,276 - 自定义Redis配置--
[WARN]2024-07-05 11:20:03,318 - spring.jpa.open-in-view is enabled by default. Therefore, database queries may be performed during view rendering. Explicitly configure spring.jpa.open-in-view to disable this warning
[INFO]2024-07-05 11:20:03,438 - Adding welcome page template: index
[INFO]2024-07-05 11:20:03,646 - LiveReload server is running on port 35729
[INFO]2024-07-05 11:20:03,662 - Starting ProtocolHandler ["http-nio-8080"]
[INFO]2024-07-05 11:20:03,682 - Tomcat started on port(s): 8080 (http) with context path ''
[INFO]2024-07-05 11:20:03,695 - Started SpringbootApplication in 3.134 seconds (JVM running for 3.785)
[INFO]2024-07-05 11:20:08,552 - Initializing Spring DispatcherServlet 'dispatcherServlet'
[INFO]2024-07-05 11:20:08,552 - Initializing Servlet 'dispatcherServlet'
[INFO]2024-07-05 11:20:08,553 - Completed initialization in 1 ms
[WARN]2024-07-05 11:28:31,772 - Resolved [org.springframework.web.HttpMediaTypeNotSupportedException: Content type 'application/x-www-form-urlencoded;charset=UTF-8' not supported]
[WARN]2024-07-05 11:29:50,442 - Resolved [org.springframework.http.converter.HttpMessageNotReadableException: Required request body is missing: public com.hwadee.springboot.entity.Result com.hwadee.springboot.controller.VolunteerActivityController.getActivityOfTeam(java.util.Map<java.lang.String, java.lang.String>)]
[WARN]2024-07-05 11:30:10,310 - Resolved [org.springframework.web.HttpMediaTypeNotSupportedException: Content type 'application/x-www-form-urlencoded;charset=UTF-8' not supported]
[INFO]2024-07-05 11:35:26,381 - Closing JPA EntityManagerFactory for persistence unit 'default'
[INFO]2024-07-05 11:35:26,384 - HikariPool-1 - Shutdown initiated...
[INFO]2024-07-05 11:35:26,389 - HikariPool-1 - Shutdown completed.
[INFO]2024-07-05 11:35:32,190 - Starting SpringbootApplication using Java 20.0.1 on LAPTOP-L2BN52PD with PID 28592 (E:\shixi\springboot\target\classes started by jiaoy in E:\shixi\springboot)
[INFO]2024-07-05 11:35:32,191 - No active profile set, falling back to 1 default profile: "default"
[INFO]2024-07-05 11:35:32,230 - Devtools property defaults active! Set 'spring.devtools.add-properties' to 'false' to disable
[INFO]2024-07-05 11:35:32,230 - For additional web related logging consider setting the 'logging.level.web' property to 'DEBUG'
[INFO]2024-07-05 11:35:32,841 - Multiple Spring Data modules found, entering strict repository configuration mode
[INFO]2024-07-05 11:35:32,842 - Bootstrapping Spring Data JPA repositories in DEFAULT mode.
[INFO]2024-07-05 11:35:32,859 - Finished Spring Data repository scanning in 9 ms. Found 0 JPA repository interfaces.
[INFO]2024-07-05 11:35:32,870 - Multiple Spring Data modules found, entering strict repository configuration mode
[INFO]2024-07-05 11:35:32,871 - Bootstrapping Spring Data Redis repositories in DEFAULT mode.
[INFO]2024-07-05 11:35:32,880 - Finished Spring Data repository scanning in 4 ms. Found 0 Redis repository interfaces.
[INFO]2024-07-05 11:35:33,326 - Tomcat initialized with port(s): 8080 (http)
[INFO]2024-07-05 11:35:33,327 - Loaded Apache Tomcat Native library [1.3.0] using APR version [1.7.4].
[INFO]2024-07-05 11:35:33,327 - APR capabilities: IPv6 [true], sendfile [true], accept filters [false], random [true], UDS [true].
[INFO]2024-07-05 11:35:33,327 - APR/OpenSSL configuration: useAprConnector [false], useOpenSSL [true]
[INFO]2024-07-05 11:35:33,331 - OpenSSL successfully initialized [OpenSSL 3.0.13 30 Jan 2024]
[INFO]2024-07-05 11:35:33,336 - Initializing ProtocolHandler ["http-nio-8080"]
[INFO]2024-07-05 11:35:33,336 - Starting service [Tomcat]
[INFO]2024-07-05 11:35:33,336 - Starting Servlet engine: [Apache Tomcat/9.0.76]
[INFO]2024-07-05 11:35:33,390 - Initializing Spring embedded WebApplicationContext
[INFO]2024-07-05 11:35:33,390 - Root WebApplicationContext: initialization completed in 1160 ms
[INFO]2024-07-05 11:35:33,495 - HikariPool-1 - Starting...
[WARN]2024-07-05 11:35:33,496 - Registered driver with driverClassName=com.mysql.jdbc.Driver was not found, trying direct instantiation.
[INFO]2024-07-05 11:35:33,577 - HikariPool-1 - Start completed.
[INFO]2024-07-05 11:35:33,642 - HHH000412: Hibernate ORM core version 5.6.15.Final
[INFO]2024-07-05 11:35:33,731 - HCANN000001: Hibernate Commons Annotations {5.1.2.Final}
[INFO]2024-07-05 11:35:33,798 - HHH000400: Using dialect: org.hibernate.dialect.MySQL55Dialect
[INFO]2024-07-05 11:35:33,880 - HHH000490: Using JtaPlatform implementation: [org.hibernate.engine.transaction.jta.platform.internal.NoJtaPlatform]
[INFO]2024-07-05 11:35:33,887 - Initialized JPA EntityManagerFactory for persistence unit 'default'
[INFO]2024-07-05 11:35:34,319 - 自定义Redis配置--
[WARN]2024-07-05 11:35:34,364 - spring.jpa.open-in-view is enabled by default. Therefore, database queries may be performed during view rendering. Explicitly configure spring.jpa.open-in-view to disable this warning
[INFO]2024-07-05 11:35:34,476 - Adding welcome page template: index
[INFO]2024-07-05 11:35:34,704 - LiveReload server is running on port 35729
[INFO]2024-07-05 11:35:34,720 - Starting ProtocolHandler ["http-nio-8080"]
[INFO]2024-07-05 11:35:34,736 - Tomcat started on port(s): 8080 (http) with context path ''
[INFO]2024-07-05 11:35:34,750 - Started SpringbootApplication in 2.893 seconds (JVM running for 3.53)
[INFO]2024-07-05 11:35:34,872 - Initializing Spring DispatcherServlet 'dispatcherServlet'
[INFO]2024-07-05 11:35:34,872 - Initializing Servlet 'dispatcherServlet'
[INFO]2024-07-05 11:35:34,873 - Completed initialization in 1 ms
[WARN]2024-07-05 11:36:49,343 - Resolved [org.springframework.http.converter.HttpMessageNotReadableException: JSON parse error: Unexpected character (' ' (code 160)): was expecting double-quote to start field name; nested exception is com.fasterxml.jackson.core.JsonParseException: Unexpected character (' ' (code 160)): was expecting double-quote to start field name<EOL> at [Source: (org.springframework.util.StreamUtils$NonClosingInputStream); line: 2, column: 3]]
[WARN]2024-07-05 11:38:01,153 - Resolved [org.springframework.web.HttpMediaTypeNotSupportedException: Content type 'application/x-www-form-urlencoded;charset=UTF-8' not supported]
[WARN]2024-07-05 11:38:37,382 - Resolved [org.springframework.web.HttpMediaTypeNotSupportedException: Content type 'application/x-www-form-urlencoded;charset=UTF-8' not supported]
[WARN]2024-07-05 11:39:28,093 - Resolved [org.springframework.web.HttpMediaTypeNotSupportedException: Content type 'application/x-www-form-urlencoded;charset=UTF-8' not supported]
[INFO]2024-07-05 11:44:47,676 - Closing JPA EntityManagerFactory for persistence unit 'default'
[INFO]2024-07-05 11:44:47,692 - HikariPool-1 - Shutdown initiated...
[INFO]2024-07-05 11:44:47,692 - HikariPool-1 - Shutdown completed.
[INFO]2024-07-05 11:44:50,342 - Starting SpringbootApplication using Java 20.0.1 on LAPTOP-L2BN52PD with PID 35312 (E:\shixi\springboot\target\classes started by jiaoy in E:\shixi\springboot)
[INFO]2024-07-05 11:44:50,342 - No active profile set, falling back to 1 default profile: "default"
[INFO]2024-07-05 11:44:50,395 - Devtools property defaults active! Set 'spring.devtools.add-properties' to 'false' to disable
[INFO]2024-07-05 11:44:50,395 - For additional web related logging consider setting the 'logging.level.web' property to 'DEBUG'
[INFO]2024-07-05 11:44:50,987 - Multiple Spring Data modules found, entering strict repository configuration mode
[INFO]2024-07-05 11:44:50,987 - Bootstrapping Spring Data JPA repositories in DEFAULT mode.
[INFO]2024-07-05 11:44:51,002 - Finished Spring Data repository scanning in 7 ms. Found 0 JPA repository interfaces.
[INFO]2024-07-05 11:44:51,002 - Multiple Spring Data modules found, entering strict repository configuration mode
[INFO]2024-07-05 11:44:51,002 - Bootstrapping Spring Data Redis repositories in DEFAULT mode.
[INFO]2024-07-05 11:44:51,018 - Finished Spring Data repository scanning in 3 ms. Found 0 Redis repository interfaces.
[INFO]2024-07-05 11:44:51,440 - Tomcat initialized with port(s): 8080 (http)
[INFO]2024-07-05 11:44:51,440 - Loaded Apache Tomcat Native library [1.3.0] using APR version [1.7.4].
[INFO]2024-07-05 11:44:51,440 - APR capabilities: IPv6 [true], sendfile [true], accept filters [false], random [true], UDS [true].
[INFO]2024-07-05 11:44:51,440 - APR/OpenSSL configuration: useAprConnector [false], useOpenSSL [true]
[INFO]2024-07-05 11:44:51,440 - OpenSSL successfully initialized [OpenSSL 3.0.13 30 Jan 2024]
[INFO]2024-07-05 11:44:51,456 - Initializing ProtocolHandler ["http-nio-8080"]
[INFO]2024-07-05 11:44:51,456 - Starting service [Tomcat]
[INFO]2024-07-05 11:44:51,456 - Starting Servlet engine: [Apache Tomcat/9.0.76]
[INFO]2024-07-05 11:44:51,502 - Initializing Spring embedded WebApplicationContext
[INFO]2024-07-05 11:44:51,502 - Root WebApplicationContext: initialization completed in 1107 ms
[INFO]2024-07-05 11:44:51,612 - HikariPool-1 - Starting...
[WARN]2024-07-05 11:44:51,612 - Registered driver with driverClassName=com.mysql.jdbc.Driver was not found, trying direct instantiation.
[INFO]2024-07-05 11:44:51,690 - HikariPool-1 - Start completed.
[INFO]2024-07-05 11:44:51,752 - HHH000412: Hibernate ORM core version 5.6.15.Final
[INFO]2024-07-05 11:44:51,830 - HCANN000001: Hibernate Commons Annotations {5.1.2.Final}
[INFO]2024-07-05 11:44:51,893 - HHH000400: Using dialect: org.hibernate.dialect.MySQL55Dialect
[INFO]2024-07-05 11:44:51,972 - HHH000490: Using JtaPlatform implementation: [org.hibernate.engine.transaction.jta.platform.internal.NoJtaPlatform]
[INFO]2024-07-05 11:44:51,987 - Initialized JPA EntityManagerFactory for persistence unit 'default'
[INFO]2024-07-05 11:44:52,434 - 自定义Redis配置--
[WARN]2024-07-05 11:44:52,481 - spring.jpa.open-in-view is enabled by default. Therefore, database queries may be performed during view rendering. Explicitly configure spring.jpa.open-in-view to disable this warning
[INFO]2024-07-05 11:44:52,591 - Adding welcome page template: index
[INFO]2024-07-05 11:44:52,865 - LiveReload server is running on port 35729
[INFO]2024-07-05 11:44:52,881 - Starting ProtocolHandler ["http-nio-8080"]
[INFO]2024-07-05 11:44:52,897 - Tomcat started on port(s): 8080 (http) with context path ''
[INFO]2024-07-05 11:44:52,913 - Started SpringbootApplication in 2.886 seconds (JVM running for 3.509)
[INFO]2024-07-05 11:45:39,742 - Initializing Spring DispatcherServlet 'dispatcherServlet'
[INFO]2024-07-05 11:45:39,742 - Initializing Servlet 'dispatcherServlet'
[INFO]2024-07-05 11:45:39,743 - Completed initialization in 1 ms
[INFO]2024-07-05 12:14:24,938 - Closing JPA EntityManagerFactory for persistence unit 'default'
[INFO]2024-07-05 12:14:24,938 - HikariPool-1 - Shutdown initiated...
[INFO]2024-07-05 12:14:24,938 - HikariPool-1 - Shutdown completed.
[INFO]2024-07-05 14:34:46,858 - Starting SpringbootApplication using Java 20.0.1 on LAPTOP-L2BN52PD with PID 36444 (E:\shixi\springboot\target\classes started by jiaoy in E:\shixi\springboot)
[INFO]2024-07-05 14:34:46,859 - No active profile set, falling back to 1 default profile: "default"
[INFO]2024-07-05 14:34:46,925 - Devtools property defaults active! Set 'spring.devtools.add-properties' to 'false' to disable
[INFO]2024-07-05 14:34:46,925 - For additional web related logging consider setting the 'logging.level.web' property to 'DEBUG'
[INFO]2024-07-05 14:34:48,304 - Multiple Spring Data modules found, entering strict repository configuration mode
[INFO]2024-07-05 14:34:48,304 - Bootstrapping Spring Data JPA repositories in DEFAULT mode.
[INFO]2024-07-05 14:34:48,321 - Finished Spring Data repository scanning in 9 ms. Found 0 JPA repository interfaces.
[INFO]2024-07-05 14:34:48,335 - Multiple Spring Data modules found, entering strict repository configuration mode
[INFO]2024-07-05 14:34:48,336 - Bootstrapping Spring Data Redis repositories in DEFAULT mode.
[INFO]2024-07-05 14:34:48,352 - Finished Spring Data repository scanning in 5 ms. Found 0 Redis repository interfaces.
[INFO]2024-07-05 14:34:48,976 - Tomcat initialized with port(s): 8080 (http)
[INFO]2024-07-05 14:34:48,978 - Loaded Apache Tomcat Native library [1.3.0] using APR version [1.7.4].
[INFO]2024-07-05 14:34:48,978 - APR capabilities: IPv6 [true], sendfile [true], accept filters [false], random [true], UDS [true].
[INFO]2024-07-05 14:34:48,978 - APR/OpenSSL configuration: useAprConnector [false], useOpenSSL [true]
[INFO]2024-07-05 14:34:49,004 - OpenSSL successfully initialized [OpenSSL 3.0.13 30 Jan 2024]
[INFO]2024-07-05 14:34:49,010 - Initializing ProtocolHandler ["http-nio-8080"]
[INFO]2024-07-05 14:34:49,011 - Starting service [Tomcat]
[INFO]2024-07-05 14:34:49,012 - Starting Servlet engine: [Apache Tomcat/9.0.76]
[INFO]2024-07-05 14:34:49,088 - Initializing Spring embedded WebApplicationContext
[INFO]2024-07-05 14:34:49,088 - Root WebApplicationContext: initialization completed in 2162 ms
[INFO]2024-07-05 14:34:49,215 - HikariPool-1 - Starting...
[WARN]2024-07-05 14:34:49,217 - Registered driver with driverClassName=com.mysql.jdbc.Driver was not found, trying direct instantiation.
[INFO]2024-07-05 14:34:49,341 - HikariPool-1 - Start completed.
[INFO]2024-07-05 14:34:49,422 - HHH000412: Hibernate ORM core version 5.6.15.Final
[INFO]2024-07-05 14:34:49,557 - HCANN000001: Hibernate Commons Annotations {5.1.2.Final}
[INFO]2024-07-05 14:34:49,650 - HHH000400: Using dialect: org.hibernate.dialect.MySQL55Dialect
[INFO]2024-07-05 14:34:49,776 - HHH000490: Using JtaPlatform implementation: [org.hibernate.engine.transaction.jta.platform.internal.NoJtaPlatform]
[INFO]2024-07-05 14:34:49,785 - Initialized JPA EntityManagerFactory for persistence unit 'default'
[INFO]2024-07-05 14:34:50,475 - 自定义Redis配置--
[WARN]2024-07-05 14:34:50,528 - spring.jpa.open-in-view is enabled by default. Therefore, database queries may be performed during view rendering. Explicitly configure spring.jpa.open-in-view to disable this warning
[INFO]2024-07-05 14:34:50,668 - Adding welcome page template: index
[INFO]2024-07-05 14:34:50,921 - LiveReload server is running on port 35729
[INFO]2024-07-05 14:34:50,940 - Starting ProtocolHandler ["http-nio-8080"]
[INFO]2024-07-05 14:34:50,962 - Tomcat started on port(s): 8080 (http) with context path ''
[INFO]2024-07-05 14:34:50,981 - Started SpringbootApplication in 4.616 seconds (JVM running for 5.449)
[INFO]2024-07-05 14:34:56,870 - Initializing Spring DispatcherServlet 'dispatcherServlet'
[INFO]2024-07-05 14:34:56,870 - Initializing Servlet 'dispatcherServlet'
[INFO]2024-07-05 14:34:56,872 - Completed initialization in 2 ms
[WARN]2024-07-05 14:57:30,667 - Resolved [org.springframework.http.converter.HttpMessageNotReadableException: JSON parse error: Unexpected character ('}' (code 125)): expected a value; nested exception is com.fasterxml.jackson.core.JsonParseException: Unexpected character ('}' (code 125)): expected a value<EOL> at [Source: (org.springframework.util.StreamUtils$NonClosingInputStream); line: 3, column: 2]]
[INFO]2024-07-05 15:00:22,601 - Closing JPA EntityManagerFactory for persistence unit 'default'
[INFO]2024-07-05 15:00:22,605 - HikariPool-1 - Shutdown initiated...
[INFO]2024-07-05 15:00:22,612 - HikariPool-1 - Shutdown completed.
[INFO]2024-07-05 15:00:28,492 - Starting SpringbootApplication using Java 20.0.1 on LAPTOP-L2BN52PD with PID 17604 (E:\shixi\springboot\target\classes started by jiaoy in E:\shixi\springboot)
[INFO]2024-07-05 15:00:28,493 - No active profile set, falling back to 1 default profile: "default"
[INFO]2024-07-05 15:00:28,549 - Devtools property defaults active! Set 'spring.devtools.add-properties' to 'false' to disable
[INFO]2024-07-05 15:00:28,550 - For additional web related logging consider setting the 'logging.level.web' property to 'DEBUG'
[INFO]2024-07-05 15:00:29,512 - Multiple Spring Data modules found, entering strict repository configuration mode
[INFO]2024-07-05 15:00:29,513 - Bootstrapping Spring Data JPA repositories in DEFAULT mode.
[INFO]2024-07-05 15:00:29,531 - Finished Spring Data repository scanning in 9 ms. Found 0 JPA repository interfaces.
[INFO]2024-07-05 15:00:29,543 - Multiple Spring Data modules found, entering strict repository configuration mode
[INFO]2024-07-05 15:00:29,543 - Bootstrapping Spring Data Redis repositories in DEFAULT mode.
[INFO]2024-07-05 15:00:29,557 - Finished Spring Data repository scanning in 6 ms. Found 0 Redis repository interfaces.
[INFO]2024-07-05 15:00:30,095 - Tomcat initialized with port(s): 8080 (http)
[INFO]2024-07-05 15:00:30,096 - Loaded Apache Tomcat Native library [1.3.0] using APR version [1.7.4].
[INFO]2024-07-05 15:00:30,096 - APR capabilities: IPv6 [true], sendfile [true], accept filters [false], random [true], UDS [true].
[INFO]2024-07-05 15:00:30,096 - APR/OpenSSL configuration: useAprConnector [false], useOpenSSL [true]
[INFO]2024-07-05 15:00:30,103 - OpenSSL successfully initialized [OpenSSL 3.0.13 30 Jan 2024]
[INFO]2024-07-05 15:00:30,109 - Initializing ProtocolHandler ["http-nio-8080"]
[INFO]2024-07-05 15:00:30,110 - Starting service [Tomcat]
[INFO]2024-07-05 15:00:30,110 - Starting Servlet engine: [Apache Tomcat/9.0.76]
[INFO]2024-07-05 15:00:30,179 - Initializing Spring embedded WebApplicationContext
[INFO]2024-07-05 15:00:30,180 - Root WebApplicationContext: initialization completed in 1630 ms
[INFO]2024-07-05 15:00:30,303 - HikariPool-1 - Starting...
[WARN]2024-07-05 15:00:30,305 - Registered driver with driverClassName=com.mysql.jdbc.Driver was not found, trying direct instantiation.
[INFO]2024-07-05 15:00:30,395 - HikariPool-1 - Start completed.
[INFO]2024-07-05 15:00:30,512 - HHH000412: Hibernate ORM core version 5.6.15.Final
[INFO]2024-07-05 15:00:30,614 - HCANN000001: Hibernate Commons Annotations {5.1.2.Final}
[INFO]2024-07-05 15:00:30,726 - HHH000400: Using dialect: org.hibernate.dialect.MySQL55Dialect
[INFO]2024-07-05 15:00:30,849 - HHH000490: Using JtaPlatform implementation: [org.hibernate.engine.transaction.jta.platform.internal.NoJtaPlatform]
[INFO]2024-07-05 15:00:30,859 - Initialized JPA EntityManagerFactory for persistence unit 'default'
[INFO]2024-07-05 15:00:31,342 - 自定义Redis配置--
[WARN]2024-07-05 15:00:31,389 - spring.jpa.open-in-view is enabled by default. Therefore, database queries may be performed during view rendering. Explicitly configure spring.jpa.open-in-view to disable this warning
[INFO]2024-07-05 15:00:31,512 - Adding welcome page template: index
[INFO]2024-07-05 15:00:31,765 - LiveReload server is running on port 35729
[INFO]2024-07-05 15:00:31,785 - Starting ProtocolHandler ["http-nio-8080"]
[INFO]2024-07-05 15:00:31,805 - Tomcat started on port(s): 8080 (http) with context path ''
[INFO]2024-07-05 15:00:31,824 - Started SpringbootApplication in 3.726 seconds (JVM running for 4.459)
[INFO]2024-07-05 15:00:35,386 - Initializing Spring DispatcherServlet 'dispatcherServlet'
[INFO]2024-07-05 15:00:35,386 - Initializing Servlet 'dispatcherServlet'
[INFO]2024-07-05 15:00:35,387 - Completed initialization in 1 ms
[INFO]2024-07-05 15:01:14,049 - Closing JPA EntityManagerFactory for persistence unit 'default'
[INFO]2024-07-05 15:01:14,051 - HikariPool-1 - Shutdown initiated...
[INFO]2024-07-05 15:01:14,057 - HikariPool-1 - Shutdown completed.
[INFO]2024-07-05 15:01:19,613 - Starting SpringbootApplication using Java 20.0.1 on LAPTOP-L2BN52PD with PID 35312 (E:\shixi\springboot\target\classes started by jiaoy in E:\shixi\springboot)
[INFO]2024-07-05 15:01:19,614 - No active profile set, falling back to 1 default profile: "default"
[INFO]2024-07-05 15:01:19,671 - Devtools property defaults active! Set 'spring.devtools.add-properties' to 'false' to disable
[INFO]2024-07-05 15:01:19,671 - For additional web related logging consider setting the 'logging.level.web' property to 'DEBUG'
[INFO]2024-07-05 15:01:20,319 - Multiple Spring Data modules found, entering strict repository configuration mode
[INFO]2024-07-05 15:01:20,320 - Bootstrapping Spring Data JPA repositories in DEFAULT mode.
[INFO]2024-07-05 15:01:20,334 - Finished Spring Data repository scanning in 7 ms. Found 0 JPA repository interfaces.
[INFO]2024-07-05 15:01:20,344 - Multiple Spring Data modules found, entering strict repository configuration mode
[INFO]2024-07-05 15:01:20,345 - Bootstrapping Spring Data Redis repositories in DEFAULT mode.
[INFO]2024-07-05 15:01:20,355 - Finished Spring Data repository scanning in 4 ms. Found 0 Redis repository interfaces.
[INFO]2024-07-05 15:01:20,810 - Tomcat initialized with port(s): 8080 (http)
[INFO]2024-07-05 15:01:20,810 - Loaded Apache Tomcat Native library [1.3.0] using APR version [1.7.4].
[INFO]2024-07-05 15:01:20,810 - APR capabilities: IPv6 [true], sendfile [true], accept filters [false], random [true], UDS [true].
[INFO]2024-07-05 15:01:20,810 - APR/OpenSSL configuration: useAprConnector [false], useOpenSSL [true]
[INFO]2024-07-05 15:01:20,815 - OpenSSL successfully initialized [OpenSSL 3.0.13 30 Jan 2024]
[INFO]2024-07-05 15:01:20,822 - Initializing ProtocolHandler ["http-nio-8080"]
[INFO]2024-07-05 15:01:20,823 - Starting service [Tomcat]
[INFO]2024-07-05 15:01:20,823 - Starting Servlet engine: [Apache Tomcat/9.0.76]
[INFO]2024-07-05 15:01:20,871 - Initializing Spring embedded WebApplicationContext
[INFO]2024-07-05 15:01:20,871 - Root WebApplicationContext: initialization completed in 1199 ms
[INFO]2024-07-05 15:01:20,970 - HikariPool-1 - Starting...
[WARN]2024-07-05 15:01:20,972 - Registered driver with driverClassName=com.mysql.jdbc.Driver was not found, trying direct instantiation.
[INFO]2024-07-05 15:01:21,100 - HikariPool-1 - Start completed.
[INFO]2024-07-05 15:01:21,153 - HHH000412: Hibernate ORM core version 5.6.15.Final
[INFO]2024-07-05 15:01:21,238 - HCANN000001: Hibernate Commons Annotations {5.1.2.Final}
[INFO]2024-07-05 15:01:21,311 - HHH000400: Using dialect: org.hibernate.dialect.MySQL55Dialect
[INFO]2024-07-05 15:01:21,400 - HHH000490: Using JtaPlatform implementation: [org.hibernate.engine.transaction.jta.platform.internal.NoJtaPlatform]
[INFO]2024-07-05 15:01:21,407 - Initialized JPA EntityManagerFactory for persistence unit 'default'
[INFO]2024-07-05 15:01:21,874 - 自定义Redis配置--
[WARN]2024-07-05 15:01:21,929 - spring.jpa.open-in-view is enabled by default. Therefore, database queries may be performed during view rendering. Explicitly configure spring.jpa.open-in-view to disable this warning
[INFO]2024-07-05 15:01:22,057 - Adding welcome page template: index
[INFO]2024-07-05 15:01:22,282 - LiveReload server is running on port 35729
[INFO]2024-07-05 15:01:22,302 - Starting ProtocolHandler ["http-nio-8080"]
[INFO]2024-07-05 15:01:22,316 - Tomcat started on port(s): 8080 (http) with context path ''
[INFO]2024-07-05 15:01:22,330 - Started SpringbootApplication in 3.114 seconds (JVM running for 3.902)
[INFO]2024-07-05 15:01:25,024 - Initializing Spring DispatcherServlet 'dispatcherServlet'
[INFO]2024-07-05 15:01:25,024 - Initializing Servlet 'dispatcherServlet'
[INFO]2024-07-05 15:01:25,025 - Completed initialization in 1 ms
[INFO]2024-07-05 15:04:42,363 - Closing JPA EntityManagerFactory for persistence unit 'default'
[INFO]2024-07-05 15:04:42,365 - HikariPool-1 - Shutdown initiated...
[INFO]2024-07-05 15:04:42,373 - HikariPool-1 - Shutdown completed.
[INFO]2024-07-05 15:04:47,596 - Starting SpringbootApplication using Java 20.0.1 on LAPTOP-L2BN52PD with PID 34168 (E:\shixi\springboot\target\classes started by jiaoy in E:\shixi\springboot)
[INFO]2024-07-05 15:04:47,597 - No active profile set, falling back to 1 default profile: "default"
[INFO]2024-07-05 15:04:47,645 - Devtools property defaults active! Set 'spring.devtools.add-properties' to 'false' to disable
[INFO]2024-07-05 15:04:47,645 - For additional web related logging consider setting the 'logging.level.web' property to 'DEBUG'
[INFO]2024-07-05 15:04:48,258 - Multiple Spring Data modules found, entering strict repository configuration mode
[INFO]2024-07-05 15:04:48,259 - Bootstrapping Spring Data JPA repositories in DEFAULT mode.
[INFO]2024-07-05 15:04:48,274 - Finished Spring Data repository scanning in 8 ms. Found 0 JPA repository interfaces.
[INFO]2024-07-05 15:04:48,284 - Multiple Spring Data modules found, entering strict repository configuration mode
[INFO]2024-07-05 15:04:48,285 - Bootstrapping Spring Data Redis repositories in DEFAULT mode.
[INFO]2024-07-05 15:04:48,295 - Finished Spring Data repository scanning in 3 ms. Found 0 Redis repository interfaces.
[INFO]2024-07-05 15:04:48,725 - Tomcat initialized with port(s): 8080 (http)
[INFO]2024-07-05 15:04:48,725 - Loaded Apache Tomcat Native library [1.3.0] using APR version [1.7.4].
[INFO]2024-07-05 15:04:48,726 - APR capabilities: IPv6 [true], sendfile [true], accept filters [false], random [true], UDS [true].
[INFO]2024-07-05 15:04:48,726 - APR/OpenSSL configuration: useAprConnector [false], useOpenSSL [true]
[INFO]2024-07-05 15:04:48,730 - OpenSSL successfully initialized [OpenSSL 3.0.13 30 Jan 2024]
[INFO]2024-07-05 15:04:48,735 - Initializing ProtocolHandler ["http-nio-8080"]
[INFO]2024-07-05 15:04:48,736 - Starting service [Tomcat]
[INFO]2024-07-05 15:04:48,736 - Starting Servlet engine: [Apache Tomcat/9.0.76]
[INFO]2024-07-05 15:04:48,797 - Initializing Spring embedded WebApplicationContext
[INFO]2024-07-05 15:04:48,797 - Root WebApplicationContext: initialization completed in 1152 ms
[INFO]2024-07-05 15:04:48,903 - HikariPool-1 - Starting...
[WARN]2024-07-05 15:04:48,905 - Registered driver with driverClassName=com.mysql.jdbc.Driver was not found, trying direct instantiation.
[INFO]2024-07-05 15:04:48,999 - HikariPool-1 - Start completed.
[INFO]2024-07-05 15:04:49,064 - HHH000412: Hibernate ORM core version 5.6.15.Final
[INFO]2024-07-05 15:04:49,144 - HCANN000001: Hibernate Commons Annotations {5.1.2.Final}
[INFO]2024-07-05 15:04:49,209 - HHH000400: Using dialect: org.hibernate.dialect.MySQL55Dialect
[INFO]2024-07-05 15:04:49,291 - HHH000490: Using JtaPlatform implementation: [org.hibernate.engine.transaction.jta.platform.internal.NoJtaPlatform]
[INFO]2024-07-05 15:04:49,298 - Initialized JPA EntityManagerFactory for persistence unit 'default'
[INFO]2024-07-05 15:04:49,773 - 自定义Redis配置--
[WARN]2024-07-05 15:04:49,816 - spring.jpa.open-in-view is enabled by default. Therefore, database queries may be performed during view rendering. Explicitly configure spring.jpa.open-in-view to disable this warning
[INFO]2024-07-05 15:04:49,939 - Adding welcome page template: index
[INFO]2024-07-05 15:04:50,161 - LiveReload server is running on port 35729
[INFO]2024-07-05 15:04:50,178 - Starting ProtocolHandler ["http-nio-8080"]
[INFO]2024-07-05 15:04:50,192 - Tomcat started on port(s): 8080 (http) with context path ''
[INFO]2024-07-05 15:04:50,205 - Started SpringbootApplication in 2.934 seconds (JVM running for 3.512)
[INFO]2024-07-05 15:04:51,572 - Initializing Spring DispatcherServlet 'dispatcherServlet'
[INFO]2024-07-05 15:04:51,572 - Initializing Servlet 'dispatcherServlet'
[INFO]2024-07-05 15:04:51,573 - Completed initialization in 1 ms
[WARN]2024-07-05 15:08:31,537 - Resolved [org.springframework.web.HttpMediaTypeNotSupportedException: Content type 'application/x-www-form-urlencoded;charset=UTF-8' not supported]
[WARN]2024-07-05 15:08:42,148 - Resolved [org.springframework.web.HttpMediaTypeNotSupportedException: Content type 'application/x-www-form-urlencoded;charset=UTF-8' not supported]
[WARN]2024-07-05 15:09:54,488 - Resolved [org.springframework.web.HttpMediaTypeNotSupportedException: Content type 'application/x-www-form-urlencoded;charset=UTF-8' not supported]
[WARN]2024-07-05 15:13:08,180 - Resolved [org.springframework.web.HttpMediaTypeNotSupportedException: Content type 'application/x-www-form-urlencoded;charset=UTF-8' not supported]
[WARN]2024-07-05 15:18:44,637 - Resolved [org.springframework.http.converter.HttpMessageNotReadableException: Required request body is missing: public com.hwadee.springboot.entity.Result com.hwadee.springboot.controller.MembershipController.getVolunteerByTeamId(java.util.Map<java.lang.String, java.lang.String>)]
[WARN]2024-07-05 15:20:48,439 - Resolved [org.springframework.web.HttpMediaTypeNotSupportedException: Content type 'application/x-www-form-urlencoded;charset=UTF-8' not supported]
[WARN]2024-07-05 15:26:31,534 - Resolved [org.springframework.http.converter.HttpMessageNotReadableException: JSON parse error: Cannot deserialize value of type `java.lang.Integer` from String "t001": not a valid `java.lang.Integer` value; nested exception is com.fasterxml.jackson.databind.exc.InvalidFormatException: Cannot deserialize value of type `java.lang.Integer` from String "t001": not a valid `java.lang.Integer` value<EOL> at [Source: (org.springframework.util.StreamUtils$NonClosingInputStream); line: 2, column: 14] (through reference chain: java.util.LinkedHashMap["teamId"])]
[WARN]2024-07-05 15:26:43,795 - Resolved [org.springframework.http.converter.HttpMessageNotReadableException: JSON parse error: Cannot deserialize value of type `java.lang.Integer` from String "t001": not a valid `java.lang.Integer` value; nested exception is com.fasterxml.jackson.databind.exc.InvalidFormatException: Cannot deserialize value of type `java.lang.Integer` from String "t001": not a valid `java.lang.Integer` value<EOL> at [Source: (org.springframework.util.StreamUtils$NonClosingInputStream); line: 2, column: 18] (through reference chain: java.util.LinkedHashMap["activityId"])]
[INFO]2024-07-05 15:34:06,566 - Closing JPA EntityManagerFactory for persistence unit 'default'
[INFO]2024-07-05 15:34:06,569 - HikariPool-1 - Shutdown initiated...
[INFO]2024-07-05 15:34:06,577 - HikariPool-1 - Shutdown completed.
[INFO]2024-07-05 15:34:13,375 - Starting SpringbootApplication using Java 20.0.1 on LAPTOP-L2BN52PD with PID 47544 (E:\shixi\springboot\target\classes started by jiaoy in E:\shixi\springboot)
[INFO]2024-07-05 15:34:13,376 - No active profile set, falling back to 1 default profile: "default"
[INFO]2024-07-05 15:34:13,421 - Devtools property defaults active! Set 'spring.devtools.add-properties' to 'false' to disable
[INFO]2024-07-05 15:34:13,421 - For additional web related logging consider setting the 'logging.level.web' property to 'DEBUG'
[INFO]2024-07-05 15:34:14,183 - Multiple Spring Data modules found, entering strict repository configuration mode
[INFO]2024-07-05 15:34:14,183 - Bootstrapping Spring Data JPA repositories in DEFAULT mode.
[INFO]2024-07-05 15:34:14,202 - Finished Spring Data repository scanning in 11 ms. Found 0 JPA repository interfaces.
[INFO]2024-07-05 15:34:14,215 - Multiple Spring Data modules found, entering strict repository configuration mode
[INFO]2024-07-05 15:34:14,215 - Bootstrapping Spring Data Redis repositories in DEFAULT mode.
[INFO]2024-07-05 15:34:14,225 - Finished Spring Data repository scanning in 3 ms. Found 0 Redis repository interfaces.
[INFO]2024-07-05 15:34:14,793 - Tomcat initialized with port(s): 8080 (http)
[INFO]2024-07-05 15:34:14,794 - Loaded Apache Tomcat Native library [1.3.0] using APR version [1.7.4].
[INFO]2024-07-05 15:34:14,795 - APR capabilities: IPv6 [true], sendfile [true], accept filters [false], random [true], UDS [true].
[INFO]2024-07-05 15:34:14,795 - APR/OpenSSL configuration: useAprConnector [false], useOpenSSL [true]
[INFO]2024-07-05 15:34:14,802 - OpenSSL successfully initialized [OpenSSL 3.0.13 30 Jan 2024]
[INFO]2024-07-05 15:34:14,808 - Initializing ProtocolHandler ["http-nio-8080"]
[INFO]2024-07-05 15:34:14,809 - Starting service [Tomcat]
[INFO]2024-07-05 15:34:14,809 - Starting Servlet engine: [Apache Tomcat/9.0.76]
[INFO]2024-07-05 15:34:14,879 - Initializing Spring embedded WebApplicationContext
[INFO]2024-07-05 15:34:14,879 - Root WebApplicationContext: initialization completed in 1458 ms
[INFO]2024-07-05 15:34:15,005 - HikariPool-1 - Starting...
[WARN]2024-07-05 15:34:15,006 - Registered driver with driverClassName=com.mysql.jdbc.Driver was not found, trying direct instantiation.
[INFO]2024-07-05 15:34:15,147 - HikariPool-1 - Start completed.
[INFO]2024-07-05 15:34:15,291 - HHH000412: Hibernate ORM core version 5.6.15.Final
[INFO]2024-07-05 15:34:15,401 - HCANN000001: Hibernate Commons Annotations {5.1.2.Final}
[INFO]2024-07-05 15:34:15,494 - HHH000400: Using dialect: org.hibernate.dialect.MySQL55Dialect
[INFO]2024-07-05 15:34:15,637 - HHH000490: Using JtaPlatform implementation: [org.hibernate.engine.transaction.jta.platform.internal.NoJtaPlatform]
[INFO]2024-07-05 15:34:15,650 - Initialized JPA EntityManagerFactory for persistence unit 'default'
[INFO]2024-07-05 15:34:16,149 - 自定义Redis配置--
[WARN]2024-07-05 15:34:16,320 - spring.jpa.open-in-view is enabled by default. Therefore, database queries may be performed during view rendering. Explicitly configure spring.jpa.open-in-view to disable this warning
[INFO]2024-07-05 15:34:16,447 - Adding welcome page template: index
[INFO]2024-07-05 15:34:16,718 - LiveReload server is running on port 35729
[INFO]2024-07-05 15:34:16,739 - Starting ProtocolHandler ["http-nio-8080"]
[INFO]2024-07-05 15:34:16,755 - Tomcat started on port(s): 8080 (http) with context path ''
[INFO]2024-07-05 15:34:16,771 - Started SpringbootApplication in 3.727 seconds (JVM running for 4.367)
[INFO]2024-07-05 15:34:29,803 - Closing JPA EntityManagerFactory for persistence unit 'default'
[INFO]2024-07-05 15:34:29,805 - HikariPool-1 - Shutdown initiated...
[INFO]2024-07-05 15:34:29,810 - HikariPool-1 - Shutdown completed.
[INFO]2024-07-05 15:34:32,481 - Starting SpringbootApplication using Java 20.0.1 on LAPTOP-L2BN52PD with PID 18772 (E:\shixi\springboot\target\classes started by jiaoy in E:\shixi\springboot)
[INFO]2024-07-05 15:34:32,483 - No active profile set, falling back to 1 default profile: "default"
[INFO]2024-07-05 15:34:32,539 - Devtools property defaults active! Set 'spring.devtools.add-properties' to 'false' to disable
[INFO]2024-07-05 15:34:32,539 - For additional web related logging consider setting the 'logging.level.web' property to 'DEBUG'
[INFO]2024-07-05 15:34:33,408 - Multiple Spring Data modules found, entering strict repository configuration mode
[INFO]2024-07-05 15:34:33,408 - Bootstrapping Spring Data JPA repositories in DEFAULT mode.
[INFO]2024-07-05 15:34:33,432 - Finished Spring Data repository scanning in 13 ms. Found 0 JPA repository interfaces.
[INFO]2024-07-05 15:34:33,448 - Multiple Spring Data modules found, entering strict repository configuration mode
[INFO]2024-07-05 15:34:33,449 - Bootstrapping Spring Data Redis repositories in DEFAULT mode.
[INFO]2024-07-05 15:34:33,463 - Finished Spring Data repository scanning in 5 ms. Found 0 Redis repository interfaces.
[INFO]2024-07-05 15:34:33,948 - Tomcat initialized with port(s): 8080 (http)
[INFO]2024-07-05 15:34:33,948 - Loaded Apache Tomcat Native library [1.3.0] using APR version [1.7.4].
[INFO]2024-07-05 15:34:33,948 - APR capabilities: IPv6 [true], sendfile [true], accept filters [false], random [true], UDS [true].
[INFO]2024-07-05 15:34:33,949 - APR/OpenSSL configuration: useAprConnector [false], useOpenSSL [true]
[INFO]2024-07-05 15:34:33,953 - OpenSSL successfully initialized [OpenSSL 3.0.13 30 Jan 2024]
[INFO]2024-07-05 15:34:33,958 - Initializing ProtocolHandler ["http-nio-8080"]
[INFO]2024-07-05 15:34:33,959 - Starting service [Tomcat]
[INFO]2024-07-05 15:34:33,960 - Starting Servlet engine: [Apache Tomcat/9.0.76]
[INFO]2024-07-05 15:34:34,015 - Initializing Spring embedded WebApplicationContext
[INFO]2024-07-05 15:34:34,015 - Root WebApplicationContext: initialization completed in 1476 ms
[INFO]2024-07-05 15:34:34,135 - HikariPool-1 - Starting...
[WARN]2024-07-05 15:34:34,136 - Registered driver with driverClassName=com.mysql.jdbc.Driver was not found, trying direct instantiation.
[INFO]2024-07-05 15:34:34,283 - HikariPool-1 - Start completed.
[INFO]2024-07-05 15:34:34,352 - HHH000412: Hibernate ORM core version 5.6.15.Final
[INFO]2024-07-05 15:34:34,447 - HCANN000001: Hibernate Commons Annotations {5.1.2.Final}
[INFO]2024-07-05 15:34:34,532 - HHH000400: Using dialect: org.hibernate.dialect.MySQL55Dialect
[INFO]2024-07-05 15:34:34,633 - HHH000490: Using JtaPlatform implementation: [org.hibernate.engine.transaction.jta.platform.internal.NoJtaPlatform]
[INFO]2024-07-05 15:34:34,641 - Initialized JPA EntityManagerFactory for persistence unit 'default'
[INFO]2024-07-05 15:34:35,164 - 自定义Redis配置--
[WARN]2024-07-05 15:34:35,214 - spring.jpa.open-in-view is enabled by default. Therefore, database queries may be performed during view rendering. Explicitly configure spring.jpa.open-in-view to disable this warning
[INFO]2024-07-05 15:34:35,340 - Adding welcome page template: index
[INFO]2024-07-05 15:34:35,576 - LiveReload server is running on port 35729
[INFO]2024-07-05 15:34:35,595 - Starting ProtocolHandler ["http-nio-8080"]
[INFO]2024-07-05 15:34:35,611 - Tomcat started on port(s): 8080 (http) with context path ''
[INFO]2024-07-05 15:34:35,626 - Started SpringbootApplication in 3.517 seconds (JVM running for 4.229)
[INFO]2024-07-05 15:35:32,813 - Initializing Spring DispatcherServlet 'dispatcherServlet'
[INFO]2024-07-05 15:35:32,813 - Initializing Servlet 'dispatcherServlet'
[INFO]2024-07-05 15:35:32,814 - Completed initialization in 1 ms
[WARN]2024-07-05 15:37:57,800 - Resolved [org.springframework.web.HttpMediaTypeNotSupportedException: Content type 'application/x-www-form-urlencoded;charset=UTF-8' not supported]
[WARN]2024-07-05 15:38:32,569 - Resolved [org.springframework.web.HttpMediaTypeNotSupportedException: Content type 'application/x-www-form-urlencoded;charset=UTF-8' not supported]
[WARN]2024-07-05 15:47:42,638 - Resolved [org.springframework.http.converter.HttpMessageNotReadableException: JSON parse error: Cannot deserialize value of type `java.lang.Integer` from Object value (token `JsonToken.START_OBJECT`); nested exception is com.fasterxml.jackson.databind.exc.MismatchedInputException: Cannot deserialize value of type `java.lang.Integer` from Object value (token `JsonToken.START_OBJECT`)<EOL> at [Source: (org.springframework.util.StreamUtils$NonClosingInputStream); line: 1, column: 10] (through reference chain: java.util.LinkedHashMap["param"])]
[WARN]2024-07-05 15:47:42,640 - Resolved [org.springframework.http.converter.HttpMessageNotReadableException: JSON parse error: Cannot deserialize value of type `java.lang.Integer` from Object value (token `JsonToken.START_OBJECT`); nested exception is com.fasterxml.jackson.databind.exc.MismatchedInputException: Cannot deserialize value of type `java.lang.Integer` from Object value (token `JsonToken.START_OBJECT`)<EOL> at [Source: (org.springframework.util.StreamUtils$NonClosingInputStream); line: 1, column: 10] (through reference chain: java.util.LinkedHashMap["param"])]
[WARN]2024-07-05 15:47:42,641 - Resolved [org.springframework.http.converter.HttpMessageNotReadableException: JSON parse error: Cannot deserialize value of type `java.lang.Integer` from Object value (token `JsonToken.START_OBJECT`); nested exception is com.fasterxml.jackson.databind.exc.MismatchedInputException: Cannot deserialize value of type `java.lang.Integer` from Object value (token `JsonToken.START_OBJECT`)<EOL> at [Source: (org.springframework.util.StreamUtils$NonClosingInputStream); line: 1, column: 10] (through reference chain: java.util.LinkedHashMap["param"])]
[WARN]2024-07-05 15:47:42,652 - Resolved [org.springframework.http.converter.HttpMessageNotReadableException: JSON parse error: Cannot deserialize value of type `java.lang.Integer` from Object value (token `JsonToken.START_OBJECT`); nested exception is com.fasterxml.jackson.databind.exc.MismatchedInputException: Cannot deserialize value of type `java.lang.Integer` from Object value (token `JsonToken.START_OBJECT`)<EOL> at [Source: (org.springframework.util.StreamUtils$NonClosingInputStream); line: 1, column: 10] (through reference chain: java.util.LinkedHashMap["param"])]
[WARN]2024-07-05 15:47:42,653 - Resolved [org.springframework.http.converter.HttpMessageNotReadableException: JSON parse error: Cannot deserialize value of type `java.lang.Integer` from Object value (token `JsonToken.START_OBJECT`); nested exception is com.fasterxml.jackson.databind.exc.MismatchedInputException: Cannot deserialize value of type `java.lang.Integer` from Object value (token `JsonToken.START_OBJECT`)<EOL> at [Source: (org.springframework.util.StreamUtils$NonClosingInputStream); line: 1, column: 10] (through reference chain: java.util.LinkedHashMap["param"])]
[WARN]2024-07-05 15:52:21,830 - Resolved [org.springframework.http.converter.HttpMessageNotReadableException: JSON parse error: Cannot deserialize value of type `java.lang.Integer` from Object value (token `JsonToken.START_OBJECT`); nested exception is com.fasterxml.jackson.databind.exc.MismatchedInputException: Cannot deserialize value of type `java.lang.Integer` from Object value (token `JsonToken.START_OBJECT`)<EOL> at [Source: (org.springframework.util.StreamUtils$NonClosingInputStream); line: 1, column: 10] (through reference chain: java.util.LinkedHashMap["param"])]
[WARN]2024-07-05 15:52:21,831 - Resolved [org.springframework.http.converter.HttpMessageNotReadableException: JSON parse error: Cannot deserialize value of type `java.lang.Integer` from Object value (token `JsonToken.START_OBJECT`); nested exception is com.fasterxml.jackson.databind.exc.MismatchedInputException: Cannot deserialize value of type `java.lang.Integer` from Object value (token `JsonToken.START_OBJECT`)<EOL> at [Source: (org.springframework.util.StreamUtils$NonClosingInputStream); line: 1, column: 10] (through reference chain: java.util.LinkedHashMap["param"])]
[WARN]2024-07-05 15:52:21,831 - Resolved [org.springframework.http.converter.HttpMessageNotReadableException: JSON parse error: Cannot deserialize value of type `java.lang.Integer` from Object value (token `JsonToken.START_OBJECT`); nested exception is com.fasterxml.jackson.databind.exc.MismatchedInputException: Cannot deserialize value of type `java.lang.Integer` from Object value (token `JsonToken.START_OBJECT`)<EOL> at [Source: (org.springframework.util.StreamUtils$NonClosingInputStream); line: 1, column: 10] (through reference chain: java.util.LinkedHashMap["param"])]
[WARN]2024-07-05 15:52:21,840 - Resolved [org.springframework.http.converter.HttpMessageNotReadableException: JSON parse error: Cannot deserialize value of type `java.lang.Integer` from Object value (token `JsonToken.START_OBJECT`); nested exception is com.fasterxml.jackson.databind.exc.MismatchedInputException: Cannot deserialize value of type `java.lang.Integer` from Object value (token `JsonToken.START_OBJECT`)<EOL> at [Source: (org.springframework.util.StreamUtils$NonClosingInputStream); line: 1, column: 10] (through reference chain: java.util.LinkedHashMap["param"])]
[WARN]2024-07-05 15:52:21,840 - Resolved [org.springframework.http.converter.HttpMessageNotReadableException: JSON parse error: Cannot deserialize value of type `java.lang.Integer` from Object value (token `JsonToken.START_OBJECT`); nested exception is com.fasterxml.jackson.databind.exc.MismatchedInputException: Cannot deserialize value of type `java.lang.Integer` from Object value (token `JsonToken.START_OBJECT`)<EOL> at [Source: (org.springframework.util.StreamUtils$NonClosingInputStream); line: 1, column: 10] (through reference chain: java.util.LinkedHashMap["param"])]
[WARN]2024-07-05 15:52:41,328 - Resolved [org.springframework.http.converter.HttpMessageNotReadableException: JSON parse error: Cannot deserialize value of type `java.lang.Integer` from Object value (token `JsonToken.START_OBJECT`); nested exception is com.fasterxml.jackson.databind.exc.MismatchedInputException: Cannot deserialize value of type `java.lang.Integer` from Object value (token `JsonToken.START_OBJECT`)<EOL> at [Source: (org.springframework.util.StreamUtils$NonClosingInputStream); line: 1, column: 10] (through reference chain: java.util.LinkedHashMap["param"])]
[WARN]2024-07-05 15:52:41,331 - Resolved [org.springframework.http.converter.HttpMessageNotReadableException: JSON parse error: Cannot deserialize value of type `java.lang.Integer` from Object value (token `JsonToken.START_OBJECT`); nested exception is com.fasterxml.jackson.databind.exc.MismatchedInputException: Cannot deserialize value of type `java.lang.Integer` from Object value (token `JsonToken.START_OBJECT`)<EOL> at [Source: (org.springframework.util.StreamUtils$NonClosingInputStream); line: 1, column: 10] (through reference chain: java.util.LinkedHashMap["param"])]
[WARN]2024-07-05 15:52:41,331 - Resolved [org.springframework.http.converter.HttpMessageNotReadableException: JSON parse error: Cannot deserialize value of type `java.lang.Integer` from Object value (token `JsonToken.START_OBJECT`); nested exception is com.fasterxml.jackson.databind.exc.MismatchedInputException: Cannot deserialize value of type `java.lang.Integer` from Object value (token `JsonToken.START_OBJECT`)<EOL> at [Source: (org.springframework.util.StreamUtils$NonClosingInputStream); line: 1, column: 10] (through reference chain: java.util.LinkedHashMap["param"])]
[WARN]2024-07-05 15:52:41,340 - Resolved [org.springframework.http.converter.HttpMessageNotReadableException: JSON parse error: Cannot deserialize value of type `java.lang.Integer` from Object value (token `JsonToken.START_OBJECT`); nested exception is com.fasterxml.jackson.databind.exc.MismatchedInputException: Cannot deserialize value of type `java.lang.Integer` from Object value (token `JsonToken.START_OBJECT`)<EOL> at [Source: (org.springframework.util.StreamUtils$NonClosingInputStream); line: 1, column: 10] (through reference chain: java.util.LinkedHashMap["param"])]
[WARN]2024-07-05 15:52:41,355 - Resolved [org.springframework.http.converter.HttpMessageNotReadableException: JSON parse error: Cannot deserialize value of type `java.lang.Integer` from Object value (token `JsonToken.START_OBJECT`); nested exception is com.fasterxml.jackson.databind.exc.MismatchedInputException: Cannot deserialize value of type `java.lang.Integer` from Object value (token `JsonToken.START_OBJECT`)<EOL> at [Source: (org.springframework.util.StreamUtils$NonClosingInputStream); line: 1, column: 10] (through reference chain: java.util.LinkedHashMap["param"])]
[INFO]2024-07-05 15:55:39,349 - Closing JPA EntityManagerFactory for persistence unit 'default'
[INFO]2024-07-05 15:55:39,354 - HikariPool-1 - Shutdown initiated...
[INFO]2024-07-05 15:55:39,360 - HikariPool-1 - Shutdown completed.
[INFO]2024-07-05 15:55:42,263 - Starting SpringbootApplication using Java 20.0.1 on LAPTOP-L2BN52PD with PID 5752 (E:\shixi\springboot\target\classes started by jiaoy in E:\shixi\springboot)
[INFO]2024-07-05 15:55:42,265 - No active profile set, falling back to 1 default profile: "default"
[INFO]2024-07-05 15:55:42,323 - Devtools property defaults active! Set 'spring.devtools.add-properties' to 'false' to disable
[INFO]2024-07-05 15:55:42,323 - For additional web related logging consider setting the 'logging.level.web' property to 'DEBUG'
[INFO]2024-07-05 15:55:43,191 - Multiple Spring Data modules found, entering strict repository configuration mode
[INFO]2024-07-05 15:55:43,192 - Bootstrapping Spring Data JPA repositories in DEFAULT mode.
[INFO]2024-07-05 15:55:43,216 - Finished Spring Data repository scanning in 15 ms. Found 0 JPA repository interfaces.
[INFO]2024-07-05 15:55:43,236 - Multiple Spring Data modules found, entering strict repository configuration mode
[INFO]2024-07-05 15:55:43,237 - Bootstrapping Spring Data Redis repositories in DEFAULT mode.
[INFO]2024-07-05 15:55:43,249 - Finished Spring Data repository scanning in 4 ms. Found 0 Redis repository interfaces.
[INFO]2024-07-05 15:55:43,860 - Tomcat initialized with port(s): 8080 (http)
[INFO]2024-07-05 15:55:43,862 - Loaded Apache Tomcat Native library [1.3.0] using APR version [1.7.4].
[INFO]2024-07-05 15:55:43,863 - APR capabilities: IPv6 [true], sendfile [true], accept filters [false], random [true], UDS [true].
[INFO]2024-07-05 15:55:43,863 - APR/OpenSSL configuration: useAprConnector [false], useOpenSSL [true]
[INFO]2024-07-05 15:55:43,870 - OpenSSL successfully initialized [OpenSSL 3.0.13 30 Jan 2024]
[INFO]2024-07-05 15:55:43,879 - Initializing ProtocolHandler ["http-nio-8080"]
[INFO]2024-07-05 15:55:43,880 - Starting service [Tomcat]
[INFO]2024-07-05 15:55:43,881 - Starting Servlet engine: [Apache Tomcat/9.0.76]
[INFO]2024-07-05 15:55:43,962 - Initializing Spring embedded WebApplicationContext
[INFO]2024-07-05 15:55:43,962 - Root WebApplicationContext: initialization completed in 1638 ms
[INFO]2024-07-05 15:55:44,083 - HikariPool-1 - Starting...
[WARN]2024-07-05 15:55:44,085 - Registered driver with driverClassName=com.mysql.jdbc.Driver was not found, trying direct instantiation.
[INFO]2024-07-05 15:55:44,203 - HikariPool-1 - Start completed.
[INFO]2024-07-05 15:55:44,299 - HHH000412: Hibernate ORM core version 5.6.15.Final
[INFO]2024-07-05 15:55:44,425 - HCANN000001: Hibernate Commons Annotations {5.1.2.Final}
[INFO]2024-07-05 15:55:44,508 - HHH000400: Using dialect: org.hibernate.dialect.MySQL55Dialect
[INFO]2024-07-05 15:55:44,662 - HHH000490: Using JtaPlatform implementation: [org.hibernate.engine.transaction.jta.platform.internal.NoJtaPlatform]
[INFO]2024-07-05 15:55:44,671 - Initialized JPA EntityManagerFactory for persistence unit 'default'
[INFO]2024-07-05 15:55:45,406 - 自定义Redis配置--
[WARN]2024-07-05 15:55:45,507 - spring.jpa.open-in-view is enabled by default. Therefore, database queries may be performed during view rendering. Explicitly configure spring.jpa.open-in-view to disable this warning
[INFO]2024-07-05 15:55:45,712 - Adding welcome page template: index
[INFO]2024-07-05 15:55:46,025 - LiveReload server is running on port 35729
[INFO]2024-07-05 15:55:46,051 - Starting ProtocolHandler ["http-nio-8080"]
[INFO]2024-07-05 15:55:46,071 - Tomcat started on port(s): 8080 (http) with context path ''
[INFO]2024-07-05 15:55:46,094 - Started SpringbootApplication in 4.244 seconds (JVM running for 5.327)
[INFO]2024-07-05 15:55:54,070 - Initializing Spring DispatcherServlet 'dispatcherServlet'
[INFO]2024-07-05 15:55:54,070 - Initializing Servlet 'dispatcherServlet'
[INFO]2024-07-05 15:55:54,072 - Completed initialization in 1 ms
[INFO]2024-07-05 16:07:52,696 - Closing JPA EntityManagerFactory for persistence unit 'default'
[INFO]2024-07-05 16:07:52,700 - HikariPool-1 - Shutdown initiated...
[INFO]2024-07-05 16:07:52,706 - HikariPool-1 - Shutdown completed.
[INFO]2024-07-05 16:08:00,004 - Starting SpringbootApplication using Java 20.0.1 on LAPTOP-L2BN52PD with PID 32860 (E:\shixi\springboot\target\classes started by jiaoy in E:\shixi\springboot)
[INFO]2024-07-05 16:08:00,007 - No active profile set, falling back to 1 default profile: "default"
[INFO]2024-07-05 16:08:00,070 - Devtools property defaults active! Set 'spring.devtools.add-properties' to 'false' to disable
[INFO]2024-07-05 16:08:00,070 - For additional web related logging consider setting the 'logging.level.web' property to 'DEBUG'
[INFO]2024-07-05 16:08:00,855 - Multiple Spring Data modules found, entering strict repository configuration mode
[INFO]2024-07-05 16:08:00,856 - Bootstrapping Spring Data JPA repositories in DEFAULT mode.
[INFO]2024-07-05 16:08:00,875 - Finished Spring Data repository scanning in 11 ms. Found 0 JPA repository interfaces.
[INFO]2024-07-05 16:08:00,891 - Multiple Spring Data modules found, entering strict repository configuration mode
[INFO]2024-07-05 16:08:00,892 - Bootstrapping Spring Data Redis repositories in DEFAULT mode.
[INFO]2024-07-05 16:08:00,903 - Finished Spring Data repository scanning in 4 ms. Found 0 Redis repository interfaces.
[INFO]2024-07-05 16:08:01,433 - Tomcat initialized with port(s): 8080 (http)
[INFO]2024-07-05 16:08:01,434 - Loaded Apache Tomcat Native library [1.3.0] using APR version [1.7.4].
[INFO]2024-07-05 16:08:01,435 - APR capabilities: IPv6 [true], sendfile [true], accept filters [false], random [true], UDS [true].
[INFO]2024-07-05 16:08:01,435 - APR/OpenSSL configuration: useAprConnector [false], useOpenSSL [true]
[INFO]2024-07-05 16:08:01,442 - OpenSSL successfully initialized [OpenSSL 3.0.13 30 Jan 2024]
[INFO]2024-07-05 16:08:01,450 - Initializing ProtocolHandler ["http-nio-8080"]
[INFO]2024-07-05 16:08:01,452 - Starting service [Tomcat]
[INFO]2024-07-05 16:08:01,452 - Starting Servlet engine: [Apache Tomcat/9.0.76]
[INFO]2024-07-05 16:08:01,530 - Initializing Spring embedded WebApplicationContext
[INFO]2024-07-05 16:08:01,531 - Root WebApplicationContext: initialization completed in 1461 ms
[INFO]2024-07-05 16:08:01,659 - HikariPool-1 - Starting...
[WARN]2024-07-05 16:08:01,661 - Registered driver with driverClassName=com.mysql.jdbc.Driver was not found, trying direct instantiation.
[INFO]2024-07-05 16:08:01,749 - HikariPool-1 - Start completed.
[INFO]2024-07-05 16:08:01,824 - HHH000412: Hibernate ORM core version 5.6.15.Final
[INFO]2024-07-05 16:08:01,914 - HCANN000001: Hibernate Commons Annotations {5.1.2.Final}
[INFO]2024-07-05 16:08:01,990 - HHH000400: Using dialect: org.hibernate.dialect.MySQL55Dialect
[INFO]2024-07-05 16:08:02,091 - HHH000490: Using JtaPlatform implementation: [org.hibernate.engine.transaction.jta.platform.internal.NoJtaPlatform]
[INFO]2024-07-05 16:08:02,099 - Initialized JPA EntityManagerFactory for persistence unit 'default'
[INFO]2024-07-05 16:08:02,589 - 自定义Redis配置--
[WARN]2024-07-05 16:08:02,644 - spring.jpa.open-in-view is enabled by default. Therefore, database queries may be performed during view rendering. Explicitly configure spring.jpa.open-in-view to disable this warning
[INFO]2024-07-05 16:08:02,781 - Adding welcome page template: index
[INFO]2024-07-05 16:08:03,121 - LiveReload server is running on port 35729
[INFO]2024-07-05 16:08:03,139 - Starting ProtocolHandler ["http-nio-8080"]
[INFO]2024-07-05 16:08:03,153 - Tomcat started on port(s): 8080 (http) with context path ''
[INFO]2024-07-05 16:08:03,167 - Started SpringbootApplication in 3.57 seconds (JVM running for 4.37)
[INFO]2024-07-05 16:08:53,634 - Initializing Spring DispatcherServlet 'dispatcherServlet'
[INFO]2024-07-05 16:08:53,634 - Initializing Servlet 'dispatcherServlet'
[INFO]2024-07-05 16:08:53,635 - Completed initialization in 1 ms
[WARN]2024-07-05 16:08:53,958 - Resolved [org.springframework.http.converter.HttpMessageNotReadableException: JSON parse error: Cannot deserialize value of type `java.lang.Integer` from Object value (token `JsonToken.START_OBJECT`); nested exception is com.fasterxml.jackson.databind.exc.MismatchedInputException: Cannot deserialize value of type `java.lang.Integer` from Object value (token `JsonToken.START_OBJECT`)<EOL> at [Source: (org.springframework.util.StreamUtils$NonClosingInputStream); line: 1, column: 10] (through reference chain: java.util.LinkedHashMap["param"])]
[WARN]2024-07-05 16:08:53,959 - Resolved [org.springframework.http.converter.HttpMessageNotReadableException: JSON parse error: Cannot deserialize value of type `java.lang.Integer` from Object value (token `JsonToken.START_OBJECT`); nested exception is com.fasterxml.jackson.databind.exc.MismatchedInputException: Cannot deserialize value of type `java.lang.Integer` from Object value (token `JsonToken.START_OBJECT`)<EOL> at [Source: (org.springframework.util.StreamUtils$NonClosingInputStream); line: 1, column: 10] (through reference chain: java.util.LinkedHashMap["param"])]
[WARN]2024-07-05 16:08:53,960 - Resolved [org.springframework.http.converter.HttpMessageNotReadableException: JSON parse error: Cannot deserialize value of type `java.lang.Integer` from Object value (token `JsonToken.START_OBJECT`); nested exception is com.fasterxml.jackson.databind.exc.MismatchedInputException: Cannot deserialize value of type `java.lang.Integer` from Object value (token `JsonToken.START_OBJECT`)<EOL> at [Source: (org.springframework.util.StreamUtils$NonClosingInputStream); line: 1, column: 10] (through reference chain: java.util.LinkedHashMap["param"])]
[WARN]2024-07-05 16:08:53,961 - Resolved [org.springframework.http.converter.HttpMessageNotReadableException: JSON parse error: Cannot deserialize value of type `java.lang.Integer` from Object value (token `JsonToken.START_OBJECT`); nested exception is com.fasterxml.jackson.databind.exc.MismatchedInputException: Cannot deserialize value of type `java.lang.Integer` from Object value (token `JsonToken.START_OBJECT`)<EOL> at [Source: (org.springframework.util.StreamUtils$NonClosingInputStream); line: 1, column: 10] (through reference chain: java.util.LinkedHashMap["param"])]
[WARN]2024-07-05 16:08:53,962 - Resolved [org.springframework.http.converter.HttpMessageNotReadableException: JSON parse error: Cannot deserialize value of type `java.lang.Integer` from Object value (token `JsonToken.START_OBJECT`); nested exception is com.fasterxml.jackson.databind.exc.MismatchedInputException: Cannot deserialize value of type `java.lang.Integer` from Object value (token `JsonToken.START_OBJECT`)<EOL> at [Source: (org.springframework.util.StreamUtils$NonClosingInputStream); line: 1, column: 10] (through reference chain: java.util.LinkedHashMap["param"])]
[INFO]2024-07-05 16:09:00,068 - Closing JPA EntityManagerFactory for persistence unit 'default'
[INFO]2024-07-05 16:09:00,070 - HikariPool-1 - Shutdown initiated...
[INFO]2024-07-05 16:09:00,075 - HikariPool-1 - Shutdown completed.
[INFO]2024-07-05 16:09:03,349 - Starting SpringbootApplication using Java 20.0.1 on LAPTOP-L2BN52PD with PID 40576 (E:\shixi\springboot\target\classes started by jiaoy in E:\shixi\springboot)
[INFO]2024-07-05 16:09:03,350 - No active profile set, falling back to 1 default profile: "default"
[INFO]2024-07-05 16:09:03,397 - Devtools property defaults active! Set 'spring.devtools.add-properties' to 'false' to disable
[INFO]2024-07-05 16:09:03,398 - For additional web related logging consider setting the 'logging.level.web' property to 'DEBUG'
[INFO]2024-07-05 16:09:04,091 - Multiple Spring Data modules found, entering strict repository configuration mode
[INFO]2024-07-05 16:09:04,092 - Bootstrapping Spring Data JPA repositories in DEFAULT mode.
[INFO]2024-07-05 16:09:04,108 - Finished Spring Data repository scanning in 8 ms. Found 0 JPA repository interfaces.
[INFO]2024-07-05 16:09:04,118 - Multiple Spring Data modules found, entering strict repository configuration mode
[INFO]2024-07-05 16:09:04,119 - Bootstrapping Spring Data Redis repositories in DEFAULT mode.
[INFO]2024-07-05 16:09:04,130 - Finished Spring Data repository scanning in 3 ms. Found 0 Redis repository interfaces.
[INFO]2024-07-05 16:09:04,623 - Tomcat initialized with port(s): 8080 (http)
[INFO]2024-07-05 16:09:04,625 - Loaded Apache Tomcat Native library [1.3.0] using APR version [1.7.4].
[INFO]2024-07-05 16:09:04,625 - APR capabilities: IPv6 [true], sendfile [true], accept filters [false], random [true], UDS [true].
[INFO]2024-07-05 16:09:04,625 - APR/OpenSSL configuration: useAprConnector [false], useOpenSSL [true]
[INFO]2024-07-05 16:09:04,631 - OpenSSL successfully initialized [OpenSSL 3.0.13 30 Jan 2024]
[INFO]2024-07-05 16:09:04,636 - Initializing ProtocolHandler ["http-nio-8080"]
[INFO]2024-07-05 16:09:04,637 - Starting service [Tomcat]
[INFO]2024-07-05 16:09:04,637 - Starting Servlet engine: [Apache Tomcat/9.0.76]
[INFO]2024-07-05 16:09:04,689 - Initializing Spring embedded WebApplicationContext
[INFO]2024-07-05 16:09:04,690 - Root WebApplicationContext: initialization completed in 1292 ms
[INFO]2024-07-05 16:09:04,818 - HikariPool-1 - Starting...
[WARN]2024-07-05 16:09:04,819 - Registered driver with driverClassName=com.mysql.jdbc.Driver was not found, trying direct instantiation.
[INFO]2024-07-05 16:09:04,918 - HikariPool-1 - Start completed.
[INFO]2024-07-05 16:09:04,986 - HHH000412: Hibernate ORM core version 5.6.15.Final
[INFO]2024-07-05 16:09:05,080 - HCANN000001: Hibernate Commons Annotations {5.1.2.Final}
[INFO]2024-07-05 16:09:05,165 - HHH000400: Using dialect: org.hibernate.dialect.MySQL55Dialect
[INFO]2024-07-05 16:09:05,272 - HHH000490: Using JtaPlatform implementation: [org.hibernate.engine.transaction.jta.platform.internal.NoJtaPlatform]
[INFO]2024-07-05 16:09:05,281 - Initialized JPA EntityManagerFactory for persistence unit 'default'
[INFO]2024-07-05 16:09:05,823 - 自定义Redis配置--
[WARN]2024-07-05 16:09:05,880 - spring.jpa.open-in-view is enabled by default. Therefore, database queries may be performed during view rendering. Explicitly configure spring.jpa.open-in-view to disable this warning
[INFO]2024-07-05 16:09:06,004 - Adding welcome page template: index
[INFO]2024-07-05 16:09:06,265 - LiveReload server is running on port 35729
[INFO]2024-07-05 16:09:06,287 - Starting ProtocolHandler ["http-nio-8080"]
[INFO]2024-07-05 16:09:06,309 - Tomcat started on port(s): 8080 (http) with context path ''
[INFO]2024-07-05 16:09:06,329 - Started SpringbootApplication in 3.326 seconds (JVM running for 3.972)
[INFO]2024-07-05 16:09:22,943 - Initializing Spring DispatcherServlet 'dispatcherServlet'
[INFO]2024-07-05 16:09:22,943 - Initializing Servlet 'dispatcherServlet'
[INFO]2024-07-05 16:09:22,944 - Completed initialization in 1 ms
[WARN]2024-07-05 16:09:23,187 - Resolved [org.springframework.http.converter.HttpMessageNotReadableException: JSON parse error: Cannot deserialize value of type `java.lang.Integer` from Object value (token `JsonToken.START_OBJECT`); nested exception is com.fasterxml.jackson.databind.exc.MismatchedInputException: Cannot deserialize value of type `java.lang.Integer` from Object value (token `JsonToken.START_OBJECT`)<EOL> at [Source: (org.springframework.util.StreamUtils$NonClosingInputStream); line: 1, column: 10] (through reference chain: java.util.LinkedHashMap["param"])]
[WARN]2024-07-05 16:09:23,190 - Resolved [org.springframework.http.converter.HttpMessageNotReadableException: JSON parse error: Cannot deserialize value of type `java.lang.Integer` from Object value (token `JsonToken.START_OBJECT`); nested exception is com.fasterxml.jackson.databind.exc.MismatchedInputException: Cannot deserialize value of type `java.lang.Integer` from Object value (token `JsonToken.START_OBJECT`)<EOL> at [Source: (org.springframework.util.StreamUtils$NonClosingInputStream); line: 1, column: 10] (through reference chain: java.util.LinkedHashMap["param"])]
[WARN]2024-07-05 16:09:23,197 - Resolved [org.springframework.http.converter.HttpMessageNotReadableException: JSON parse error: Cannot deserialize value of type `java.lang.Integer` from Object value (token `JsonToken.START_OBJECT`); nested exception is com.fasterxml.jackson.databind.exc.MismatchedInputException: Cannot deserialize value of type `java.lang.Integer` from Object value (token `JsonToken.START_OBJECT`)<EOL> at [Source: (org.springframework.util.StreamUtils$NonClosingInputStream); line: 1, column: 10] (through reference chain: java.util.LinkedHashMap["param"])]
[WARN]2024-07-05 16:09:23,213 - Resolved [org.springframework.http.converter.HttpMessageNotReadableException: JSON parse error: Cannot deserialize value of type `java.lang.Integer` from Object value (token `JsonToken.START_OBJECT`); nested exception is com.fasterxml.jackson.databind.exc.MismatchedInputException: Cannot deserialize value of type `java.lang.Integer` from Object value (token `JsonToken.START_OBJECT`)<EOL> at [Source: (org.springframework.util.StreamUtils$NonClosingInputStream); line: 1, column: 10] (through reference chain: java.util.LinkedHashMap["param"])]
[WARN]2024-07-05 16:09:23,215 - Resolved [org.springframework.http.converter.HttpMessageNotReadableException: JSON parse error: Cannot deserialize value of type `java.lang.Integer` from Object value (token `JsonToken.START_OBJECT`); nested exception is com.fasterxml.jackson.databind.exc.MismatchedInputException: Cannot deserialize value of type `java.lang.Integer` from Object value (token `JsonToken.START_OBJECT`)<EOL> at [Source: (org.springframework.util.StreamUtils$NonClosingInputStream); line: 1, column: 10] (through reference chain: java.util.LinkedHashMap["param"])]
[WARN]2024-07-05 16:09:56,463 - Resolved [org.springframework.http.converter.HttpMessageNotReadableException: JSON parse error: Cannot deserialize value of type `java.lang.Integer` from Object value (token `JsonToken.START_OBJECT`); nested exception is com.fasterxml.jackson.databind.exc.MismatchedInputException: Cannot deserialize value of type `java.lang.Integer` from Object value (token `JsonToken.START_OBJECT`)<EOL> at [Source: (org.springframework.util.StreamUtils$NonClosingInputStream); line: 1, column: 10] (through reference chain: java.util.LinkedHashMap["param"])]
[WARN]2024-07-05 16:09:56,470 - Resolved [org.springframework.http.converter.HttpMessageNotReadableException: JSON parse error: Cannot deserialize value of type `java.lang.Integer` from Object value (token `JsonToken.START_OBJECT`); nested exception is com.fasterxml.jackson.databind.exc.MismatchedInputException: Cannot deserialize value of type `java.lang.Integer` from Object value (token `JsonToken.START_OBJECT`)<EOL> at [Source: (org.springframework.util.StreamUtils$NonClosingInputStream); line: 1, column: 10] (through reference chain: java.util.LinkedHashMap["param"])]
[WARN]2024-07-05 16:09:56,471 - Resolved [org.springframework.http.converter.HttpMessageNotReadableException: JSON parse error: Cannot deserialize value of type `java.lang.Integer` from Object value (token `JsonToken.START_OBJECT`); nested exception is com.fasterxml.jackson.databind.exc.MismatchedInputException: Cannot deserialize value of type `java.lang.Integer` from Object value (token `JsonToken.START_OBJECT`)<EOL> at [Source: (org.springframework.util.StreamUtils$NonClosingInputStream); line: 1, column: 10] (through reference chain: java.util.LinkedHashMap["param"])]
[WARN]2024-07-05 16:09:56,484 - Resolved [org.springframework.http.converter.HttpMessageNotReadableException: JSON parse error: Cannot deserialize value of type `java.lang.Integer` from Object value (token `JsonToken.START_OBJECT`); nested exception is com.fasterxml.jackson.databind.exc.MismatchedInputException: Cannot deserialize value of type `java.lang.Integer` from Object value (token `JsonToken.START_OBJECT`)<EOL> at [Source: (org.springframework.util.StreamUtils$NonClosingInputStream); line: 1, column: 10] (through reference chain: java.util.LinkedHashMap["param"])]
[WARN]2024-07-05 16:09:56,484 - Resolved [org.springframework.http.converter.HttpMessageNotReadableException: JSON parse error: Cannot deserialize value of type `java.lang.Integer` from Object value (token `JsonToken.START_OBJECT`); nested exception is com.fasterxml.jackson.databind.exc.MismatchedInputException: Cannot deserialize value of type `java.lang.Integer` from Object value (token `JsonToken.START_OBJECT`)<EOL> at [Source: (org.springframework.util.StreamUtils$NonClosingInputStream); line: 1, column: 10] (through reference chain: java.util.LinkedHashMap["param"])]
[WARN]2024-07-05 16:10:07,669 - Resolved [org.springframework.http.converter.HttpMessageNotReadableException: JSON parse error: Cannot deserialize value of type `java.lang.Integer` from Object value (token `JsonToken.START_OBJECT`); nested exception is com.fasterxml.jackson.databind.exc.MismatchedInputException: Cannot deserialize value of type `java.lang.Integer` from Object value (token `JsonToken.START_OBJECT`)<EOL> at [Source: (org.springframework.util.StreamUtils$NonClosingInputStream); line: 1, column: 10] (through reference chain: java.util.LinkedHashMap["param"])]
[WARN]2024-07-05 16:10:07,669 - Resolved [org.springframework.http.converter.HttpMessageNotReadableException: JSON parse error: Cannot deserialize value of type `java.lang.Integer` from Object value (token `JsonToken.START_OBJECT`); nested exception is com.fasterxml.jackson.databind.exc.MismatchedInputException: Cannot deserialize value of type `java.lang.Integer` from Object value (token `JsonToken.START_OBJECT`)<EOL> at [Source: (org.springframework.util.StreamUtils$NonClosingInputStream); line: 1, column: 10] (through reference chain: java.util.LinkedHashMap["param"])]
[WARN]2024-07-05 16:10:07,669 - Resolved [org.springframework.http.converter.HttpMessageNotReadableException: JSON parse error: Cannot deserialize value of type `java.lang.Integer` from Object value (token `JsonToken.START_OBJECT`); nested exception is com.fasterxml.jackson.databind.exc.MismatchedInputException: Cannot deserialize value of type `java.lang.Integer` from Object value (token `JsonToken.START_OBJECT`)<EOL> at [Source: (org.springframework.util.StreamUtils$NonClosingInputStream); line: 1, column: 10] (through reference chain: java.util.LinkedHashMap["param"])]
[WARN]2024-07-05 16:10:07,687 - Resolved [org.springframework.http.converter.HttpMessageNotReadableException: JSON parse error: Cannot deserialize value of type `java.lang.Integer` from Object value (token `JsonToken.START_OBJECT`); nested exception is com.fasterxml.jackson.databind.exc.MismatchedInputException: Cannot deserialize value of type `java.lang.Integer` from Object value (token `JsonToken.START_OBJECT`)<EOL> at [Source: (org.springframework.util.StreamUtils$NonClosingInputStream); line: 1, column: 10] (through reference chain: java.util.LinkedHashMap["param"])]
[WARN]2024-07-05 16:10:07,687 - Resolved [org.springframework.http.converter.HttpMessageNotReadableException: JSON parse error: Cannot deserialize value of type `java.lang.Integer` from Object value (token `JsonToken.START_OBJECT`); nested exception is com.fasterxml.jackson.databind.exc.MismatchedInputException: Cannot deserialize value of type `java.lang.Integer` from Object value (token `JsonToken.START_OBJECT`)<EOL> at [Source: (org.springframework.util.StreamUtils$NonClosingInputStream); line: 1, column: 10] (through reference chain: java.util.LinkedHashMap["param"])]
[WARN]2024-07-05 16:13:43,204 - Resolved [org.springframework.http.converter.HttpMessageNotReadableException: JSON parse error: Cannot deserialize value of type `java.lang.Integer` from Object value (token `JsonToken.START_OBJECT`); nested exception is com.fasterxml.jackson.databind.exc.MismatchedInputException: Cannot deserialize value of type `java.lang.Integer` from Object value (token `JsonToken.START_OBJECT`)<EOL> at [Source: (org.springframework.util.StreamUtils$NonClosingInputStream); line: 1, column: 10] (through reference chain: java.util.LinkedHashMap["param"])]
[WARN]2024-07-05 16:13:43,214 - Resolved [org.springframework.http.converter.HttpMessageNotReadableException: JSON parse error: Cannot deserialize value of type `java.lang.Integer` from Object value (token `JsonToken.START_OBJECT`); nested exception is com.fasterxml.jackson.databind.exc.MismatchedInputException: Cannot deserialize value of type `java.lang.Integer` from Object value (token `JsonToken.START_OBJECT`)<EOL> at [Source: (org.springframework.util.StreamUtils$NonClosingInputStream); line: 1, column: 10] (through reference chain: java.util.LinkedHashMap["param"])]
[WARN]2024-07-05 16:13:43,230 - Resolved [org.springframework.http.converter.HttpMessageNotReadableException: JSON parse error: Cannot deserialize value of type `java.lang.Integer` from Object value (token `JsonToken.START_OBJECT`); nested exception is com.fasterxml.jackson.databind.exc.MismatchedInputException: Cannot deserialize value of type `java.lang.Integer` from Object value (token `JsonToken.START_OBJECT`)<EOL> at [Source: (org.springframework.util.StreamUtils$NonClosingInputStream); line: 1, column: 10] (through reference chain: java.util.LinkedHashMap["param"])]
[WARN]2024-07-05 16:13:43,230 - Resolved [org.springframework.http.converter.HttpMessageNotReadableException: JSON parse error: Cannot deserialize value of type `java.lang.Integer` from Object value (token `JsonToken.START_OBJECT`); nested exception is com.fasterxml.jackson.databind.exc.MismatchedInputException: Cannot deserialize value of type `java.lang.Integer` from Object value (token `JsonToken.START_OBJECT`)<EOL> at [Source: (org.springframework.util.StreamUtils$NonClosingInputStream); line: 1, column: 10] (through reference chain: java.util.LinkedHashMap["param"])]
[WARN]2024-07-05 16:13:43,231 - Resolved [org.springframework.http.converter.HttpMessageNotReadableException: JSON parse error: Cannot deserialize value of type `java.lang.Integer` from Object value (token `JsonToken.START_OBJECT`); nested exception is com.fasterxml.jackson.databind.exc.MismatchedInputException: Cannot deserialize value of type `java.lang.Integer` from Object value (token `JsonToken.START_OBJECT`)<EOL> at [Source: (org.springframework.util.StreamUtils$NonClosingInputStream); line: 1, column: 10] (through reference chain: java.util.LinkedHashMap["param"])]
[WARN]2024-07-05 16:14:02,204 - Resolved [org.springframework.http.converter.HttpMessageNotReadableException: JSON parse error: Cannot deserialize value of type `java.lang.Integer` from Object value (token `JsonToken.START_OBJECT`); nested exception is com.fasterxml.jackson.databind.exc.MismatchedInputException: Cannot deserialize value of type `java.lang.Integer` from Object value (token `JsonToken.START_OBJECT`)<EOL> at [Source: (org.springframework.util.StreamUtils$NonClosingInputStream); line: 1, column: 10] (through reference chain: java.util.LinkedHashMap["param"])]
[WARN]2024-07-05 16:14:02,204 - Resolved [org.springframework.http.converter.HttpMessageNotReadableException: JSON parse error: Cannot deserialize value of type `java.lang.Integer` from Object value (token `JsonToken.START_OBJECT`); nested exception is com.fasterxml.jackson.databind.exc.MismatchedInputException: Cannot deserialize value of type `java.lang.Integer` from Object value (token `JsonToken.START_OBJECT`)<EOL> at [Source: (org.springframework.util.StreamUtils$NonClosingInputStream); line: 1, column: 10] (through reference chain: java.util.LinkedHashMap["param"])]
[WARN]2024-07-05 16:14:02,205 - Resolved [org.springframework.http.converter.HttpMessageNotReadableException: JSON parse error: Cannot deserialize value of type `java.lang.Integer` from Object value (token `JsonToken.START_OBJECT`); nested exception is com.fasterxml.jackson.databind.exc.MismatchedInputException: Cannot deserialize value of type `java.lang.Integer` from Object value (token `JsonToken.START_OBJECT`)<EOL> at [Source: (org.springframework.util.StreamUtils$NonClosingInputStream); line: 1, column: 10] (through reference chain: java.util.LinkedHashMap["param"])]
[WARN]2024-07-05 16:14:02,249 - Resolved [org.springframework.http.converter.HttpMessageNotReadableException: JSON parse error: Cannot deserialize value of type `java.lang.Integer` from Object value (token `JsonToken.START_OBJECT`); nested exception is com.fasterxml.jackson.databind.exc.MismatchedInputException: Cannot deserialize value of type `java.lang.Integer` from Object value (token `JsonToken.START_OBJECT`)<EOL> at [Source: (org.springframework.util.StreamUtils$NonClosingInputStream); line: 1, column: 10] (through reference chain: java.util.LinkedHashMap["param"])]
[WARN]2024-07-05 16:14:02,249 - Resolved [org.springframework.http.converter.HttpMessageNotReadableException: JSON parse error: Cannot deserialize value of type `java.lang.Integer` from Object value (token `JsonToken.START_OBJECT`); nested exception is com.fasterxml.jackson.databind.exc.MismatchedInputException: Cannot deserialize value of type `java.lang.Integer` from Object value (token `JsonToken.START_OBJECT`)<EOL> at [Source: (org.springframework.util.StreamUtils$NonClosingInputStream); line: 1, column: 10] (through reference chain: java.util.LinkedHashMap["param"])]
[WARN]2024-07-05 16:14:33,207 - Resolved [org.springframework.http.converter.HttpMessageNotReadableException: JSON parse error: Cannot deserialize value of type `java.lang.Integer` from Object value (token `JsonToken.START_OBJECT`); nested exception is com.fasterxml.jackson.databind.exc.MismatchedInputException: Cannot deserialize value of type `java.lang.Integer` from Object value (token `JsonToken.START_OBJECT`)<EOL> at [Source: (org.springframework.util.StreamUtils$NonClosingInputStream); line: 1, column: 10] (through reference chain: java.util.LinkedHashMap["param"])]
[WARN]2024-07-05 16:14:33,208 - Resolved [org.springframework.http.converter.HttpMessageNotReadableException: JSON parse error: Cannot deserialize value of type `java.lang.Integer` from Object value (token `JsonToken.START_OBJECT`); nested exception is com.fasterxml.jackson.databind.exc.MismatchedInputException: Cannot deserialize value of type `java.lang.Integer` from Object value (token `JsonToken.START_OBJECT`)<EOL> at [Source: (org.springframework.util.StreamUtils$NonClosingInputStream); line: 1, column: 10] (through reference chain: java.util.LinkedHashMap["param"])]
[WARN]2024-07-05 16:14:33,209 - Resolved [org.springframework.http.converter.HttpMessageNotReadableException: JSON parse error: Cannot deserialize value of type `java.lang.Integer` from Object value (token `JsonToken.START_OBJECT`); nested exception is com.fasterxml.jackson.databind.exc.MismatchedInputException: Cannot deserialize value of type `java.lang.Integer` from Object value (token `JsonToken.START_OBJECT`)<EOL> at [Source: (org.springframework.util.StreamUtils$NonClosingInputStream); line: 1, column: 10] (through reference chain: java.util.LinkedHashMap["param"])]
[WARN]2024-07-05 16:14:33,221 - Resolved [org.springframework.http.converter.HttpMessageNotReadableException: JSON parse error: Cannot deserialize value of type `java.lang.Integer` from Object value (token `JsonToken.START_OBJECT`); nested exception is com.fasterxml.jackson.databind.exc.MismatchedInputException: Cannot deserialize value of type `java.lang.Integer` from Object value (token `JsonToken.START_OBJECT`)<EOL> at [Source: (org.springframework.util.StreamUtils$NonClosingInputStream); line: 1, column: 10] (through reference chain: java.util.LinkedHashMap["param"])]
[WARN]2024-07-05 16:14:33,221 - Resolved [org.springframework.http.converter.HttpMessageNotReadableException: JSON parse error: Cannot deserialize value of type `java.lang.Integer` from Object value (token `JsonToken.START_OBJECT`); nested exception is com.fasterxml.jackson.databind.exc.MismatchedInputException: Cannot deserialize value of type `java.lang.Integer` from Object value (token `JsonToken.START_OBJECT`)<EOL> at [Source: (org.springframework.util.StreamUtils$NonClosingInputStream); line: 1, column: 10] (through reference chain: java.util.LinkedHashMap["param"])]
[WARN]2024-07-05 16:15:57,390 - Resolved [org.springframework.http.converter.HttpMessageNotReadableException: JSON parse error: Cannot deserialize value of type `java.lang.Integer` from Object value (token `JsonToken.START_OBJECT`); nested exception is com.fasterxml.jackson.databind.exc.MismatchedInputException: Cannot deserialize value of type `java.lang.Integer` from Object value (token `JsonToken.START_OBJECT`)<EOL> at [Source: (org.springframework.util.StreamUtils$NonClosingInputStream); line: 1, column: 10] (through reference chain: java.util.LinkedHashMap["param"])]
[WARN]2024-07-05 16:15:57,394 - Resolved [org.springframework.http.converter.HttpMessageNotReadableException: JSON parse error: Cannot deserialize value of type `java.lang.Integer` from Object value (token `JsonToken.START_OBJECT`); nested exception is com.fasterxml.jackson.databind.exc.MismatchedInputException: Cannot deserialize value of type `java.lang.Integer` from Object value (token `JsonToken.START_OBJECT`)<EOL> at [Source: (org.springframework.util.StreamUtils$NonClosingInputStream); line: 1, column: 10] (through reference chain: java.util.LinkedHashMap["param"])]
[WARN]2024-07-05 16:15:57,394 - Resolved [org.springframework.http.converter.HttpMessageNotReadableException: JSON parse error: Cannot deserialize value of type `java.lang.Integer` from Object value (token `JsonToken.START_OBJECT`); nested exception is com.fasterxml.jackson.databind.exc.MismatchedInputException: Cannot deserialize value of type `java.lang.Integer` from Object value (token `JsonToken.START_OBJECT`)<EOL> at [Source: (org.springframework.util.StreamUtils$NonClosingInputStream); line: 1, column: 10] (through reference chain: java.util.LinkedHashMap["param"])]
[WARN]2024-07-05 16:15:57,415 - Resolved [org.springframework.http.converter.HttpMessageNotReadableException: JSON parse error: Cannot deserialize value of type `java.lang.Integer` from Object value (token `JsonToken.START_OBJECT`); nested exception is com.fasterxml.jackson.databind.exc.MismatchedInputException: Cannot deserialize value of type `java.lang.Integer` from Object value (token `JsonToken.START_OBJECT`)<EOL> at [Source: (org.springframework.util.StreamUtils$NonClosingInputStream); line: 1, column: 10] (through reference chain: java.util.LinkedHashMap["param"])]
[WARN]2024-07-05 16:15:57,428 - Resolved [org.springframework.http.converter.HttpMessageNotReadableException: JSON parse error: Cannot deserialize value of type `java.lang.Integer` from Object value (token `JsonToken.START_OBJECT`); nested exception is com.fasterxml.jackson.databind.exc.MismatchedInputException: Cannot deserialize value of type `java.lang.Integer` from Object value (token `JsonToken.START_OBJECT`)<EOL> at [Source: (org.springframework.util.StreamUtils$NonClosingInputStream); line: 1, column: 10] (through reference chain: java.util.LinkedHashMap["param"])]
[WARN]2024-07-05 16:17:39,422 - Resolved [org.springframework.http.converter.HttpMessageNotReadableException: JSON parse error: Cannot deserialize value of type `java.lang.Integer` from Object value (token `JsonToken.START_OBJECT`); nested exception is com.fasterxml.jackson.databind.exc.MismatchedInputException: Cannot deserialize value of type `java.lang.Integer` from Object value (token `JsonToken.START_OBJECT`)<EOL> at [Source: (org.springframework.util.StreamUtils$NonClosingInputStream); line: 1, column: 10] (through reference chain: java.util.LinkedHashMap["param"])]
[WARN]2024-07-05 16:17:39,423 - Resolved [org.springframework.http.converter.HttpMessageNotReadableException: JSON parse error: Cannot deserialize value of type `java.lang.Integer` from Object value (token `JsonToken.START_OBJECT`); nested exception is com.fasterxml.jackson.databind.exc.MismatchedInputException: Cannot deserialize value of type `java.lang.Integer` from Object value (token `JsonToken.START_OBJECT`)<EOL> at [Source: (org.springframework.util.StreamUtils$NonClosingInputStream); line: 1, column: 10] (through reference chain: java.util.LinkedHashMap["param"])]
[WARN]2024-07-05 16:17:39,423 - Resolved [org.springframework.http.converter.HttpMessageNotReadableException: JSON parse error: Cannot deserialize value of type `java.lang.Integer` from Object value (token `JsonToken.START_OBJECT`); nested exception is com.fasterxml.jackson.databind.exc.MismatchedInputException: Cannot deserialize value of type `java.lang.Integer` from Object value (token `JsonToken.START_OBJECT`)<EOL> at [Source: (org.springframework.util.StreamUtils$NonClosingInputStream); line: 1, column: 10] (through reference chain: java.util.LinkedHashMap["param"])]
[WARN]2024-07-05 16:17:39,446 - Resolved [org.springframework.http.converter.HttpMessageNotReadableException: JSON parse error: Cannot deserialize value of type `java.lang.Integer` from Object value (token `JsonToken.START_OBJECT`); nested exception is com.fasterxml.jackson.databind.exc.MismatchedInputException: Cannot deserialize value of type `java.lang.Integer` from Object value (token `JsonToken.START_OBJECT`)<EOL> at [Source: (org.springframework.util.StreamUtils$NonClosingInputStream); line: 1, column: 10] (through reference chain: java.util.LinkedHashMap["param"])]
[WARN]2024-07-05 16:17:39,446 - Resolved [org.springframework.http.converter.HttpMessageNotReadableException: JSON parse error: Cannot deserialize value of type `java.lang.Integer` from Object value (token `JsonToken.START_OBJECT`); nested exception is com.fasterxml.jackson.databind.exc.MismatchedInputException: Cannot deserialize value of type `java.lang.Integer` from Object value (token `JsonToken.START_OBJECT`)<EOL> at [Source: (org.springframework.util.StreamUtils$NonClosingInputStream); line: 1, column: 10] (through reference chain: java.util.LinkedHashMap["param"])]
[WARN]2024-07-05 16:19:14,708 - Resolved [org.springframework.http.converter.HttpMessageNotReadableException: JSON parse error: Cannot deserialize value of type `java.lang.Integer` from Object value (token `JsonToken.START_OBJECT`); nested exception is com.fasterxml.jackson.databind.exc.MismatchedInputException: Cannot deserialize value of type `java.lang.Integer` from Object value (token `JsonToken.START_OBJECT`)<EOL> at [Source: (org.springframework.util.StreamUtils$NonClosingInputStream); line: 1, column: 10] (through reference chain: java.util.LinkedHashMap["param"])]
[WARN]2024-07-05 16:19:14,709 - Resolved [org.springframework.http.converter.HttpMessageNotReadableException: JSON parse error: Cannot deserialize value of type `java.lang.Integer` from Object value (token `JsonToken.START_OBJECT`); nested exception is com.fasterxml.jackson.databind.exc.MismatchedInputException: Cannot deserialize value of type `java.lang.Integer` from Object value (token `JsonToken.START_OBJECT`)<EOL> at [Source: (org.springframework.util.StreamUtils$NonClosingInputStream); line: 1, column: 10] (through reference chain: java.util.LinkedHashMap["param"])]
[WARN]2024-07-05 16:19:14,709 - Resolved [org.springframework.http.converter.HttpMessageNotReadableException: JSON parse error: Cannot deserialize value of type `java.lang.Integer` from Object value (token `JsonToken.START_OBJECT`); nested exception is com.fasterxml.jackson.databind.exc.MismatchedInputException: Cannot deserialize value of type `java.lang.Integer` from Object value (token `JsonToken.START_OBJECT`)<EOL> at [Source: (org.springframework.util.StreamUtils$NonClosingInputStream); line: 1, column: 10] (through reference chain: java.util.LinkedHashMap["param"])]
[WARN]2024-07-05 16:19:14,730 - Resolved [org.springframework.http.converter.HttpMessageNotReadableException: JSON parse error: Cannot deserialize value of type `java.lang.Integer` from Object value (token `JsonToken.START_OBJECT`); nested exception is com.fasterxml.jackson.databind.exc.MismatchedInputException: Cannot deserialize value of type `java.lang.Integer` from Object value (token `JsonToken.START_OBJECT`)<EOL> at [Source: (org.springframework.util.StreamUtils$NonClosingInputStream); line: 1, column: 10] (through reference chain: java.util.LinkedHashMap["param"])]
[WARN]2024-07-05 16:19:14,730 - Resolved [org.springframework.http.converter.HttpMessageNotReadableException: JSON parse error: Cannot deserialize value of type `java.lang.Integer` from Object value (token `JsonToken.START_OBJECT`); nested exception is com.fasterxml.jackson.databind.exc.MismatchedInputException: Cannot deserialize value of type `java.lang.Integer` from Object value (token `JsonToken.START_OBJECT`)<EOL> at [Source: (org.springframework.util.StreamUtils$NonClosingInputStream); line: 1, column: 10] (through reference chain: java.util.LinkedHashMap["param"])]
[WARN]2024-07-05 16:19:50,541 - Resolved [org.springframework.http.converter.HttpMessageNotReadableException: JSON parse error: Cannot deserialize value of type `java.lang.Integer` from Object value (token `JsonToken.START_OBJECT`); nested exception is com.fasterxml.jackson.databind.exc.MismatchedInputException: Cannot deserialize value of type `java.lang.Integer` from Object value (token `JsonToken.START_OBJECT`)<EOL> at [Source: (org.springframework.util.StreamUtils$NonClosingInputStream); line: 1, column: 10] (through reference chain: java.util.LinkedHashMap["param"])]
[WARN]2024-07-05 16:19:50,562 - Resolved [org.springframework.http.converter.HttpMessageNotReadableException: JSON parse error: Cannot deserialize value of type `java.lang.Integer` from Object value (token `JsonToken.START_OBJECT`); nested exception is com.fasterxml.jackson.databind.exc.MismatchedInputException: Cannot deserialize value of type `java.lang.Integer` from Object value (token `JsonToken.START_OBJECT`)<EOL> at [Source: (org.springframework.util.StreamUtils$NonClosingInputStream); line: 1, column: 10] (through reference chain: java.util.LinkedHashMap["param"])]
[WARN]2024-07-05 16:19:50,563 - Resolved [org.springframework.http.converter.HttpMessageNotReadableException: JSON parse error: Cannot deserialize value of type `java.lang.Integer` from Object value (token `JsonToken.START_OBJECT`); nested exception is com.fasterxml.jackson.databind.exc.MismatchedInputException: Cannot deserialize value of type `java.lang.Integer` from Object value (token `JsonToken.START_OBJECT`)<EOL> at [Source: (org.springframework.util.StreamUtils$NonClosingInputStream); line: 1, column: 10] (through reference chain: java.util.LinkedHashMap["param"])]
[WARN]2024-07-05 16:19:50,575 - Resolved [org.springframework.http.converter.HttpMessageNotReadableException: JSON parse error: Cannot deserialize value of type `java.lang.Integer` from Object value (token `JsonToken.START_OBJECT`); nested exception is com.fasterxml.jackson.databind.exc.MismatchedInputException: Cannot deserialize value of type `java.lang.Integer` from Object value (token `JsonToken.START_OBJECT`)<EOL> at [Source: (org.springframework.util.StreamUtils$NonClosingInputStream); line: 1, column: 10] (through reference chain: java.util.LinkedHashMap["param"])]
[WARN]2024-07-05 16:19:50,575 - Resolved [org.springframework.http.converter.HttpMessageNotReadableException: JSON parse error: Cannot deserialize value of type `java.lang.Integer` from Object value (token `JsonToken.START_OBJECT`); nested exception is com.fasterxml.jackson.databind.exc.MismatchedInputException: Cannot deserialize value of type `java.lang.Integer` from Object value (token `JsonToken.START_OBJECT`)<EOL> at [Source: (org.springframework.util.StreamUtils$NonClosingInputStream); line: 1, column: 10] (through reference chain: java.util.LinkedHashMap["param"])]
[WARN]2024-07-05 16:20:01,459 - Resolved [org.springframework.http.converter.HttpMessageNotReadableException: JSON parse error: Cannot deserialize value of type `java.lang.Integer` from Object value (token `JsonToken.START_OBJECT`); nested exception is com.fasterxml.jackson.databind.exc.MismatchedInputException: Cannot deserialize value of type `java.lang.Integer` from Object value (token `JsonToken.START_OBJECT`)<EOL> at [Source: (org.springframework.util.StreamUtils$NonClosingInputStream); line: 1, column: 10] (through reference chain: java.util.LinkedHashMap["param"])]
[WARN]2024-07-05 16:20:01,459 - Resolved [org.springframework.http.converter.HttpMessageNotReadableException: JSON parse error: Cannot deserialize value of type `java.lang.Integer` from Object value (token `JsonToken.START_OBJECT`); nested exception is com.fasterxml.jackson.databind.exc.MismatchedInputException: Cannot deserialize value of type `java.lang.Integer` from Object value (token `JsonToken.START_OBJECT`)<EOL> at [Source: (org.springframework.util.StreamUtils$NonClosingInputStream); line: 1, column: 10] (through reference chain: java.util.LinkedHashMap["param"])]
[WARN]2024-07-05 16:20:01,460 - Resolved [org.springframework.http.converter.HttpMessageNotReadableException: JSON parse error: Cannot deserialize value of type `java.lang.Integer` from Object value (token `JsonToken.START_OBJECT`); nested exception is com.fasterxml.jackson.databind.exc.MismatchedInputException: Cannot deserialize value of type `java.lang.Integer` from Object value (token `JsonToken.START_OBJECT`)<EOL> at [Source: (org.springframework.util.StreamUtils$NonClosingInputStream); line: 1, column: 10] (through reference chain: java.util.LinkedHashMap["param"])]
[WARN]2024-07-05 16:20:01,475 - Resolved [org.springframework.http.converter.HttpMessageNotReadableException: JSON parse error: Cannot deserialize value of type `java.lang.Integer` from Object value (token `JsonToken.START_OBJECT`); nested exception is com.fasterxml.jackson.databind.exc.MismatchedInputException: Cannot deserialize value of type `java.lang.Integer` from Object value (token `JsonToken.START_OBJECT`)<EOL> at [Source: (org.springframework.util.StreamUtils$NonClosingInputStream); line: 1, column: 10] (through reference chain: java.util.LinkedHashMap["param"])]
[WARN]2024-07-05 16:20:01,475 - Resolved [org.springframework.http.converter.HttpMessageNotReadableException: JSON parse error: Cannot deserialize value of type `java.lang.Integer` from Object value (token `JsonToken.START_OBJECT`); nested exception is com.fasterxml.jackson.databind.exc.MismatchedInputException: Cannot deserialize value of type `java.lang.Integer` from Object value (token `JsonToken.START_OBJECT`)<EOL> at [Source: (org.springframework.util.StreamUtils$NonClosingInputStream); line: 1, column: 10] (through reference chain: java.util.LinkedHashMap["param"])]
[WARN]2024-07-05 16:21:36,645 - Resolved [org.springframework.http.converter.HttpMessageNotReadableException: JSON parse error: Cannot deserialize value of type `java.lang.Integer` from Object value (token `JsonToken.START_OBJECT`); nested exception is com.fasterxml.jackson.databind.exc.MismatchedInputException: Cannot deserialize value of type `java.lang.Integer` from Object value (token `JsonToken.START_OBJECT`)<EOL> at [Source: (org.springframework.util.StreamUtils$NonClosingInputStream); line: 1, column: 10] (through reference chain: java.util.LinkedHashMap["param"])]
[WARN]2024-07-05 16:21:36,650 - Resolved [org.springframework.http.converter.HttpMessageNotReadableException: JSON parse error: Cannot deserialize value of type `java.lang.Integer` from Object value (token `JsonToken.START_OBJECT`); nested exception is com.fasterxml.jackson.databind.exc.MismatchedInputException: Cannot deserialize value of type `java.lang.Integer` from Object value (token `JsonToken.START_OBJECT`)<EOL> at [Source: (org.springframework.util.StreamUtils$NonClosingInputStream); line: 1, column: 10] (through reference chain: java.util.LinkedHashMap["param"])]
[WARN]2024-07-05 16:21:36,650 - Resolved [org.springframework.http.converter.HttpMessageNotReadableException: JSON parse error: Cannot deserialize value of type `java.lang.Integer` from Object value (token `JsonToken.START_OBJECT`); nested exception is com.fasterxml.jackson.databind.exc.MismatchedInputException: Cannot deserialize value of type `java.lang.Integer` from Object value (token `JsonToken.START_OBJECT`)<EOL> at [Source: (org.springframework.util.StreamUtils$NonClosingInputStream); line: 1, column: 10] (through reference chain: java.util.LinkedHashMap["param"])]
[WARN]2024-07-05 16:21:36,675 - Resolved [org.springframework.http.converter.HttpMessageNotReadableException: JSON parse error: Cannot deserialize value of type `java.lang.Integer` from Object value (token `JsonToken.START_OBJECT`); nested exception is com.fasterxml.jackson.databind.exc.MismatchedInputException: Cannot deserialize value of type `java.lang.Integer` from Object value (token `JsonToken.START_OBJECT`)<EOL> at [Source: (org.springframework.util.StreamUtils$NonClosingInputStream); line: 1, column: 10] (through reference chain: java.util.LinkedHashMap["param"])]
[WARN]2024-07-05 16:21:36,675 - Resolved [org.springframework.http.converter.HttpMessageNotReadableException: JSON parse error: Cannot deserialize value of type `java.lang.Integer` from Object value (token `JsonToken.START_OBJECT`); nested exception is com.fasterxml.jackson.databind.exc.MismatchedInputException: Cannot deserialize value of type `java.lang.Integer` from Object value (token `JsonToken.START_OBJECT`)<EOL> at [Source: (org.springframework.util.StreamUtils$NonClosingInputStream); line: 1, column: 10] (through reference chain: java.util.LinkedHashMap["param"])]
[INFO]2024-07-05 16:22:13,229 - Closing JPA EntityManagerFactory for persistence unit 'default'
[INFO]2024-07-05 16:22:13,232 - HikariPool-1 - Shutdown initiated...
[INFO]2024-07-05 16:22:13,236 - HikariPool-1 - Shutdown completed.
[INFO]2024-07-05 16:22:16,274 - Starting SpringbootApplication using Java 20.0.1 on LAPTOP-L2BN52PD with PID 12524 (E:\shixi\springboot\target\classes started by jiaoy in E:\shixi\springboot)
[INFO]2024-07-05 16:22:16,275 - No active profile set, falling back to 1 default profile: "default"
[INFO]2024-07-05 16:22:16,319 - Devtools property defaults active! Set 'spring.devtools.add-properties' to 'false' to disable
[INFO]2024-07-05 16:22:16,319 - For additional web related logging consider setting the 'logging.level.web' property to 'DEBUG'
[INFO]2024-07-05 16:22:16,922 - Multiple Spring Data modules found, entering strict repository configuration mode
[INFO]2024-07-05 16:22:16,922 - Bootstrapping Spring Data JPA repositories in DEFAULT mode.
[INFO]2024-07-05 16:22:16,936 - Finished Spring Data repository scanning in 7 ms. Found 0 JPA repository interfaces.
[INFO]2024-07-05 16:22:16,946 - Multiple Spring Data modules found, entering strict repository configuration mode
[INFO]2024-07-05 16:22:16,946 - Bootstrapping Spring Data Redis repositories in DEFAULT mode.
[INFO]2024-07-05 16:22:16,954 - Finished Spring Data repository scanning in 3 ms. Found 0 Redis repository interfaces.
[INFO]2024-07-05 16:22:17,500 - Tomcat initialized with port(s): 8080 (http)
[INFO]2024-07-05 16:22:17,501 - Loaded Apache Tomcat Native library [1.3.0] using APR version [1.7.4].
[INFO]2024-07-05 16:22:17,501 - APR capabilities: IPv6 [true], sendfile [true], accept filters [false], random [true], UDS [true].
[INFO]2024-07-05 16:22:17,501 - APR/OpenSSL configuration: useAprConnector [false], useOpenSSL [true]
[INFO]2024-07-05 16:22:17,506 - OpenSSL successfully initialized [OpenSSL 3.0.13 30 Jan 2024]
[INFO]2024-07-05 16:22:17,512 - Initializing ProtocolHandler ["http-nio-8080"]
[INFO]2024-07-05 16:22:17,514 - Starting service [Tomcat]
[INFO]2024-07-05 16:22:17,514 - Starting Servlet engine: [Apache Tomcat/9.0.76]
[INFO]2024-07-05 16:22:17,574 - Initializing Spring embedded WebApplicationContext
[INFO]2024-07-05 16:22:17,575 - Root WebApplicationContext: initialization completed in 1255 ms
[INFO]2024-07-05 16:22:17,692 - HikariPool-1 - Starting...
[WARN]2024-07-05 16:22:17,694 - Registered driver with driverClassName=com.mysql.jdbc.Driver was not found, trying direct instantiation.
[INFO]2024-07-05 16:22:17,774 - HikariPool-1 - Start completed.
[INFO]2024-07-05 16:22:17,834 - HHH000412: Hibernate ORM core version 5.6.15.Final
[INFO]2024-07-05 16:22:17,919 - HCANN000001: Hibernate Commons Annotations {5.1.2.Final}
[INFO]2024-07-05 16:22:17,982 - HHH000400: Using dialect: org.hibernate.dialect.MySQL55Dialect
[INFO]2024-07-05 16:22:18,063 - HHH000490: Using JtaPlatform implementation: [org.hibernate.engine.transaction.jta.platform.internal.NoJtaPlatform]
[INFO]2024-07-05 16:22:18,069 - Initialized JPA EntityManagerFactory for persistence unit 'default'
[INFO]2024-07-05 16:22:18,477 - 自定义Redis配置--
[WARN]2024-07-05 16:22:18,517 - spring.jpa.open-in-view is enabled by default. Therefore, database queries may be performed during view rendering. Explicitly configure spring.jpa.open-in-view to disable this warning
[INFO]2024-07-05 16:22:18,627 - Adding welcome page template: index
[INFO]2024-07-05 16:22:18,835 - LiveReload server is running on port 35729
[INFO]2024-07-05 16:22:18,852 - Starting ProtocolHandler ["http-nio-8080"]
[INFO]2024-07-05 16:22:18,867 - Tomcat started on port(s): 8080 (http) with context path ''
[INFO]2024-07-05 16:22:18,880 - Started SpringbootApplication in 2.931 seconds (JVM running for 3.589)
[INFO]2024-07-05 16:22:19,951 - Initializing Spring DispatcherServlet 'dispatcherServlet'
[INFO]2024-07-05 16:22:19,951 - Initializing Servlet 'dispatcherServlet'
[INFO]2024-07-05 16:22:19,952 - Completed initialization in 1 ms
[WARN]2024-07-05 16:22:20,177 - Resolved [org.springframework.http.converter.HttpMessageNotReadableException: JSON parse error: Cannot deserialize value of type `java.lang.Integer` from Object value (token `JsonToken.START_OBJECT`); nested exception is com.fasterxml.jackson.databind.exc.MismatchedInputException: Cannot deserialize value of type `java.lang.Integer` from Object value (token `JsonToken.START_OBJECT`)<EOL> at [Source: (org.springframework.util.StreamUtils$NonClosingInputStream); line: 1, column: 10] (through reference chain: java.util.LinkedHashMap["param"])]
[WARN]2024-07-05 16:22:20,178 - Resolved [org.springframework.http.converter.HttpMessageNotReadableException: JSON parse error: Cannot deserialize value of type `java.lang.Integer` from Object value (token `JsonToken.START_OBJECT`); nested exception is com.fasterxml.jackson.databind.exc.MismatchedInputException: Cannot deserialize value of type `java.lang.Integer` from Object value (token `JsonToken.START_OBJECT`)<EOL> at [Source: (org.springframework.util.StreamUtils$NonClosingInputStream); line: 1, column: 10] (through reference chain: java.util.LinkedHashMap["param"])]
[WARN]2024-07-05 16:22:20,179 - Resolved [org.springframework.http.converter.HttpMessageNotReadableException: JSON parse error: Cannot deserialize value of type `java.lang.Integer` from Object value (token `JsonToken.START_OBJECT`); nested exception is com.fasterxml.jackson.databind.exc.MismatchedInputException: Cannot deserialize value of type `java.lang.Integer` from Object value (token `JsonToken.START_OBJECT`)<EOL> at [Source: (org.springframework.util.StreamUtils$NonClosingInputStream); line: 1, column: 10] (through reference chain: java.util.LinkedHashMap["param"])]
[WARN]2024-07-05 16:22:20,188 - Resolved [org.springframework.http.converter.HttpMessageNotReadableException: JSON parse error: Cannot deserialize value of type `java.lang.Integer` from Object value (token `JsonToken.START_OBJECT`); nested exception is com.fasterxml.jackson.databind.exc.MismatchedInputException: Cannot deserialize value of type `java.lang.Integer` from Object value (token `JsonToken.START_OBJECT`)<EOL> at [Source: (org.springframework.util.StreamUtils$NonClosingInputStream); line: 1, column: 10] (through reference chain: java.util.LinkedHashMap["param"])]
[WARN]2024-07-05 16:22:20,190 - Resolved [org.springframework.http.converter.HttpMessageNotReadableException: JSON parse error: Cannot deserialize value of type `java.lang.Integer` from Object value (token `JsonToken.START_OBJECT`); nested exception is com.fasterxml.jackson.databind.exc.MismatchedInputException: Cannot deserialize value of type `java.lang.Integer` from Object value (token `JsonToken.START_OBJECT`)<EOL> at [Source: (org.springframework.util.StreamUtils$NonClosingInputStream); line: 1, column: 10] (through reference chain: java.util.LinkedHashMap["param"])]
[WARN]2024-07-05 16:23:02,365 - Resolved [org.springframework.http.converter.HttpMessageNotReadableException: JSON parse error: Cannot deserialize value of type `java.lang.Integer` from Object value (token `JsonToken.START_OBJECT`); nested exception is com.fasterxml.jackson.databind.exc.MismatchedInputException: Cannot deserialize value of type `java.lang.Integer` from Object value (token `JsonToken.START_OBJECT`)<EOL> at [Source: (org.springframework.util.StreamUtils$NonClosingInputStream); line: 1, column: 10] (through reference chain: java.util.LinkedHashMap["param"])]
[WARN]2024-07-05 16:23:02,373 - Resolved [org.springframework.http.converter.HttpMessageNotReadableException: JSON parse error: Cannot deserialize value of type `java.lang.Integer` from Object value (token `JsonToken.START_OBJECT`); nested exception is com.fasterxml.jackson.databind.exc.MismatchedInputException: Cannot deserialize value of type `java.lang.Integer` from Object value (token `JsonToken.START_OBJECT`)<EOL> at [Source: (org.springframework.util.StreamUtils$NonClosingInputStream); line: 1, column: 10] (through reference chain: java.util.LinkedHashMap["param"])]
[WARN]2024-07-05 16:23:02,381 - Resolved [org.springframework.http.converter.HttpMessageNotReadableException: JSON parse error: Cannot deserialize value of type `java.lang.Integer` from Object value (token `JsonToken.START_OBJECT`); nested exception is com.fasterxml.jackson.databind.exc.MismatchedInputException: Cannot deserialize value of type `java.lang.Integer` from Object value (token `JsonToken.START_OBJECT`)<EOL> at [Source: (org.springframework.util.StreamUtils$NonClosingInputStream); line: 1, column: 10] (through reference chain: java.util.LinkedHashMap["param"])]
[WARN]2024-07-05 16:23:02,381 - Resolved [org.springframework.http.converter.HttpMessageNotReadableException: JSON parse error: Cannot deserialize value of type `java.lang.Integer` from Object value (token `JsonToken.START_OBJECT`); nested exception is com.fasterxml.jackson.databind.exc.MismatchedInputException: Cannot deserialize value of type `java.lang.Integer` from Object value (token `JsonToken.START_OBJECT`)<EOL> at [Source: (org.springframework.util.StreamUtils$NonClosingInputStream); line: 1, column: 10] (through reference chain: java.util.LinkedHashMap["param"])]
[WARN]2024-07-05 16:23:02,515 - Resolved [org.springframework.http.converter.HttpMessageNotReadableException: JSON parse error: Cannot deserialize value of type `java.lang.Integer` from Object value (token `JsonToken.START_OBJECT`); nested exception is com.fasterxml.jackson.databind.exc.MismatchedInputException: Cannot deserialize value of type `java.lang.Integer` from Object value (token `JsonToken.START_OBJECT`)<EOL> at [Source: (org.springframework.util.StreamUtils$NonClosingInputStream); line: 1, column: 10] (through reference chain: java.util.LinkedHashMap["param"])]
[WARN]2024-07-05 16:23:25,743 - Resolved [org.springframework.http.converter.HttpMessageNotReadableException: JSON parse error: Cannot deserialize value of type `java.lang.Integer` from Object value (token `JsonToken.START_OBJECT`); nested exception is com.fasterxml.jackson.databind.exc.MismatchedInputException: Cannot deserialize value of type `java.lang.Integer` from Object value (token `JsonToken.START_OBJECT`)<EOL> at [Source: (org.springframework.util.StreamUtils$NonClosingInputStream); line: 1, column: 10] (through reference chain: java.util.LinkedHashMap["param"])]
[WARN]2024-07-05 16:23:25,744 - Resolved [org.springframework.http.converter.HttpMessageNotReadableException: JSON parse error: Cannot deserialize value of type `java.lang.Integer` from Object value (token `JsonToken.START_OBJECT`); nested exception is com.fasterxml.jackson.databind.exc.MismatchedInputException: Cannot deserialize value of type `java.lang.Integer` from Object value (token `JsonToken.START_OBJECT`)<EOL> at [Source: (org.springframework.util.StreamUtils$NonClosingInputStream); line: 1, column: 10] (through reference chain: java.util.LinkedHashMap["param"])]
[WARN]2024-07-05 16:23:25,746 - Resolved [org.springframework.http.converter.HttpMessageNotReadableException: JSON parse error: Cannot deserialize value of type `java.lang.Integer` from Object value (token `JsonToken.START_OBJECT`); nested exception is com.fasterxml.jackson.databind.exc.MismatchedInputException: Cannot deserialize value of type `java.lang.Integer` from Object value (token `JsonToken.START_OBJECT`)<EOL> at [Source: (org.springframework.util.StreamUtils$NonClosingInputStream); line: 1, column: 10] (through reference chain: java.util.LinkedHashMap["param"])]
[WARN]2024-07-05 16:23:25,755 - Resolved [org.springframework.http.converter.HttpMessageNotReadableException: JSON parse error: Cannot deserialize value of type `java.lang.Integer` from Object value (token `JsonToken.START_OBJECT`); nested exception is com.fasterxml.jackson.databind.exc.MismatchedInputException: Cannot deserialize value of type `java.lang.Integer` from Object value (token `JsonToken.START_OBJECT`)<EOL> at [Source: (org.springframework.util.StreamUtils$NonClosingInputStream); line: 1, column: 10] (through reference chain: java.util.LinkedHashMap["param"])]
[WARN]2024-07-05 16:23:25,756 - Resolved [org.springframework.http.converter.HttpMessageNotReadableException: JSON parse error: Cannot deserialize value of type `java.lang.Integer` from Object value (token `JsonToken.START_OBJECT`); nested exception is com.fasterxml.jackson.databind.exc.MismatchedInputException: Cannot deserialize value of type `java.lang.Integer` from Object value (token `JsonToken.START_OBJECT`)<EOL> at [Source: (org.springframework.util.StreamUtils$NonClosingInputStream); line: 1, column: 10] (through reference chain: java.util.LinkedHashMap["param"])]
[WARN]2024-07-05 16:23:52,881 - Resolved [org.springframework.http.converter.HttpMessageNotReadableException: JSON parse error: Cannot deserialize value of type `java.lang.Integer` from Object value (token `JsonToken.START_OBJECT`); nested exception is com.fasterxml.jackson.databind.exc.MismatchedInputException: Cannot deserialize value of type `java.lang.Integer` from Object value (token `JsonToken.START_OBJECT`)<EOL> at [Source: (org.springframework.util.StreamUtils$NonClosingInputStream); line: 1, column: 10] (through reference chain: java.util.LinkedHashMap["param"])]
[WARN]2024-07-05 16:23:52,881 - Resolved [org.springframework.http.converter.HttpMessageNotReadableException: JSON parse error: Cannot deserialize value of type `java.lang.Integer` from Object value (token `JsonToken.START_OBJECT`); nested exception is com.fasterxml.jackson.databind.exc.MismatchedInputException: Cannot deserialize value of type `java.lang.Integer` from Object value (token `JsonToken.START_OBJECT`)<EOL> at [Source: (org.springframework.util.StreamUtils$NonClosingInputStream); line: 1, column: 10] (through reference chain: java.util.LinkedHashMap["param"])]
[WARN]2024-07-05 16:23:52,882 - Resolved [org.springframework.http.converter.HttpMessageNotReadableException: JSON parse error: Cannot deserialize value of type `java.lang.Integer` from Object value (token `JsonToken.START_OBJECT`); nested exception is com.fasterxml.jackson.databind.exc.MismatchedInputException: Cannot deserialize value of type `java.lang.Integer` from Object value (token `JsonToken.START_OBJECT`)<EOL> at [Source: (org.springframework.util.StreamUtils$NonClosingInputStream); line: 1, column: 10] (through reference chain: java.util.LinkedHashMap["param"])]
[WARN]2024-07-05 16:23:52,900 - Resolved [org.springframework.http.converter.HttpMessageNotReadableException: JSON parse error: Cannot deserialize value of type `java.lang.Integer` from Object value (token `JsonToken.START_OBJECT`); nested exception is com.fasterxml.jackson.databind.exc.MismatchedInputException: Cannot deserialize value of type `java.lang.Integer` from Object value (token `JsonToken.START_OBJECT`)<EOL> at [Source: (org.springframework.util.StreamUtils$NonClosingInputStream); line: 1, column: 10] (through reference chain: java.util.LinkedHashMap["param"])]
[WARN]2024-07-05 16:23:52,900 - Resolved [org.springframework.http.converter.HttpMessageNotReadableException: JSON parse error: Cannot deserialize value of type `java.lang.Integer` from Object value (token `JsonToken.START_OBJECT`); nested exception is com.fasterxml.jackson.databind.exc.MismatchedInputException: Cannot deserialize value of type `java.lang.Integer` from Object value (token `JsonToken.START_OBJECT`)<EOL> at [Source: (org.springframework.util.StreamUtils$NonClosingInputStream); line: 1, column: 10] (through reference chain: java.util.LinkedHashMap["param"])]
[WARN]2024-07-05 16:25:10,295 - Resolved [org.springframework.http.converter.HttpMessageNotReadableException: JSON parse error: Cannot deserialize value of type `java.lang.Integer` from Object value (token `JsonToken.START_OBJECT`); nested exception is com.fasterxml.jackson.databind.exc.MismatchedInputException: Cannot deserialize value of type `java.lang.Integer` from Object value (token `JsonToken.START_OBJECT`)<EOL> at [Source: (org.springframework.util.StreamUtils$NonClosingInputStream); line: 1, column: 10] (through reference chain: java.util.LinkedHashMap["param"])]
[WARN]2024-07-05 16:25:10,295 - Resolved [org.springframework.http.converter.HttpMessageNotReadableException: JSON parse error: Cannot deserialize value of type `java.lang.Integer` from Object value (token `JsonToken.START_OBJECT`); nested exception is com.fasterxml.jackson.databind.exc.MismatchedInputException: Cannot deserialize value of type `java.lang.Integer` from Object value (token `JsonToken.START_OBJECT`)<EOL> at [Source: (org.springframework.util.StreamUtils$NonClosingInputStream); line: 1, column: 10] (through reference chain: java.util.LinkedHashMap["param"])]
[WARN]2024-07-05 16:25:10,303 - Resolved [org.springframework.http.converter.HttpMessageNotReadableException: JSON parse error: Cannot deserialize value of type `java.lang.Integer` from Object value (token `JsonToken.START_OBJECT`); nested exception is com.fasterxml.jackson.databind.exc.MismatchedInputException: Cannot deserialize value of type `java.lang.Integer` from Object value (token `JsonToken.START_OBJECT`)<EOL> at [Source: (org.springframework.util.StreamUtils$NonClosingInputStream); line: 1, column: 10] (through reference chain: java.util.LinkedHashMap["param"])]
[WARN]2024-07-05 16:25:10,317 - Resolved [org.springframework.http.converter.HttpMessageNotReadableException: JSON parse error: Cannot deserialize value of type `java.lang.Integer` from Object value (token `JsonToken.START_OBJECT`); nested exception is com.fasterxml.jackson.databind.exc.MismatchedInputException: Cannot deserialize value of type `java.lang.Integer` from Object value (token `JsonToken.START_OBJECT`)<EOL> at [Source: (org.springframework.util.StreamUtils$NonClosingInputStream); line: 1, column: 10] (through reference chain: java.util.LinkedHashMap["param"])]
[WARN]2024-07-05 16:25:10,317 - Resolved [org.springframework.http.converter.HttpMessageNotReadableException: JSON parse error: Cannot deserialize value of type `java.lang.Integer` from Object value (token `JsonToken.START_OBJECT`); nested exception is com.fasterxml.jackson.databind.exc.MismatchedInputException: Cannot deserialize value of type `java.lang.Integer` from Object value (token `JsonToken.START_OBJECT`)<EOL> at [Source: (org.springframework.util.StreamUtils$NonClosingInputStream); line: 1, column: 10] (through reference chain: java.util.LinkedHashMap["param"])]
[INFO]2024-07-05 16:30:31,977 - Closing JPA EntityManagerFactory for persistence unit 'default'
[INFO]2024-07-05 16:30:31,980 - HikariPool-1 - Shutdown initiated...
[INFO]2024-07-05 16:30:31,985 - HikariPool-1 - Shutdown completed.
[INFO]2024-07-05 16:30:37,218 - Starting SpringbootApplication using Java 20.0.1 on LAPTOP-L2BN52PD with PID 14468 (E:\shixi\springboot\target\classes started by jiaoy in E:\shixi\springboot)
[INFO]2024-07-05 16:30:37,219 - No active profile set, falling back to 1 default profile: "default"
[INFO]2024-07-05 16:30:37,266 - Devtools property defaults active! Set 'spring.devtools.add-properties' to 'false' to disable
[INFO]2024-07-05 16:30:37,266 - For additional web related logging consider setting the 'logging.level.web' property to 'DEBUG'
[INFO]2024-07-05 16:30:37,877 - Multiple Spring Data modules found, entering strict repository configuration mode
[INFO]2024-07-05 16:30:37,878 - Bootstrapping Spring Data JPA repositories in DEFAULT mode.
[INFO]2024-07-05 16:30:37,895 - Finished Spring Data repository scanning in 9 ms. Found 0 JPA repository interfaces.
[INFO]2024-07-05 16:30:37,904 - Multiple Spring Data modules found, entering strict repository configuration mode
[INFO]2024-07-05 16:30:37,905 - Bootstrapping Spring Data Redis repositories in DEFAULT mode.
[INFO]2024-07-05 16:30:37,913 - Finished Spring Data repository scanning in 3 ms. Found 0 Redis repository interfaces.
[INFO]2024-07-05 16:30:38,439 - Tomcat initialized with port(s): 8080 (http)
[INFO]2024-07-05 16:30:38,440 - Loaded Apache Tomcat Native library [1.3.0] using APR version [1.7.4].
[INFO]2024-07-05 16:30:38,440 - APR capabilities: IPv6 [true], sendfile [true], accept filters [false], random [true], UDS [true].
[INFO]2024-07-05 16:30:38,440 - APR/OpenSSL configuration: useAprConnector [false], useOpenSSL [true]
[INFO]2024-07-05 16:30:38,444 - OpenSSL successfully initialized [OpenSSL 3.0.13 30 Jan 2024]
[INFO]2024-07-05 16:30:38,449 - Initializing ProtocolHandler ["http-nio-8080"]
[INFO]2024-07-05 16:30:38,449 - Starting service [Tomcat]
[INFO]2024-07-05 16:30:38,450 - Starting Servlet engine: [Apache Tomcat/9.0.76]
[INFO]2024-07-05 16:30:38,504 - Initializing Spring embedded WebApplicationContext
[INFO]2024-07-05 16:30:38,504 - Root WebApplicationContext: initialization completed in 1238 ms
[INFO]2024-07-05 16:30:38,620 - HikariPool-1 - Starting...
[WARN]2024-07-05 16:30:38,622 - Registered driver with driverClassName=com.mysql.jdbc.Driver was not found, trying direct instantiation.
[INFO]2024-07-05 16:30:38,707 - HikariPool-1 - Start completed.
[INFO]2024-07-05 16:30:38,775 - HHH000412: Hibernate ORM core version 5.6.15.Final
[INFO]2024-07-05 16:30:38,869 - HCANN000001: Hibernate Commons Annotations {5.1.2.Final}
[INFO]2024-07-05 16:30:38,937 - HHH000400: Using dialect: org.hibernate.dialect.MySQL55Dialect
[INFO]2024-07-05 16:30:39,025 - HHH000490: Using JtaPlatform implementation: [org.hibernate.engine.transaction.jta.platform.internal.NoJtaPlatform]
[INFO]2024-07-05 16:30:39,034 - Initialized JPA EntityManagerFactory for persistence unit 'default'
[INFO]2024-07-05 16:30:39,475 - 自定义Redis配置--
[WARN]2024-07-05 16:30:39,524 - spring.jpa.open-in-view is enabled by default. Therefore, database queries may be performed during view rendering. Explicitly configure spring.jpa.open-in-view to disable this warning
[INFO]2024-07-05 16:30:39,646 - Adding welcome page template: index
[INFO]2024-07-05 16:30:39,882 - LiveReload server is running on port 35729
[INFO]2024-07-05 16:30:39,901 - Starting ProtocolHandler ["http-nio-8080"]
[INFO]2024-07-05 16:30:39,916 - Tomcat started on port(s): 8080 (http) with context path ''
[INFO]2024-07-05 16:30:39,931 - Started SpringbootApplication in 3.048 seconds (JVM running for 3.657)
[INFO]2024-07-05 16:30:41,790 - Initializing Spring DispatcherServlet 'dispatcherServlet'
[INFO]2024-07-05 16:30:41,790 - Initializing Servlet 'dispatcherServlet'
[INFO]2024-07-05 16:30:41,791 - Completed initialization in 1 ms
[INFO]2024-07-05 16:32:08,210 - Closing JPA EntityManagerFactory for persistence unit 'default'
[INFO]2024-07-05 16:32:08,212 - HikariPool-1 - Shutdown initiated...
[INFO]2024-07-05 16:32:08,217 - HikariPool-1 - Shutdown completed.
[INFO]2024-07-05 16:32:13,301 - Starting SpringbootApplication using Java 20.0.1 on LAPTOP-L2BN52PD with PID 37420 (E:\shixi\springboot\target\classes started by jiaoy in E:\shixi\springboot)
[INFO]2024-07-05 16:32:13,301 - No active profile set, falling back to 1 default profile: "default"
[INFO]2024-07-05 16:32:13,345 - Devtools property defaults active! Set 'spring.devtools.add-properties' to 'false' to disable
[INFO]2024-07-05 16:32:13,345 - For additional web related logging consider setting the 'logging.level.web' property to 'DEBUG'
[INFO]2024-07-05 16:32:13,961 - Multiple Spring Data modules found, entering strict repository configuration mode
[INFO]2024-07-05 16:32:13,962 - Bootstrapping Spring Data JPA repositories in DEFAULT mode.
[INFO]2024-07-05 16:32:13,977 - Finished Spring Data repository scanning in 8 ms. Found 0 JPA repository interfaces.
[INFO]2024-07-05 16:32:13,988 - Multiple Spring Data modules found, entering strict repository configuration mode
[INFO]2024-07-05 16:32:13,988 - Bootstrapping Spring Data Redis repositories in DEFAULT mode.
[INFO]2024-07-05 16:32:13,997 - Finished Spring Data repository scanning in 3 ms. Found 0 Redis repository interfaces.
[INFO]2024-07-05 16:32:14,435 - Tomcat initialized with port(s): 8080 (http)
[INFO]2024-07-05 16:32:14,436 - Loaded Apache Tomcat Native library [1.3.0] using APR version [1.7.4].
[INFO]2024-07-05 16:32:14,436 - APR capabilities: IPv6 [true], sendfile [true], accept filters [false], random [true], UDS [true].
[INFO]2024-07-05 16:32:14,436 - APR/OpenSSL configuration: useAprConnector [false], useOpenSSL [true]
[INFO]2024-07-05 16:32:14,441 - OpenSSL successfully initialized [OpenSSL 3.0.13 30 Jan 2024]
[INFO]2024-07-05 16:32:14,445 - Initializing ProtocolHandler ["http-nio-8080"]
[INFO]2024-07-05 16:32:14,446 - Starting service [Tomcat]
[INFO]2024-07-05 16:32:14,446 - Starting Servlet engine: [Apache Tomcat/9.0.76]
[INFO]2024-07-05 16:32:14,503 - Initializing Spring embedded WebApplicationContext
[INFO]2024-07-05 16:32:14,503 - Root WebApplicationContext: initialization completed in 1158 ms
[INFO]2024-07-05 16:32:14,604 - HikariPool-1 - Starting...
[WARN]2024-07-05 16:32:14,606 - Registered driver with driverClassName=com.mysql.jdbc.Driver was not found, trying direct instantiation.
[INFO]2024-07-05 16:32:14,694 - HikariPool-1 - Start completed.
[INFO]2024-07-05 16:32:14,753 - HHH000412: Hibernate ORM core version 5.6.15.Final
[INFO]2024-07-05 16:32:14,833 - HCANN000001: Hibernate Commons Annotations {5.1.2.Final}
[INFO]2024-07-05 16:32:14,901 - HHH000400: Using dialect: org.hibernate.dialect.MySQL55Dialect
[INFO]2024-07-05 16:32:14,983 - HHH000490: Using JtaPlatform implementation: [org.hibernate.engine.transaction.jta.platform.internal.NoJtaPlatform]
[INFO]2024-07-05 16:32:14,990 - Initialized JPA EntityManagerFactory for persistence unit 'default'
[INFO]2024-07-05 16:32:15,412 - 自定义Redis配置--
[WARN]2024-07-05 16:32:15,452 - spring.jpa.open-in-view is enabled by default. Therefore, database queries may be performed during view rendering. Explicitly configure spring.jpa.open-in-view to disable this warning
[INFO]2024-07-05 16:32:15,564 - Adding welcome page template: index
[INFO]2024-07-05 16:32:15,787 - LiveReload server is running on port 35729
[INFO]2024-07-05 16:32:15,803 - Starting ProtocolHandler ["http-nio-8080"]
[INFO]2024-07-05 16:32:15,816 - Tomcat started on port(s): 8080 (http) with context path ''
[INFO]2024-07-05 16:32:15,830 - Started SpringbootApplication in 2.836 seconds (JVM running for 3.419)
[INFO]2024-07-05 16:32:17,247 - Initializing Spring DispatcherServlet 'dispatcherServlet'
[INFO]2024-07-05 16:32:17,247 - Initializing Servlet 'dispatcherServlet'
[INFO]2024-07-05 16:32:17,248 - Completed initialization in 1 ms
[WARN]2024-07-05 16:38:10,474 - Resolved [org.springframework.http.converter.HttpMessageNotReadableException: Required request body is missing: public com.hwadee.springboot.entity.Result com.hwadee.springboot.controller.VolunteerController.getVolunteerDetailByTeamId(java.util.Map<java.lang.String, java.lang.String>)]
[WARN]2024-07-05 16:38:10,826 - Resolved [org.springframework.http.converter.HttpMessageNotReadableException: Required request body is missing: public com.hwadee.springboot.entity.Result com.hwadee.springboot.controller.VolunteerController.getVolunteerDetailByTeamId(java.util.Map<java.lang.String, java.lang.String>)]
[INFO]2024-07-05 16:44:23,038 - Closing JPA EntityManagerFactory for persistence unit 'default'
[INFO]2024-07-05 16:44:23,041 - HikariPool-1 - Shutdown initiated...
[INFO]2024-07-05 16:44:23,047 - HikariPool-1 - Shutdown completed.
[INFO]2024-07-05 16:44:29,823 - Starting SpringbootApplication using Java 20.0.1 on LAPTOP-L2BN52PD with PID 18860 (E:\shixi\springboot\target\classes started by jiaoy in E:\shixi\springboot)
[INFO]2024-07-05 16:44:29,824 - No active profile set, falling back to 1 default profile: "default"
[INFO]2024-07-05 16:44:29,867 - Devtools property defaults active! Set 'spring.devtools.add-properties' to 'false' to disable
[INFO]2024-07-05 16:44:29,867 - For additional web related logging consider setting the 'logging.level.web' property to 'DEBUG'
[INFO]2024-07-05 16:44:30,604 - Multiple Spring Data modules found, entering strict repository configuration mode
[INFO]2024-07-05 16:44:30,604 - Bootstrapping Spring Data JPA repositories in DEFAULT mode.
[INFO]2024-07-05 16:44:30,626 - Finished Spring Data repository scanning in 11 ms. Found 0 JPA repository interfaces.
[INFO]2024-07-05 16:44:30,641 - Multiple Spring Data modules found, entering strict repository configuration mode
[INFO]2024-07-05 16:44:30,642 - Bootstrapping Spring Data Redis repositories in DEFAULT mode.
[INFO]2024-07-05 16:44:30,652 - Finished Spring Data repository scanning in 4 ms. Found 0 Redis repository interfaces.
[INFO]2024-07-05 16:44:31,166 - Tomcat initialized with port(s): 8080 (http)
[INFO]2024-07-05 16:44:31,166 - Loaded Apache Tomcat Native library [1.3.0] using APR version [1.7.4].
[INFO]2024-07-05 16:44:31,167 - APR capabilities: IPv6 [true], sendfile [true], accept filters [false], random [true], UDS [true].
[INFO]2024-07-05 16:44:31,167 - APR/OpenSSL configuration: useAprConnector [false], useOpenSSL [true]
[INFO]2024-07-05 16:44:31,172 - OpenSSL successfully initialized [OpenSSL 3.0.13 30 Jan 2024]
[INFO]2024-07-05 16:44:31,177 - Initializing ProtocolHandler ["http-nio-8080"]
[INFO]2024-07-05 16:44:31,178 - Starting service [Tomcat]
[INFO]2024-07-05 16:44:31,178 - Starting Servlet engine: [Apache Tomcat/9.0.76]
[INFO]2024-07-05 16:44:31,234 - Initializing Spring embedded WebApplicationContext
[INFO]2024-07-05 16:44:31,234 - Root WebApplicationContext: initialization completed in 1366 ms
[INFO]2024-07-05 16:44:31,345 - HikariPool-1 - Starting...
[WARN]2024-07-05 16:44:31,346 - Registered driver with driverClassName=com.mysql.jdbc.Driver was not found, trying direct instantiation.
[INFO]2024-07-05 16:44:31,436 - HikariPool-1 - Start completed.
[INFO]2024-07-05 16:44:31,501 - HHH000412: Hibernate ORM core version 5.6.15.Final
[INFO]2024-07-05 16:44:31,586 - HCANN000001: Hibernate Commons Annotations {5.1.2.Final}
[INFO]2024-07-05 16:44:31,664 - HHH000400: Using dialect: org.hibernate.dialect.MySQL55Dialect
[INFO]2024-07-05 16:44:31,759 - HHH000490: Using JtaPlatform implementation: [org.hibernate.engine.transaction.jta.platform.internal.NoJtaPlatform]
[INFO]2024-07-05 16:44:31,766 - Initialized JPA EntityManagerFactory for persistence unit 'default'
[INFO]2024-07-05 16:44:32,238 - 自定义Redis配置--
[WARN]2024-07-05 16:44:32,284 - spring.jpa.open-in-view is enabled by default. Therefore, database queries may be performed during view rendering. Explicitly configure spring.jpa.open-in-view to disable this warning
[INFO]2024-07-05 16:44:32,423 - Adding welcome page template: index
[INFO]2024-07-05 16:44:32,674 - LiveReload server is running on port 35729
[INFO]2024-07-05 16:44:32,694 - Starting ProtocolHandler ["http-nio-8080"]
[INFO]2024-07-05 16:44:32,708 - Tomcat started on port(s): 8080 (http) with context path ''
[INFO]2024-07-05 16:44:32,723 - Started SpringbootApplication in 3.226 seconds (JVM running for 3.889)
[INFO]2024-07-05 16:44:42,342 - Initializing Spring DispatcherServlet 'dispatcherServlet'
[INFO]2024-07-05 16:44:42,343 - Initializing Servlet 'dispatcherServlet'
[INFO]2024-07-05 16:44:42,344 - Completed initialization in 1 ms
[INFO]2024-07-05 16:47:11,559 - Closing JPA EntityManagerFactory for persistence unit 'default'
[INFO]2024-07-05 16:47:11,563 - HikariPool-1 - Shutdown initiated...
[INFO]2024-07-05 16:47:11,571 - HikariPool-1 - Shutdown completed.
[INFO]2024-07-05 16:47:17,050 - Starting SpringbootApplication using Java 20.0.1 on LAPTOP-L2BN52PD with PID 6592 (E:\shixi\springboot\target\classes started by jiaoy in E:\shixi\springboot)
[INFO]2024-07-05 16:47:17,050 - No active profile set, falling back to 1 default profile: "default"
[INFO]2024-07-05 16:47:17,094 - Devtools property defaults active! Set 'spring.devtools.add-properties' to 'false' to disable
[INFO]2024-07-05 16:47:17,094 - For additional web related logging consider setting the 'logging.level.web' property to 'DEBUG'
[INFO]2024-07-05 16:47:17,687 - Multiple Spring Data modules found, entering strict repository configuration mode
[INFO]2024-07-05 16:47:17,687 - Bootstrapping Spring Data JPA repositories in DEFAULT mode.
[INFO]2024-07-05 16:47:17,702 - Finished Spring Data repository scanning in 8 ms. Found 0 JPA repository interfaces.
[INFO]2024-07-05 16:47:17,714 - Multiple Spring Data modules found, entering strict repository configuration mode
[INFO]2024-07-05 16:47:17,715 - Bootstrapping Spring Data Redis repositories in DEFAULT mode.
[INFO]2024-07-05 16:47:17,725 - Finished Spring Data repository scanning in 4 ms. Found 0 Redis repository interfaces.
[INFO]2024-07-05 16:47:18,164 - Tomcat initialized with port(s): 8080 (http)
[INFO]2024-07-05 16:47:18,165 - Loaded Apache Tomcat Native library [1.3.0] using APR version [1.7.4].
[INFO]2024-07-05 16:47:18,166 - APR capabilities: IPv6 [true], sendfile [true], accept filters [false], random [true], UDS [true].
[INFO]2024-07-05 16:47:18,166 - APR/OpenSSL configuration: useAprConnector [false], useOpenSSL [true]
[INFO]2024-07-05 16:47:18,170 - OpenSSL successfully initialized [OpenSSL 3.0.13 30 Jan 2024]
[INFO]2024-07-05 16:47:18,175 - Initializing ProtocolHandler ["http-nio-8080"]
[INFO]2024-07-05 16:47:18,176 - Starting service [Tomcat]
[INFO]2024-07-05 16:47:18,176 - Starting Servlet engine: [Apache Tomcat/9.0.76]
[INFO]2024-07-05 16:47:18,236 - Initializing Spring embedded WebApplicationContext
[INFO]2024-07-05 16:47:18,236 - Root WebApplicationContext: initialization completed in 1142 ms
[INFO]2024-07-05 16:47:18,339 - HikariPool-1 - Starting...
[WARN]2024-07-05 16:47:18,340 - Registered driver with driverClassName=com.mysql.jdbc.Driver was not found, trying direct instantiation.
[INFO]2024-07-05 16:47:18,425 - HikariPool-1 - Start completed.
[INFO]2024-07-05 16:47:18,491 - HHH000412: Hibernate ORM core version 5.6.15.Final
[INFO]2024-07-05 16:47:18,572 - HCANN000001: Hibernate Commons Annotations {5.1.2.Final}
[INFO]2024-07-05 16:47:18,641 - HHH000400: Using dialect: org.hibernate.dialect.MySQL55Dialect
[INFO]2024-07-05 16:47:18,727 - HHH000490: Using JtaPlatform implementation: [org.hibernate.engine.transaction.jta.platform.internal.NoJtaPlatform]
[INFO]2024-07-05 16:47:18,736 - Initialized JPA EntityManagerFactory for persistence unit 'default'
[INFO]2024-07-05 16:47:19,161 - 自定义Redis配置--
[WARN]2024-07-05 16:47:19,206 - spring.jpa.open-in-view is enabled by default. Therefore, database queries may be performed during view rendering. Explicitly configure spring.jpa.open-in-view to disable this warning
[INFO]2024-07-05 16:47:19,314 - Adding welcome page template: index
[INFO]2024-07-05 16:47:19,532 - LiveReload server is running on port 35729
[INFO]2024-07-05 16:47:19,548 - Starting ProtocolHandler ["http-nio-8080"]
[INFO]2024-07-05 16:47:19,562 - Tomcat started on port(s): 8080 (http) with context path ''
[INFO]2024-07-05 16:47:19,577 - Started SpringbootApplication in 2.845 seconds (JVM running for 3.498)
[INFO]2024-07-05 16:47:26,594 - Initializing Spring DispatcherServlet 'dispatcherServlet'
[INFO]2024-07-05 16:47:26,594 - Initializing Servlet 'dispatcherServlet'
[INFO]2024-07-05 16:47:26,595 - Completed initialization in 1 ms
[INFO]2024-07-05 16:54:39,666 - Closing JPA EntityManagerFactory for persistence unit 'default'
[INFO]2024-07-05 16:54:39,668 - HikariPool-1 - Shutdown initiated...
[INFO]2024-07-05 16:54:39,673 - HikariPool-1 - Shutdown completed.
[INFO]2024-07-05 16:54:43,316 - Starting SpringbootApplication using Java 20.0.1 on LAPTOP-L2BN52PD with PID 44840 (E:\shixi\springboot\target\classes started by jiaoy in E:\shixi\springboot)
[INFO]2024-07-05 16:54:43,317 - No active profile set, falling back to 1 default profile: "default"
[INFO]2024-07-05 16:54:43,365 - Devtools property defaults active! Set 'spring.devtools.add-properties' to 'false' to disable
[INFO]2024-07-05 16:54:43,365 - For additional web related logging consider setting the 'logging.level.web' property to 'DEBUG'
[INFO]2024-07-05 16:54:43,990 - Multiple Spring Data modules found, entering strict repository configuration mode
[INFO]2024-07-05 16:54:43,991 - Bootstrapping Spring Data JPA repositories in DEFAULT mode.
[INFO]2024-07-05 16:54:44,006 - Finished Spring Data repository scanning in 8 ms. Found 0 JPA repository interfaces.
[INFO]2024-07-05 16:54:44,015 - Multiple Spring Data modules found, entering strict repository configuration mode
[INFO]2024-07-05 16:54:44,016 - Bootstrapping Spring Data Redis repositories in DEFAULT mode.
[INFO]2024-07-05 16:54:44,024 - Finished Spring Data repository scanning in 3 ms. Found 0 Redis repository interfaces.
[INFO]2024-07-05 16:54:44,464 - Tomcat initialized with port(s): 8080 (http)
[INFO]2024-07-05 16:54:44,465 - Loaded Apache Tomcat Native library [1.3.0] using APR version [1.7.4].
[INFO]2024-07-05 16:54:44,465 - APR capabilities: IPv6 [true], sendfile [true], accept filters [false], random [true], UDS [true].
[INFO]2024-07-05 16:54:44,465 - APR/OpenSSL configuration: useAprConnector [false], useOpenSSL [true]
[INFO]2024-07-05 16:54:44,469 - OpenSSL successfully initialized [OpenSSL 3.0.13 30 Jan 2024]
[INFO]2024-07-05 16:54:44,475 - Initializing ProtocolHandler ["http-nio-8080"]
[INFO]2024-07-05 16:54:44,477 - Starting service [Tomcat]
[INFO]2024-07-05 16:54:44,477 - Starting Servlet engine: [Apache Tomcat/9.0.76]
[INFO]2024-07-05 16:54:44,538 - Initializing Spring embedded WebApplicationContext
[INFO]2024-07-05 16:54:44,538 - Root WebApplicationContext: initialization completed in 1172 ms
[INFO]2024-07-05 16:54:44,644 - HikariPool-1 - Starting...
[WARN]2024-07-05 16:54:44,646 - Registered driver with driverClassName=com.mysql.jdbc.Driver was not found, trying direct instantiation.
[INFO]2024-07-05 16:54:44,738 - HikariPool-1 - Start completed.
[INFO]2024-07-05 16:54:44,801 - HHH000412: Hibernate ORM core version 5.6.15.Final
[INFO]2024-07-05 16:54:44,889 - HCANN000001: Hibernate Commons Annotations {5.1.2.Final}
[INFO]2024-07-05 16:54:44,958 - HHH000400: Using dialect: org.hibernate.dialect.MySQL55Dialect
[INFO]2024-07-05 16:54:45,038 - HHH000490: Using JtaPlatform implementation: [org.hibernate.engine.transaction.jta.platform.internal.NoJtaPlatform]
[INFO]2024-07-05 16:54:45,045 - Initialized JPA EntityManagerFactory for persistence unit 'default'
[INFO]2024-07-05 16:54:45,504 - 自定义Redis配置--
[WARN]2024-07-05 16:54:45,553 - spring.jpa.open-in-view is enabled by default. Therefore, database queries may be performed during view rendering. Explicitly configure spring.jpa.open-in-view to disable this warning
[INFO]2024-07-05 16:54:45,664 - Adding welcome page template: index
[INFO]2024-07-05 16:54:45,887 - LiveReload server is running on port 35729
[INFO]2024-07-05 16:54:45,909 - Starting ProtocolHandler ["http-nio-8080"]
[INFO]2024-07-05 16:54:45,926 - Tomcat started on port(s): 8080 (http) with context path ''
[INFO]2024-07-05 16:54:45,940 - Started SpringbootApplication in 2.954 seconds (JVM running for 3.564)
[INFO]2024-07-05 16:54:46,081 - Initializing Spring DispatcherServlet 'dispatcherServlet'
[INFO]2024-07-05 16:54:46,081 - Initializing Servlet 'dispatcherServlet'
[INFO]2024-07-05 16:54:46,082 - Completed initialization in 1 ms
[WARN]2024-07-05 18:06:17,294 - HikariPool-1 - Thread starvation or clock leap detected (housekeeper delta=12m1s553ms237µs).
[WARN]2024-07-05 22:58:50,985 - HikariPool-1 - Thread starvation or clock leap detected (housekeeper delta=38m59s878ms112µs900ns).
[INFO]2024-07-05 23:38:47,370 - Closing JPA EntityManagerFactory for persistence unit 'default'
[INFO]2024-07-05 23:38:47,378 - HikariPool-1 - Shutdown initiated...
[INFO]2024-07-05 23:38:47,382 - HikariPool-1 - Shutdown completed.
